instID,church_type,instName,language,instNote,placeName,region,county_orig,county_reg,city_orig,city_reg,state_orig,state_reg,latitude,longitude,attendingInstID,attendingChurch,attendingChurchFrequency,attendingChurchNote,persID,persTitle,persName,persSuffix,persRole,persNote,memberType,member,affiliated,year,diocese,diocese_reg
﻿alt.il.0001,﻿cathedral,﻿Cathedral of SS. Peter and Paul,English,,,,﻿Madison County,﻿Madison County,﻿Alton,﻿Alton,﻿IL,,38.8953847,-90.1902021,,,,,﻿h_d_juncker_001,﻿Rt. Rev.,﻿H. D. Juncker,﻿D.D.,,,,,,1867,﻿Alton,Alton
﻿alt.il.0001,﻿cathedral,﻿Cathedral of SS. Peter and Paul,English,,,,﻿Madison County,﻿Madison County,﻿Alton,﻿Alton,﻿IL,,38.8953847,-90.1902021,,,,,﻿jam_harty_001,﻿Rev.,﻿James Hartz,,,,,,,1867,﻿Alton,Alton
﻿alt.il.0001,﻿cathedral,﻿Cathedral of SS. Peter and Paul,English,,,,﻿Madison County,﻿Madison County,﻿Alton,﻿Alton,﻿IL,,38.8953847,-90.1902021,,,,,﻿joh_osullivan_001,﻿Rev.,﻿John O'Sullivan,,,,,,,1867,﻿Alton,Alton
﻿alt.il.0001,﻿cathedral,﻿Cathedral of SS. Peter and Paul,English,,,,﻿Madison County,﻿Madison County,﻿Alton,﻿Alton,﻿IL,,38.8953847,-90.1902021,,,,,﻿j_janssen_001,﻿Rev.,﻿J. Janssen,,,,,,,1867,﻿Alton,Alton
﻿alt.il.0002,﻿church,﻿St. Mary's,English,﻿German,,,﻿Madison County,﻿Madison County,﻿Alton,﻿Alton,﻿IL,,38.8911797,-90.1782179,,,,,﻿f_ostrop_001,﻿Rev.,﻿F. Ostrop,,,,,,,1867,﻿Alton,Alton
﻿alt.il.0004,﻿church,not recorded,English,﻿vacant,,,﻿Union County,﻿Union County,﻿Anna,﻿Anna,﻿IL,,37.4571319,-89.2483621,,,,,,,,,,,,,,1867,﻿Alton,Alton
﻿alt.il.0005,﻿chapel,not recorded,English,,,,﻿Douglas County,﻿Douglas County,﻿Arcola,﻿Arcola,﻿IL,,39.6827531,-88.305899,﻿alt.il.0069,﻿Attended from Mattoon,,,,,,,,,,,,1867,﻿Alton,Alton
﻿alt.il.0007,﻿church,not recorded,English,,,,﻿Christian County,﻿Christian County,﻿Assumption,﻿Assumption,﻿IL,,39.5034741,-89.0752499,,,,,﻿p_j_bedard_001,﻿Rev.,﻿Peter I. Bedard,,,,,,,1867,﻿Alton,Alton
﻿alt.il.0008,﻿church,﻿St. Francis of Assisium,English,,,,﻿Clinton County,﻿Clinton County,﻿Aviston,﻿Aviston,﻿IL,,38.6060976,-89.6075446,,,,,﻿h_böcker_001,﻿Rev.,﻿H. Boecker,,,,,,,1867,﻿Alton,Alton
﻿alt.il.0009,﻿church,﻿St. Alexius',English,,,,﻿Cass County,﻿Cass County,﻿Beardstown,﻿Beardstown,﻿IL,,40.0138223,-90.4339146,,,,,﻿p_rustemeyer_001,﻿Rev.,﻿Peter Rustemeyer,,,,,,,1867,﻿Alton,Alton
﻿alt.il.0010,﻿church,﻿St. Peter's,English,,,,﻿St. Clair County,﻿St. Clair County,﻿Belleville,﻿Belleville,﻿IL,,38.5267145,-89.9855388,,,,,﻿p_j_baltes_001,﻿Very Rev.,﻿P. I. Baltes,,,,,,,1867,﻿Alton,Alton
﻿alt.il.0010,﻿church,﻿St. Peter's,English,,,,﻿St. Clair County,﻿St. Clair County,﻿Belleville,﻿Belleville,﻿IL,,38.5267145,-89.9855388,,,,,﻿a_pinkers_001,﻿Rev.,﻿A. Pinkers,,,,,,,1867,﻿Alton,Alton
﻿alt.il.0011,﻿church,not recorded,English,,,,﻿Madison County,﻿Madison County,﻿Bethalto,﻿Bethalto,﻿IL,,38.8955217,-90.0314525,﻿alt.il.0019,﻿Attended from Bunker Hill,,,,,,,,,,,,1867,﻿Alton,Alton
﻿alt.il.0012,﻿church,﻿St. Aloysius,English,,,,﻿Effingham County,﻿Effingham County,﻿Bishop,﻿Bishop Township,﻿IL,,39.0395893,-88.4210006,﻿alt.il.0216,﻿Attended by Rev. Peter Weiss O.S.F.,,,,,,,,,,,,1867,﻿Alton,Alton
﻿alt.il.0013,﻿church,﻿St. John's,English,,,,﻿Madison County,﻿St. Louis County,﻿Black Jack,﻿Black Jack,﻿IL,﻿MO,38.9041402,-89.9253233,﻿alt.il.0060,﻿Attended from Lebanon,,,,,,,,,,,,1867,﻿Alton,Alton
﻿alt.il.0014,﻿church,not recorded,English,﻿vacant,﻿Fowler Station P.O.,,﻿Adams County,﻿Adams County,﻿Bloomfield,﻿Ellington Township,﻿IL,,39.9724918,-91.226486,,,,,,,,,,,,,,1867,﻿Alton,Alton
﻿alt.il.0017,﻿church,not recorded,English,,,,﻿Macoupin County,﻿Macoupin County,﻿Brighton,﻿Brighton,﻿IL,,39.0483333,-90.1416667,﻿alt.il.0222,﻿Attended from Alton,,,,,,,,,,,,1867,﻿Alton,Alton
﻿alt.il.0018,﻿church,﻿Immaculate Conception,English,,﻿News P.O.,,﻿Calhoun County,﻿Calhoun County,﻿Brussels,﻿Brussels,﻿IL,,38.9489532,-90.5879265,,,,,,﻿Rev.,﻿J. Mark,,,,,,,1867,﻿Alton,Alton
﻿alt.il.0019,﻿church,not recorded,English,,,,﻿Macoupin County,﻿Macoupin County,﻿Bunker Hill,﻿Bunker Hill,﻿IL,,39.0428239,-89.951769,,,,,﻿p_j_ohalloran_001,﻿Rev.,﻿Patrick I. O'Halloran,,,,,,,1867,﻿Alton,Alton
﻿alt.il.0020,﻿church,﻿Holy Family,English,,,,﻿St. Clair County,﻿St. Clair County,﻿Cahokia,﻿Cahokia Heights,﻿IL,,38.5700824,-90.1892805,,,,,﻿p_doutreluigne_001,﻿Rev.,﻿P. Doutreligne,﻿C.M.,,,,,,1867,﻿Alton,Alton
﻿alt.il.0021,﻿church,﻿St. Patrick's,English,,,,﻿Alexander County,﻿Alexander County,﻿Cairo,﻿Cairo,﻿IL,,36.9997738,-89.1686826,,,,,﻿l_j_lambert_001,﻿Rev.,﻿L. J. Lambert,,,,,,,1867,﻿Alton,Alton
﻿alt.il.0021,﻿church,﻿St. Patrick's,English,,,,﻿Alexander County,﻿Alexander County,﻿Cairo,﻿Cairo,﻿IL,,36.9997738,-89.1686826,,,,,﻿p_brady_002,﻿Rev.,﻿Patrick Brady,,,,,,,1867,﻿Alton,Alton
﻿alt.il.0022,﻿church,not recorded,English,,,,﻿Adams County,﻿Adams County,﻿Camppoint,﻿Camp Point,﻿IL,,40.0371369,-91.064625,﻿alt.il.0073,﻿Attended from Mount Sterling,,,,,,,,,,,,1867,﻿Alton,Alton
﻿alt.il.0023,﻿church,﻿Immaculate Conception,English,,,,﻿Macoupin County,﻿Macoupin County,﻿Carlinville,﻿Carlinville,﻿IL,,﻿#REF!,﻿#REF!,,,,,﻿f_schreiber_001,﻿Rev.,﻿Fr. Schreiber,,,,,,,1867,﻿Alton,Alton
﻿alt.il.0025,﻿church,﻿St. Mary's,English,,,,﻿Clinton County,﻿Clinton County,﻿Carlyle,﻿Carlyle,﻿IL,,﻿#REF!,﻿#REF!,,,,,﻿cle_sieghardt_001,﻿Rev.,﻿Clem. Sieghardt,,,,,,,1867,﻿Alton,Alton
﻿alt.il.0026,﻿church,not recorded,English,﻿vacant,,,﻿Greene County,﻿Greene County,﻿Carrollton,﻿Carrollton,﻿IL,,﻿#REF!,﻿#REF!,,,,,,,,,,,,,,1867,﻿Alton,Alton
﻿alt.il.0027,﻿church,﻿Immaculate Conception,English,,,,﻿St. Clair County,﻿St. Clair County,﻿Centreville Station,﻿Centreville Township,﻿IL,,﻿#REF!,﻿#REF!,﻿alt.il.0020,﻿Attended from Cahokia,,,,,,,,,,,,1867,﻿Alton,Alton
﻿alt.il.0028,﻿church,﻿Assumption of the Blessed Virgin Mary,English,,,,﻿Marion County,﻿Marion County,﻿Centralia,﻿Centralia,﻿IL,,﻿#REF!,﻿#REF!,,,,,﻿tho_walsh_004,﻿Rev.,﻿Thomas Walsh,,,,,,,1867,﻿Alton,Alton
﻿alt.il.0029,﻿church,not recorded,English,,,,﻿Coles County,﻿Coles County,﻿Charleston,﻿Charleston,﻿IL,,﻿#REF!,﻿#REF!,,,,,﻿den_tierney_001,﻿Rev.,﻿Denis Tierney,,,,,,,1867,﻿Alton,Alton
﻿alt.il.0030,﻿church,﻿Help of Christians,English,,,,﻿Randolph County,﻿Randolph County,﻿Chester,﻿Chester,﻿IL,,﻿#REF!,﻿#REF!,,,,,,﻿Rev.,﻿Gerh. Lueken,,,,,,,1867,﻿Alton,Alton
﻿alt.il.0031,﻿church,﻿St. Paul's,English,,,,﻿Madison County,﻿Madison County,﻿Collinsville,﻿Collinsville,﻿IL,,﻿#REF!,﻿#REF!,﻿alt.il.0037,﻿Attended from East St. Louis,,,,,,,,,,,,1867,﻿Alton,Alton
﻿alt.il.0032,﻿church,﻿Immaculate Conception,English,,,,﻿Monroe County,﻿Monroe County,﻿Columbia,﻿Columbia,﻿IL,,﻿#REF!,﻿#REF!,,,,,﻿jul_maurer_001,﻿Rev.,﻿Julius Maurer,,,,,,,1867,﻿Alton,Alton
﻿alt.il.0033,﻿church,﻿St. Damian's,English,,,,﻿Clinton County,﻿Clinton County,﻿Damiansville,﻿Damiansville,﻿IL,,﻿#REF!,﻿#REF!,,,,,﻿f_chmelicék_001,﻿Rev.,﻿F. Chmelicék,,,,,,,1867,﻿Alton,Alton
﻿alt.il.0034,﻿church,﻿St. Patrick's,English,,,,﻿Macon County,﻿Macon County,﻿Decatur,﻿Decatur,﻿IL,,﻿#REF!,﻿#REF!,,,,,﻿a_vogt_001,﻿Rev.,﻿A. Vogt,,,,,,,1867,﻿Alton,Alton
﻿alt.il.0034,﻿church,﻿St. Patrick's,English,,,,﻿Macon County,﻿Macon County,﻿Decatur,﻿Decatur,﻿IL,,﻿#REF!,﻿#REF!,,,,,,﻿Rev.,﻿Aug. L. Hinzelin,,,,,,,1867,﻿Alton,Alton
﻿alt.il.0035,﻿church,﻿St. Patrick's,English,,,,﻿White County,,﻿Dolan Settlement,,﻿IL,,﻿#REF!,﻿#REF!,﻿alt.il.0048,﻿Attended from Mt. St. John,,,,,,,,,,,,1867,﻿Alton,Alton
﻿alt.il.0037,﻿church,﻿St. Patrick's,English,,,,﻿St. Clair County,﻿St. Clair County,﻿East St. Louis,﻿East St. Louis,﻿IL,,﻿#REF!,﻿#REF!,,,,,﻿f_h_zabel_001,﻿Rev.,﻿F. H. Zabel,,,,,,,1867,﻿Alton,Alton
﻿alt.il.0037,﻿church,﻿St. Patrick's,English,,,,﻿St. Clair County,﻿St. Clair County,﻿East St. Louis,﻿East St. Louis,﻿IL,,﻿#REF!,﻿#REF!,,,,,,﻿Rev.,﻿A.B. Rinckes,,,,,,,1867,﻿Alton,Alton
﻿alt.il.0039,﻿church,not recorded,English,,,,﻿Effingham County,﻿Effingham County,﻿Edgewood,﻿Edgewood,﻿IL,,﻿#REF!,﻿#REF!,﻿alt.il.0127,﻿Attended from Teutopolis,,,,,,,,,,,,1867,﻿Alton,Alton
﻿alt.il.0040,﻿church,﻿Immaculate Conception,English,,,,﻿Madison County,﻿Madison County,﻿Edwardsville,﻿Edwardsville,﻿IL,,﻿#REF!,﻿#REF!,,,,,﻿w_kischenbuch_001,﻿Rev.,﻿W. Kuchenbuch,,,,,,,1867,﻿Alton,Alton
﻿alt.il.0042,﻿church,﻿St. Anthony's,English,,,,﻿Effingham County,﻿Effingham County,﻿Effingham,﻿Effingham,﻿IL,,﻿#REF!,﻿#REF!,,﻿Attended by Rev. H. Hoffmans O.S.F.,,,,,,,,,,,,1867,﻿Alton,Alton
﻿alt.il.0042,﻿church,﻿St. Anthony's,English,,,,﻿Washington County,﻿Washington County,﻿Elkhorn,﻿Elkhorn,﻿IL,,﻿#REF!,﻿#REF!,﻿alt.il.0108,﻿Attended from St. Libori,,,,,,,,,,,,1867,﻿Alton,Alton
﻿alt.il.0043,﻿church,﻿St. Joseph's,English,,,,﻿Randolph County,﻿Randolph County,﻿Evansville,﻿Evansville,﻿IL,,﻿#REF!,﻿#REF!,﻿alt.il.0243,﻿Attended from Chester,,,,,,,,,,,,1867,﻿Alton,Alton
﻿alt.il.0044,﻿church,﻿St. Pancratius's,English,,,,﻿St. Clair County,﻿St. Clair County,﻿Fayetteville,﻿Fayetteville,﻿IL,,﻿#REF!,﻿#REF!,,,,,﻿g_tuerk_001,﻿Rev.,﻿George Tuerk,,,,,,,1867,﻿Alton,Alton
﻿alt.il.0045,﻿church,not recorded,English,,,,﻿Clay County,﻿Clay County,﻿Flora,﻿Flora,﻿IL,,﻿#REF!,﻿#REF!,﻿alt.il.0084,﻿Attended from Olney,,,,,,,,,,,,1867,﻿Alton,Alton
﻿alt.il.0046,﻿church,﻿St. Joseph's,English,,,,﻿St. Clair County,﻿St. Clair County,﻿Freeburg,﻿Freeburg,﻿IL,,﻿#REF!,﻿#REF!,,,,,﻿f_trojan_001,﻿Rev.,﻿Fr. Trojan,,,,,,,1867,﻿Alton,Alton
﻿alt.il.0047,﻿church,﻿St. Philip's,English,,﻿French Village,,﻿St. Clair County,﻿St. Clair County,﻿French Village,﻿Fairview Heights,﻿IL,,﻿#REF!,﻿#REF!,,,,,﻿adr_de-montaubrieq_001,﻿Rev.,﻿Adr. De Montaubrieq,,,,,,,1867,﻿Alton,Alton
﻿alt.il.0049,﻿church,﻿St. Henry's,English,,,,﻿Clinton County,﻿Clinton County,﻿Germantown,﻿Germantown,﻿IL,,﻿#REF!,﻿#REF!,,,,,﻿b_bartels_001,﻿Rev.,﻿Barth Bartels,,,,,,,1867,﻿Alton,Alton
﻿alt.il.0051,﻿church,﻿Help of Christians,English,,,,﻿Effingham County,﻿Effingham County,﻿Green Creek,﻿Green Creek,﻿IL,,﻿#REF!,﻿#REF!,,"﻿Attended by Rev. E. Puers, O.S.F.",,,,,,,,,,,,1867,﻿Alton,Alton
﻿alt.il.0052,﻿church,not recorded,English,,,,﻿Pike County,﻿Pike County,﻿Griggsville,﻿Griggsville,﻿IL,,﻿#REF!,﻿#REF!,﻿alt.il.0089,﻿Attended from Pittsfield,,,,,,,,,,,,1867,﻿Alton,Alton
﻿alt.il.0110,﻿church,﻿St. Michael's,English,,,,﻿Calhoun County,﻿Calhoun County,﻿Hardin,﻿Hardin,﻿IL,,﻿#REF!,﻿#REF!,﻿alt.il.0018,﻿Attended from Bruxelles,,,,,,,,,,,,1867,﻿Alton,Alton
﻿alt.il.0053,﻿church,not recorded,English,,,,﻿Monroe County,﻿Monroe County,﻿Harrisonville,﻿Harrisonville,﻿IL,,﻿#REF!,﻿#REF!,﻿alt.il.0261,﻿Attended from Madonnaville,,,,,,,,,,,,1867,﻿Alton,Alton
﻿alt.il.0054,﻿church,﻿St. Paul's,English,,,,﻿Madison County,﻿Madison County,﻿Highland,﻿Highland,﻿IL,,﻿#REF!,﻿#REF!,,,,,﻿p_peters_001,﻿Rev.,﻿P. Peters,,,,,,,1867,﻿Alton,Alton
﻿alt.il.0056,﻿church,not recorded,English,,,,﻿Sangamon County,﻿Sangamon County,﻿Illiopolis,﻿Illiopolis,﻿IL,,﻿#REF!,﻿#REF!,﻿alt.il.0034,﻿Attended from Decatur,,,,,,,,,,,,1867,﻿Alton,Alton
﻿alt.il.0057,﻿church,not recorded,English,,,,﻿Morgan County,﻿Morgan County,﻿Jacksonville,﻿Jacksonville,﻿IL,,﻿#REF!,﻿#REF!,,,,,﻿jos_costa_001,﻿Rev.,﻿Joseph Costa,﻿O.C.,,,,,,1867,﻿Alton,Alton
﻿alt.il.0058,﻿church,﻿St. Francis,English,,,,﻿Jersey County,﻿Jersey County,﻿Jerseyville,﻿Jerseyville,﻿IL,,﻿#REF!,﻿#REF!,,,,,,﻿Rev.,﻿H. Hoven,,,,,,,1867,﻿Alton,Alton
﻿alt.il.0059,﻿church,﻿Immaculate Conception,English,,,,﻿Randolph County,﻿Randolph County,﻿Kaskaskia,﻿Kaskaskia,﻿IL,,﻿#REF!,﻿#REF!,,,,,,﻿Rev.,﻿J. A. Jacque,,,,,,,1867,﻿Alton,Alton
﻿alt.il.0060,﻿church,﻿St. Joseph's,English,,,,﻿St. Clair County,﻿St. Clair County,﻿Lebanon,﻿Lebanon,﻿IL,,﻿#REF!,﻿#REF!,,,,,﻿ant_rustige_001,﻿Rev.,﻿Anth. Rustige,,,,,,,1867,﻿Alton,Alton
﻿alt.il.0061,﻿church,﻿Assumption of the Blessed Virgin Mary,English,,,,﻿Montgomery County,﻿Montgomery County,﻿Litchfield,﻿Litchfield,﻿IL,,﻿#REF!,﻿#REF!,,,,,﻿cha_gonant_001,﻿Rev.,﻿Charles Gonant,,,,,,,1867,﻿Alton,Alton
﻿alt.il.0063,﻿church,not recorded,English,,,,﻿Fayette County,﻿Fayette County,﻿London or Howard's Point,﻿Wrights Corner,﻿IL,,﻿#REF!,﻿#REF!,﻿alt.il.0127,﻿Attended from Teutopolis,,,,,,,,,,,,1867,﻿Alton,Alton
﻿alt.il.0064,﻿church,not recorded,English,,,,﻿Macon County,﻿Macon County,﻿Macon Station,﻿Macon,﻿IL,,﻿#REF!,﻿#REF!,﻿alt.il.0034,﻿Attended from Decatur,,,,,,,,,,,,1867,﻿Alton,Alton
﻿alt.il.0065,﻿church,﻿St. Mary's,English,﻿vacant,,,﻿Madison County,﻿Monroe County,﻿Madonnaville,﻿Madonaville,﻿IL,,﻿#REF!,﻿#REF!,,,,,,,,,,,,,,1867,﻿Alton,Alton
﻿alt.il.0065,﻿church,﻿St. Elizabeth's,English,﻿vacant,,,﻿Madison County,﻿Monroe County,﻿Marinetown,﻿Marinetown,﻿IL,,﻿#REF!,﻿#REF!,﻿alt.il.0054,﻿Attended from Highland,,,,,,,,,,,,1867,﻿Alton,Alton
﻿alt.il.0066,﻿church,not recorded,English,,,,﻿Moultrie County,﻿Moultrie County,﻿Marrowbone,﻿Marrowbone Township,﻿IL,,﻿#REF!,﻿#REF!,﻿alt.il.0034,﻿Attended from Decatur,,,,,,,,,,,,1867,﻿Alton,Alton
﻿alt.il.0067,﻿church,﻿St. Patrick's,English,﻿vacant,,,﻿Clark County,﻿Clark County,﻿Marshall,﻿Marshall,﻿IL,,﻿#REF!,﻿#REF!,,,,,,,,,,,,,,1867,﻿Alton,Alton
﻿alt.il.0068,﻿church,﻿Holy Childhood of Jesus,English,,,,﻿St. Clair County,﻿St. Clair County,﻿Maskoutah,﻿Mascoutah,﻿IL,,﻿#REF!,﻿#REF!,,,,,﻿p_rosendahl_001,﻿Rev.,﻿P. Rosendahl,,,,,,,1867,﻿Alton,Alton
﻿alt.il.0069,﻿church,﻿Immaculate Conception,English,,,,﻿Coles County,﻿Coles County,﻿Mattoon,﻿Mattoon,﻿IL,,﻿#REF!,﻿#REF!,,,,,﻿th_f_mangan_001,﻿Rev.,﻿Th. Fr. Mangan,,,,,,,1867,﻿Alton,Alton
﻿alt.il.0070,﻿church,﻿St. James',English,,,,﻿St. Clair County,﻿St. Clair County,﻿Millstadt,﻿Millstadt,﻿IL,,﻿#REF!,﻿#REF!,,,,,﻿cha_oberprantacher_001,﻿Rev.,﻿Charles Oberprantacher,,,,,,,1867,﻿Alton,Alton
﻿alt.il.0071,﻿church,not recorded,English,,,,﻿Pulaski County,﻿Pulaski County,﻿Mound City,﻿Mound City,﻿IL,,﻿#REF!,﻿#REF!,,,,,﻿ric_walsh_001,﻿Rev.,﻿Richard Walsh,,,,,,,1867,﻿Alton,Alton
﻿alt.il.0072,﻿church,﻿Our Lady of Mount Carmel,English,﻿vacant,,,﻿Wabash County,﻿Wabash County,﻿Mount Carmel,﻿Mount Carmel,﻿IL,,﻿#REF!,﻿#REF!,,,,,,,,,,,,,,1867,﻿Alton,Alton
﻿alt.il.0073,﻿church,﻿St. Patrick's,English,,,,﻿Brown County,﻿Brown County,﻿Mount Sterling,﻿Mount Sterling,﻿IL,,﻿#REF!,﻿#REF!,,,,,﻿fer_stick_001,﻿Rev.,﻿Ferd. Stick,,,,,,,1867,﻿Alton,Alton
﻿alt.il.0105,﻿church,﻿Mt. St. John's,English,,﻿Belle Prairie P.O.,,﻿Hamilton County,﻿Hamilton County,,﻿McLeansboro,﻿IL,,﻿#REF!,﻿#REF!,,,,,﻿b_winterhalter_001,﻿Rev.,﻿Blas Winterhalter,,,,,,,1867,﻿Alton,Alton
﻿alt.il.0076,﻿church,﻿St. Patrick's,English,,,,﻿Cumberland County,﻿Cumberland County,﻿Neoga,﻿Neoga,﻿IL,,﻿#REF!,﻿#REF!,﻿alt.il.0127,﻿Attended from Teutopolis,,,,,,,,,,,,1867,﻿Alton,Alton
﻿alt.il.0077,﻿church,not recorded,English,,,,﻿Sangamon County,﻿Sangamon County,﻿New Berlin,﻿New Berlin,﻿IL,,﻿#REF!,﻿#REF!,,,,,,﻿Rev.,﻿Gust. Miettinger,,,,,,,1867,﻿Alton,Alton
﻿alt.il.0078,﻿church,﻿St. Thomas',English,,,,﻿Jasper County,﻿Jasper County,﻿Newton,﻿Newton,﻿IL,,﻿#REF!,﻿#REF!,﻿alt.il.0109,﻿Attended from St. Marie,,,,,,,,,,,,1867,﻿Alton,Alton
﻿alt.il.0079,﻿church,﻿St. Aloysius',English,,,,﻿Edgar County,,﻿Northarm,,﻿IL,,﻿#REF!,﻿#REF!,﻿alt.il.0087,﻿Attended from Paris,,,,,,,,,,,,1867,﻿Alton,Alton
﻿alt.il.0080,﻿church,not recorded,English,,,,﻿Marion County,﻿Marion County,﻿Odin,﻿Odin,﻿IL,,﻿#REF!,﻿#REF!,﻿alt.il.0127,﻿Attended from Teutopolis,,,,,,,,,,,,1867,﻿Alton,Alton
﻿alt.il.0081,﻿church,not recorded,English,,,,﻿Lawrence County,,﻿O'Donnell's Settlement,,﻿IL,,﻿#REF!,﻿#REF!,﻿alt.il.0084,﻿Attended from Olney,,,,,,,,,,,,1867,﻿Alton,Alton
﻿alt.il.0083,﻿church,﻿St. Patrick's,English,,﻿Ruma P.O.,,﻿Randolph County,,﻿O'Hara's Settlement,,﻿IL,,﻿#REF!,﻿#REF!,,,,,,﻿Rev.,﻿Fr. Reconvreur,,,,,,,1867,﻿Alton,Alton
﻿alt.il.0084,﻿church,﻿St. John's,English,,,,﻿Richland County,﻿Richland County,﻿Olney,﻿Olney,﻿IL,,﻿#REF!,﻿#REF!,,,,,﻿p_dee_001,﻿Rev.,﻿Patrick Dee,,,,,,,1867,﻿Alton,Alton
﻿alt.il.0085,﻿church,﻿St. Michael's,English,,﻿Floraville P.O.,,﻿St. Clair County,﻿St. Clair County,﻿Paderborn,﻿Paderborn,﻿IL,,﻿#REF!,﻿#REF!,,,,,﻿fra_lohmann_001,﻿Rev.,﻿Fr. Lohmann,,,,,,,1867,﻿Alton,Alton
﻿alt.il.0086,﻿church,﻿St. Patrick's,English,,,,﻿Christian County,﻿Christian County,﻿Pana,﻿Pana,﻿IL,,﻿#REF!,﻿#REF!,﻿alt.il.0116,﻿Attended from Shelbyville,,,,,,,,,,,,1867,﻿Alton,Alton
﻿alt.il.0087,﻿church,﻿Immaculate Conception,English,,,,﻿Edgar County,﻿Edgar County,﻿Paris,﻿Paris,﻿IL,,﻿#REF!,﻿#REF!,,,,,﻿jer_sullivan_001,﻿Rev.,﻿Jeremiah Sullivan,,,,,,,1867,﻿Alton,Alton
﻿alt.il.0088,﻿church,not recorded,English,,,,﻿Menard County,﻿Menard County,﻿Petersburgh,﻿Petersburg,﻿IL,,﻿#REF!,﻿#REF!,﻿alt.il.0077,﻿Attended from New-Berlin,,,,,,,,,,,,1867,﻿Alton,Alton
﻿alt.il.0089,﻿church,﻿St. Mary's,English,,,,﻿Pittsfield County,﻿Pike County,﻿Pike,﻿Pittsfield,﻿IL,,﻿#REF!,﻿#REF!,,,,,,﻿Rev.,﻿Thomas Cusack,,,,,,,1867,﻿Alton,Alton
﻿alt.il.0090,﻿church,﻿St. Patrick's,English,,,,﻿Gallatin County,,﻿Pond Settlement,,﻿IL,,﻿#REF!,﻿#REF!,﻿alt.il.0115,﻿Attended from Shawneetown,,,,,,,,,,,,1867,﻿Alton,Alton
﻿alt.il.0091,﻿church,﻿St. Augustine's,English,,﻿Heckler P.O.,,﻿Monroe County,﻿St. Clair County,﻿Prarie du Long,﻿Prairie Du Long Township,﻿IL,,﻿#REF!,﻿#REF!,,,,,,﻿Rev.,﻿Fr. Mueller,,,,,,,1867,﻿Alton,Alton
﻿alt.il.0092,﻿church,﻿St. Joseph's,English,,,,﻿Randolph County,﻿Randolph County,﻿Prarie du Rocher,﻿Prairie Du Rocher,﻿IL,,﻿#REF!,﻿#REF!,,,,,﻿h_frohboese_001,﻿Rev.,﻿H. Frohboese,,,,,,,1867,﻿Alton,Alton
﻿alt.il.0093,﻿church,﻿St. Boniface's,English,,,,﻿Adams County,﻿Adams County,﻿Quincy,﻿Quincy,﻿IL,,﻿#REF!,﻿#REF!,,,,,﻿h_schäfermeyer_001,﻿Rev.,﻿H. Schaefermeyer,,,,,,,1867,﻿Alton,Alton
﻿alt.il.0093,﻿church,﻿St. Boniface's,English,,,,﻿Adams County,﻿Adams County,﻿Quincy,﻿Quincy,﻿IL,,﻿#REF!,﻿#REF!,,,,,﻿f_reinhardt_001,﻿Rev.,﻿F. Reinhardt,,,,,,,1867,﻿Alton,Alton
﻿alt.il.0094,﻿church,﻿St. Lawrence's,English,,,,﻿Adams County,﻿Adams County,﻿Quincy,﻿Quincy,﻿IL,,﻿#REF!,﻿#REF!,,,,,﻿pet_mcgirr_001,﻿Rev.,﻿Peter McGirr,,,,,,,1867,﻿Alton,Alton
﻿alt.il.0095,﻿church,﻿St. Francis Selanus',English,,,,﻿Adams County,﻿Adams County,﻿Quincy,﻿Quincy,﻿IL,,﻿#REF!,﻿#REF!,,,,,﻿f_bergmeyer_001,﻿Rev.,﻿Fred. Bergmeyer,﻿O.S.F.,,,,,,1867,﻿Alton,Alton
﻿alt.il.0100,﻿church,﻿St. John Baptist,English,,,,﻿Randolph County,﻿Randolph County,﻿Red Bud,﻿Red Bud,﻿IL,,﻿#REF!,﻿#REF!,,,,,﻿joh_f_mohr_001,﻿Rev.,﻿John F. Mohr,,,,,,,1867,﻿Alton,Alton
﻿alt.il.0100,﻿church,﻿St. Michael's,English,,,,﻿Madison County,﻿Madison County,﻿Ridgely,﻿Ridgely,﻿IL,,﻿#REF!,﻿#REF!,﻿alt.il.0019,﻿Attended from Bunker Hill,,,,,,,,,,,,1867,﻿Alton,Alton
﻿alt.il.0102,﻿church,﻿St. Joseph's,English,,,,﻿Hardin County,﻿Hardin County,﻿Rosiclare,﻿Rosiclare,﻿IL,,﻿#REF!,﻿#REF!,﻿alt.il.0115,﻿Attended from Shawneetown,,,,,,,,,,,,1867,﻿Alton,Alton
﻿alt.il.0113,﻿church,not recorded,English,,,,﻿Marion County,﻿Marion County,﻿Salem,﻿Salem,﻿IL,,﻿#REF!,﻿#REF!,﻿alt.il.0084,﻿Attended from Olney,,,,,,,,,,,,1867,﻿Alton,Alton
﻿alt.il.0115,﻿church,﻿Immaculate Conception,English,,,,﻿Gallatin County,﻿Gallatin County,﻿Shawneetown,﻿Shawneetown,﻿IL,,﻿#REF!,﻿#REF!,,,,,,﻿Rev.,﻿Sylv. Wegener,,,,,,,1867,﻿Alton,Alton
﻿alt.il.0116,﻿church,﻿Immaculate Conception,English,,,,﻿Shelby County,﻿Shelby County,﻿Shelbyville,﻿Shelbyville,﻿IL,,﻿#REF!,﻿#REF!,,,,,﻿jul_turmel_001,﻿Rev.,﻿Julian Turmel,,,,,,,1867,﻿Alton,Alton
﻿alt.il.0117,﻿church,not recorded,English,,,,﻿Macoupin County,﻿Macoupin County,﻿Shipman,﻿Shipman,﻿IL,,﻿#REF!,﻿#REF!,﻿alt.il.0222,﻿Attended from Alton,,,,,,,,,,,,1867,﻿Alton,Alton
﻿alt.il.0118,﻿church,﻿St. Dominic's,English,,,,﻿Clinton County,﻿Clinton County,﻿Shoal Creek Station,﻿Breese,﻿IL,,﻿#REF!,﻿#REF!,,,,,﻿aug_reineke_001,﻿Rev.,﻿Aug. Reineke,,,,,,,1867,﻿Alton,Alton
﻿alt.il.0119,﻿church,not recorded,English,,,,﻿Shelby County,﻿Shelby County,﻿Sigel,﻿Sigel,﻿IL,,﻿#REF!,﻿#REF!,﻿alt.il.0127,﻿Attended from Teutopolis,,,,,,,,,,,,1867,﻿Alton,Alton
﻿alt.il.0120,﻿church,﻿Immaculate Conception,English,,,,﻿Sangamon County,﻿Sangamon County,﻿Springfield,﻿Springfield,﻿IL,,﻿#REF!,﻿#REF!,,,,,﻿l_hinssen_001,﻿Rev.,﻿L. Hinssen,,,,,,,1867,﻿Alton,Alton
﻿alt.il.0120,﻿church,﻿Immaculate Conception,English,,,,﻿Sangamon County,﻿Sangamon County,﻿Springfield,﻿Springfield,﻿IL,,﻿#REF!,﻿#REF!,,,,,﻿mic_clifford_001,﻿Rev.,﻿Mich. Clifford,,,,,,,1867,﻿Alton,Alton
﻿alt.il.0121,﻿church,﻿SS. Peter and Paul's,English,,,,﻿Sangamon County,﻿Sangamon County,﻿Springfield,﻿Springfield,﻿IL,,﻿#REF!,﻿#REF!,,,,,,﻿Rev.,﻿William Busch,,,,,,,1867,﻿Alton,Alton
﻿alt.il.0103,﻿church,not recorded,English,,,,﻿Adams County,﻿Adams County,﻿St. Anthony's,﻿Quincy,﻿IL,,39.90387,-91.320611,,﻿Attended by Franciscan Fathers from Quincy,,,,,,,,,,,,1867,﻿Alton,Alton
﻿alt.il.0104,﻿church,﻿St. Francis Xavier's,English,,,,﻿Lawrence County,﻿Lawrence County,﻿St. Francisville,﻿St. Francisville,﻿IL,,﻿#REF!,﻿#REF!,,,,,﻿b_boucher_001,﻿Rev.,﻿P. Boucher,,,,,,,1867,﻿Alton,Alton
﻿alt.il.0107,﻿church,﻿St. Joseph's,English,,﻿News P.O.,,﻿Calhoun County,﻿Calhoun County,,﻿Meppen,﻿IL,,38.99721005,-90.60572636,,,,,﻿f_witthaut_001,﻿Rev.,﻿F. Witthaut,,,,,,,1867,﻿Alton,Alton
﻿alt.il.0108,﻿church,﻿St. Liborius,English,,﻿Mud Creek P.O.,,﻿St. Clair County,﻿St. Clair County,,﻿St. Libory,﻿IL,,38.36131017,-89.71086731,,,,,﻿h_janssen_001,﻿Rev.,﻿H. Janssen,,,,,,,1867,﻿Alton,Alton
﻿alt.il.0109,﻿church,﻿St. Mary's,English,,,,﻿Jasper County,﻿Jasper County,,﻿Sainte Marie,﻿IL,,38.93314543,-88.02511674,,,,,﻿j_sandrock_001,﻿Rev.,﻿J. Sandrock,,,,,,,1867,﻿Alton,Alton
﻿alt.il.0109,﻿church,﻿St. Mary's,English,,,,﻿Jasper County,﻿Jasper County,,﻿Sainte Marie,﻿IL,,38.93314543,-88.02511674,,,,,,﻿Rev.,﻿Long. Quiter,,,,,,,1867,﻿Alton,Alton
﻿alt.il.0111,﻿church,﻿St. Peter's,English,,,,﻿Jasper County,﻿Jasper County,,﻿Newton,﻿IL,,39.02305131,-88.11014507,﻿alt.il.0283,﻿Attended from St. Marie,,,,,,,,,,,,1867,﻿Alton,Alton
﻿alt.il.0112,﻿church,not recorded,English,,,,﻿Richland County,,﻿St. Wendel's,,﻿IL,,﻿#REF!,﻿#REF!,﻿alt.il.0283,﻿Attended from St. Marie,,,,,,,,,,,,1867,﻿Alton,Alton
﻿alt.il.0124,﻿church,﻿St. Joseph's,English,,﻿Stringtown,,﻿Richland County,﻿Richland County,﻿Stringtown,﻿German Township,﻿IL,,38.80573489,-87.98358127,﻿alt.il.0283,﻿Attended from St. Marie,,,,,,,,,,,,1867,﻿Alton,Alton
﻿alt.il.0125,﻿church,﻿St. Bernards's,English,﻿vacant,﻿Chatham P.O.,,﻿Sangamon County,﻿Sangamon County,﻿Sugar Creek,﻿Chatham,﻿IL,,﻿#REF!,﻿#REF!,,,,,,,,,,,,,,1867,﻿Alton,Alton
﻿alt.il.0126,﻿church,﻿St. Mary's,English,,,,﻿Christian County,﻿Christian County,﻿Taylorsville,﻿Taylorville,﻿IL,,﻿#REF!,﻿#REF!,﻿alt.il.0007,﻿Attended from Assumption,,,,,,,,,,,,1867,﻿Alton,Alton
﻿alt.il.0127,﻿church,﻿SS. Peter and Francis',English,,,,﻿Effingham County,﻿Effingham County,﻿Teutopolis,﻿Teutopolis,﻿IL,,﻿#REF!,﻿#REF!,,,,,﻿m_hiltermann_001,﻿Rev.,﻿M. Hiltermann,﻿O.S.F.,,,,,,1867,﻿Alton,Alton
﻿alt.il.0128,﻿church,﻿St. Patrick's,English,,﻿Red Bud P.O.,,﻿Monroe County,﻿Monroe County,﻿Tiptown,﻿Tiptown,﻿IL,,﻿#REF!,﻿#REF!,﻿alt.il.0100,﻿Attended from Red Bud,,,,,,,,,,,,1867,﻿Alton,Alton
﻿alt.il.0130,﻿church,﻿Purification of the Blessed Virgin Mary,English,﻿vacant,,,﻿Clinton County,﻿Clinton County,﻿Trenton,﻿Trenton,﻿IL,,﻿#REF!,﻿#REF!,,,,,,,,,,,,,,1867,﻿Alton,Alton
﻿alt.il.0131,﻿church,not recorded,English,﻿vacant,,,﻿Fayette County,﻿Fayette County,﻿Vandalia,﻿Vandalia,﻿IL,,﻿#REF!,﻿#REF!,,,,,,,,,,,,,,1867,﻿Alton,Alton
﻿alt.il.0134,﻿church,﻿SS. Peter and Francis,English,,,,﻿Monroe County,﻿Monroe County,﻿Waterloo,﻿Waterloo,﻿IL,,﻿#REF!,﻿#REF!,,,,,﻿p_limacher_001,﻿Rev.,﻿P. Limacher,,,,,,,1867,﻿Alton,Alton
﻿alt.il.0134,﻿church,﻿SS. Peter and Francis,English,,,,﻿Monroe County,﻿Monroe County,﻿Waterloo,﻿Waterloo,﻿IL,,﻿#REF!,﻿#REF!,,,,,,﻿Rev.,﻿John Berlage,,,,,,,1867,﻿Alton,Alton
﻿alt.il.0136,﻿church,not recorded,English,,﻿Fieldon P.O.,,﻿Jersey County,﻿Jersey County,﻿Westwoods,﻿Jerseyville,﻿IL,,39.11708402,-90.47310548,,,,,,,,,,,,,,1867,﻿Alton,Alton
﻿alt.il.0137,﻿church,not recorded,English,,,,﻿Scott County,﻿Scott County,﻿Winchester,﻿Winchester,﻿IL,,﻿#REF!,﻿#REF!,,,,,﻿pat_kearney_001,﻿Rev.,﻿Patrick Kearney,,,,,,,1867,﻿Alton,Alton
﻿alt.il.0137,﻿station,not recorded,English,,,,﻿Adams County,﻿Adams County,﻿Columbus,﻿Columbus,﻿IL,,﻿#REF!,﻿#REF!,,,,,,,,,,,,,,1867,﻿Alton,Alton
﻿alt.il.0139,﻿station,not recorded,English,,,,﻿Adams County,﻿Adams County,﻿Liberty,﻿Liberty,﻿IL,,﻿#REF!,﻿#REF!,,,,,,,,,,,,,,1867,﻿Alton,Alton
﻿alt.il.0193,﻿station,not recorded,English,,,,﻿Alexander County,,﻿Caledonia,,﻿IL,,﻿#REF!,﻿#REF!,,,,,,,,,,,,,,1867,﻿Alton,Alton
﻿alt.il.0141,﻿station,not recorded,English,,,,﻿Alexander County,﻿Alexander County,﻿Unity,﻿Unity,﻿IL,,﻿#REF!,﻿#REF!,,,,,,,,,,,,,,1867,﻿Alton,Alton
﻿alt.il.0144,﻿station,not recorded,English,,,,﻿Brown County,﻿Brown County,﻿Versailles,﻿Versailles,﻿IL,,﻿#REF!,﻿#REF!,,,,,,,,,,,,,,1867,﻿Alton,Alton
﻿alt.il.0145,﻿station,not recorded,English,,,,﻿Cass County,﻿Cass County,﻿Arenzville,﻿Arenzville,﻿IL,,﻿#REF!,﻿#REF!,,,,,,,,,,,,,,1867,﻿Alton,Alton
﻿alt.il.0145,﻿station,not recorded,English,,,,﻿Cass County,﻿Cass County,﻿Ashland,﻿Ashland,﻿IL,,﻿#REF!,﻿#REF!,,,,,,,,,,,,,,1867,﻿Alton,Alton
﻿alt.il.0145,﻿station,not recorded,English,,,,﻿Cass County,﻿Cass County,﻿Virginia,﻿Virginia,﻿IL,,﻿#REF!,﻿#REF!,,,,,,,,,,,,,,1867,﻿Alton,Alton
﻿alt.il.0150,﻿station,not recorded,English,,,,﻿Clay County,﻿Clay County,﻿Clay City,﻿Clay City,﻿IL,,﻿#REF!,﻿#REF!,,,,,,,,,,,,,,1867,﻿Alton,Alton
﻿alt.il.0155,﻿station,not recorded,English,,,,﻿Fayette County,﻿Fayette County,﻿Farina,﻿Farina,﻿IL,,﻿#REF!,﻿#REF!,,,,,,,,,,,,,,1867,﻿Alton,Alton
﻿alt.il.0156,﻿station,not recorded,English,,,,﻿Fayette County,﻿Marion County,﻿Kinmundy,﻿Kinmundy,﻿IL,,﻿#REF!,﻿#REF!,,,,,,,,,,,,,,1867,﻿Alton,Alton
﻿alt.il.0159,﻿station,not recorded,English,,,,﻿Gallatin County,﻿Gallatin County,﻿Equality,﻿Equality,﻿IL,,﻿#REF!,﻿#REF!,,,,,,,,,,,,,,1867,﻿Alton,Alton
﻿alt.il.0160,﻿station,not recorded,English,,,,﻿Greene County,﻿Greene County,﻿Greenfield,﻿Greenfield,﻿IL,,﻿#REF!,﻿#REF!,,,,,,,,,,,,,,1867,﻿Alton,Alton
﻿alt.il.0160,﻿station,not recorded,English,,,,﻿Greene County,﻿Greene County,﻿Rockbridge,﻿Rockbridge,﻿IL,,﻿#REF!,﻿#REF!,,,,,,,,,,,,,,1867,﻿Alton,Alton
﻿alt.il.0162,﻿station,not recorded,English,,,,﻿Greene County,﻿Greene County,﻿Whitehall,﻿White Hall,﻿IL,,﻿#REF!,﻿#REF!,,,,,,,,,,,,,,1867,﻿Alton,Alton
﻿alt.il.0162,﻿station,not recorded,English,,,,﻿Jersey County,﻿Jersey County,﻿Grafton,﻿Grafton,﻿IL,,﻿#REF!,﻿#REF!,,,,,,,,,,,,,,1867,﻿Alton,Alton
﻿alt.il.0168,﻿station,not recorded,English,,,,﻿Jersey County,﻿Madison County,﻿Jersey Landing,﻿Godfrey,﻿IL,,﻿#REF!,﻿#REF!,,,,,,,,,,,,,,1867,﻿Alton,Alton
﻿alt.il.0171,﻿station,not recorded,English,,,,﻿Macon County,﻿Macon County,﻿Maroa,﻿Maroa,﻿IL,,﻿#REF!,﻿#REF!,,,,,,,,,,,,,,1867,﻿Alton,Alton
﻿alt.il.0172,﻿station,not recorded,English,,,,﻿Macon County,﻿Macon County,﻿Niantic,﻿Niantic,﻿IL,,﻿#REF!,﻿#REF!,,,,,,,,,,,,,,1867,﻿Alton,Alton
﻿alt.il.0173,﻿station,not recorded,English,,,,﻿Macon County,﻿Macon County,﻿South Macon,﻿South Macon Township,﻿IL,,﻿#REF!,﻿#REF!,,,,,,,,,,,,,,1867,﻿Alton,Alton
﻿alt.il.0176,﻿station,not recorded,English,,,,﻿Macoupin County,﻿Macoupin County,﻿Girard,﻿Girard,﻿IL,,﻿#REF!,﻿#REF!,,,,,,,,,,,,,,1867,﻿Alton,Alton
﻿alt.il.0177,﻿station,not recorded,English,,,,﻿Macoupin County,﻿Macoupin County,﻿Nilwood,﻿Nilwood,﻿IL,,﻿#REF!,﻿#REF!,,,,,,,,,,,,,,1867,﻿Alton,Alton
﻿alt.il.0178,﻿station,not recorded,English,,﻿Hillyard Township,,﻿Macoupin County,﻿Macoupin County,﻿Plainview,﻿Plainview,﻿IL,,﻿#REF!,﻿#REF!,,,,,,,,,,,,,,1867,﻿Alton,Alton
﻿alt.il.0178,﻿station,not recorded,English,,﻿Hillyard Township,,﻿Macoipin County,﻿Macoupin County,﻿Virden,﻿Virden,﻿IL,,﻿#REF!,﻿#REF!,,,,,,,,,,,,,,1867,﻿Alton,Alton
﻿alt.il.0180,﻿station,not recorded,English,,,,﻿Madison County,﻿Madison County,﻿Venice,﻿Venice,﻿IL,,﻿#REF!,﻿#REF!,,,,,,,,,,,,,,1867,﻿Alton,Alton
﻿alt.il.0180,﻿station,not recorded,English,,,,﻿Marion County,﻿Marion County,﻿Sandoval,﻿Sandoval,﻿IL,,﻿#REF!,﻿#REF!,,,,,,,,,,,,,,1867,﻿Alton,Alton
﻿alt.il.0180,﻿station,not recorded,English,,,,﻿Montgomery County,﻿Montgomery County,﻿Hillsborough,﻿Hillsborough,﻿IL,,﻿#REF!,﻿#REF!,,,,,,,,,,,,,,1867,﻿Alton,Alton
﻿alt.il.0186,﻿station,not recorded,English,,,,﻿Morgan County,﻿Morgan County,﻿Meredosia,﻿Meredosia,﻿IL,,﻿#REF!,﻿#REF!,,,,,,,,,,,,,,1867,﻿Alton,Alton
﻿alt.il.0186,﻿station,not recorded,English,,,,﻿Morgan County,﻿Morgan County,﻿Waverley,﻿Waverley,﻿IL,,﻿#REF!,﻿#REF!,,,,,,,,,,,,,,1867,﻿Alton,Alton
﻿alt.il.0196,﻿station,not recorded,English,,,,﻿Randolph County,﻿Randolph County,﻿Sparta,﻿Sparta,﻿IL,,﻿#REF!,﻿#REF!,,,,,,,,,,,,,,1867,﻿Alton,Alton
﻿alt.il.0198,﻿station,not recorded,English,,,,﻿Richland County,﻿Lawrence County,﻿Sumner,﻿Sumner,﻿IL,,﻿#REF!,﻿#REF!,,,,,,,,,,,,,,1867,﻿Alton,Alton
﻿alt.il.0203,﻿station,not recorded,English,,,,﻿Sangamon County,﻿Sangamon County,﻿Chatham,﻿Chatham,﻿IL,,﻿#REF!,﻿#REF!,,,,,,,,,,,,,,1867,﻿Alton,Alton
﻿alt.il.0203,﻿station,not recorded,English,,,,﻿Sangamon County,﻿Sangamon County,﻿Illiopolis,﻿Illiopolis,﻿IL,,﻿#REF!,﻿#REF!,,,,,,,,,,,,,,1867,﻿Alton,Alton
﻿alt.il.0204,﻿station,not recorded,English,,,,﻿Sangamon County,﻿Sangamon County,﻿Mechanicsburgh,﻿Mechanicsburg,﻿IL,,﻿#REF!,﻿#REF!,,,,,,,,,,,,,,1867,﻿Alton,Alton
﻿alt.il.0199,﻿station,not recorded,English,,,,﻿St. Clair County,,﻿Cantine,,﻿IL,,﻿#REF!,﻿#REF!,,,,,,,,,,,,,,1867,﻿Alton,Alton
﻿alt.il.0200,﻿station,not recorded,English,,,,﻿St. Clair County,﻿St. Clair County,﻿Caseyville,﻿Caseyville,﻿IL,,﻿#REF!,﻿#REF!,,,,,,,,,,,,,,1867,﻿Alton,Alton
﻿alt.il.0200,﻿station,not recorded,English,,,,﻿St. Clair County,﻿St. Clair County,﻿O'Fallon,﻿O'Fallon,﻿IL,,﻿#REF!,﻿#REF!,,,,,,,,,,,,,,1867,﻿Alton,Alton
﻿alt.il.0206,﻿station,not recorded,English,,,,﻿Scott County,﻿Scott County,﻿Naples,﻿Naples,﻿IL,,﻿#REF!,﻿#REF!,,,,,,,,,,,,,,1867,﻿Alton,Alton
﻿alt.il.0206,﻿station,not recorded,English,,,,﻿Washington County,﻿Scott County,﻿Ashly,﻿Ashly,﻿IL,,﻿#REF!,﻿#REF!,,,,,,,,,,,,,,1867,﻿Alton,Alton
﻿alt.il.0213,﻿station,not recorded,English,,,,﻿White County,﻿White County,﻿Carmi,﻿Carmi,﻿IL,,﻿#REF!,﻿#REF!,,,,,,,,,,,,,,1867,﻿Alton,Alton
﻿alt.il.0216,﻿convent,﻿St. Teresa's Convent of the Franciscan Fathers,English,,,,﻿Effingham County,﻿Effingham County,﻿Teutopolis,﻿Teutopolis,﻿IL,,﻿#REF!,﻿#REF!,,,,,﻿kil_schlosser_001,﻿Very Rev.,﻿Killian Schlosser,﻿O.S.F.,﻿Commissarius and Guardian,,,,,1867,﻿Alton,Alton
﻿alt.il.0216,﻿convent,﻿St. Teresa's Convent of the Franciscan Fathers,English,,,,﻿Effingham County,﻿Effingham County,﻿Teutopolis,﻿Teutopolis,﻿IL,,﻿#REF!,﻿#REF!,,,,,﻿mat_hiltermann_001,﻿Rev.,﻿Mathias Hiltermann,﻿O.S.F.,﻿Vicarius,,,,,1867,﻿Alton,Alton
﻿alt.il.0216,﻿convent,﻿St. Teresa's Convent of the Franciscan Fathers,English,,,,﻿Effingham County,﻿Effingham County,﻿Teutopolis,﻿Teutopolis,﻿IL,,﻿#REF!,﻿#REF!,,,,,﻿her_hoffmans_001,﻿Rev.,﻿Heribert Hoffmans,﻿O.S.F.,﻿Lector,,,,,1867,﻿Alton,Alton
﻿alt.il.0216,﻿convent,﻿St. Teresa's Convent of the Franciscan Fathers,English,,,,﻿Effingham County,﻿Effingham County,﻿Teutopolis,﻿Teutopolis,﻿IL,,﻿#REF!,﻿#REF!,,,,,﻿naz_kommerscheit_001,﻿Rev.,﻿Nazarius Kommerscheit,﻿O.S.F.,﻿Instructor of Novices,,,,,1867,﻿Alton,Alton
﻿alt.il.0216,﻿convent,﻿St. Teresa's Convent of the Franciscan Fathers,English,,,,﻿Effingham County,﻿Effingham County,﻿Teutopolis,﻿Teutopolis,﻿IL,,﻿#REF!,﻿#REF!,,,,,﻿cap_zwinge_001,﻿Rev.,﻿Capistranus Zwinge,﻿O.S.F.,,,,,,1867,﻿Alton,Alton
﻿alt.il.0216,﻿convent,﻿St. Teresa's Convent of the Franciscan Fathers,English,,,,﻿Effingham County,﻿Effingham County,﻿Teutopolis,﻿Teutopolis,﻿IL,,﻿#REF!,﻿#REF!,,,,,﻿mau_klostermann_001,﻿Rev.,﻿Mauritius Klostermann,﻿O.S.F.,﻿Rector of St. Joseph's College,,,,,1867,﻿Alton,Alton
﻿alt.il.0216,﻿convent,﻿St. Teresa's Convent of the Franciscan Fathers,English,,,,﻿Effingham County,﻿Effingham County,﻿Teutopolis,﻿Teutopolis,﻿IL,,﻿#REF!,﻿#REF!,,,,,﻿eug_puers_001,﻿Rev.,﻿Eugenius Puers,﻿O.S.F.,,,,,,1867,﻿Alton,Alton
﻿alt.il.0216,﻿convent,﻿St. Teresa's Convent of the Franciscan Fathers,English,,,,﻿Effingham County,﻿Effingham County,﻿Teutopolis,﻿Teutopolis,﻿IL,,﻿#REF!,﻿#REF!,,,,,﻿pau_weiss_002,﻿Rev.,﻿Paulinus Weiss,﻿O.S.F.,,,,,,1867,﻿Alton,Alton
﻿alt.il.0292,﻿residence,"﻿St. Francis Solanus, Residence of the Franciscan Fathers",English,,﻿At St. Francis Solanus Church,,﻿Adams County,﻿Adams County,﻿Quincy,﻿Quincy,﻿IL,,﻿#REF!,﻿#REF!,,,,,﻿fer_bergmeyer_001,﻿Rev.,﻿Ferdinand Bergmeyer,﻿O.S.F.,﻿Praeses,,,,,1867,﻿Alton,Alton
﻿alt.il.0292,﻿residence,"﻿St. Francis Solanus, Residence of the Franciscan Fathers",English,,﻿At St. Francis Solanus Church,,﻿Adams County,﻿Adams County,﻿Quincy,﻿Quincy,﻿IL,,﻿#REF!,﻿#REF!,,,,,﻿ans_mueller_001,﻿Rev.,﻿Anselmus Mueller,﻿O.S.F.,,,,,,1867,﻿Alton,Alton
﻿alt.il.0292,﻿residence,"﻿St. Francis Solanus, Residence of the Franciscan Fathers",English,,﻿At St. Francis Solanus Church,,﻿Adams County,﻿Adams County,﻿Quincy,﻿Quincy,﻿IL,,﻿#REF!,﻿#REF!,,,,,﻿alo_wiewer_001,﻿Rev.,﻿Aloysius Wiewer,﻿O.S.F.,,,,,,1867,﻿Alton,Alton
﻿alt.il.0217,﻿college,﻿St. Joseph's Ecclesianstical College,English,﻿The poor Brothers of St. Francis have the care of the whole management of the house and of the infirmary,,,﻿Effingham County,﻿Effingham County,﻿Teutopolis,﻿Teutopolis,﻿IL,,﻿#REF!,﻿#REF!,,,,,﻿mau_klostermann_001,﻿Rev. P.,﻿Mauritius Klostermann,﻿O.S.F.,﻿Superior,,﻿boarder,﻿70 boarders,,1867,﻿Alton,Alton
﻿alt.il.0217,﻿college,﻿St. Joseph's Ecclesianstical College,English,﻿The poor Brothers of St. Francis have the care of the whole management of the house and of the infirmary,,,﻿Effingham County,﻿Effingham County,﻿Teutopolis,﻿Teutopolis,﻿IL,,﻿#REF!,﻿#REF!,,,,,,,﻿Brother Bernardin,,﻿Superior,,﻿boarder,﻿70 boarders,﻿The poor brothers of St. Francis have the care of the whole management of the house and of the infirmary,1867,﻿Alton,Alton
﻿alt.il.0217,﻿college,﻿St. Joseph's Ecclesianstical College,English,﻿The poor Brothers of St. Francis have the care of the whole management of the house and of the infirmary,,,﻿Effingham County,﻿Effingham County,﻿Teutopolis,﻿Teutopolis,﻿IL,,﻿#REF!,﻿#REF!,,,,,,,,,,,﻿boarder,﻿70 boarders,﻿Conducted by the Franciscan Fathers,1867,﻿Alton,Alton
﻿alt.il.0221,"﻿convent, academy",﻿St. Joseph's Ursuline Convent and Young Ladies' Academy,English,﻿Connected with the Academy is a Day and Parochial School,,,,﻿Sangamon County,﻿Springfield,﻿Springfield,﻿IL,,﻿#REF!,﻿#REF!,,,,,,﻿Mother,﻿Mary Joseph Woulfe,,﻿Superior,,,,,1867,﻿Alton,Alton
﻿alt.il.0222,"﻿convent, school","﻿Ursuline Convent of the Holy Family, Female Academy, Boarding, and Day School",English,﻿The nuns conduct also the Parish Schools of the congregation at Alton,,,,﻿Madison County,﻿Alton,﻿Alton,﻿IL,,﻿#REF!,﻿#REF!,,,,,,﻿Mother,﻿Josephine Bruiding,,﻿Superior,,,,,1867,﻿Alton,Alton
﻿alt.il.0223,﻿academy,﻿Young Ladies' Academy of the Immaculate Conception,English,﻿Connected with the academy is the Parish School of the congregation at Belleville,,,﻿St. Clair County,﻿St. Clair County,﻿Belleville,﻿Belleville,﻿IL,,﻿#REF!,﻿#REF!,,,,,,﻿Sister,﻿Jerome,,﻿Superior,,,,,1867,﻿Alton,Alton
﻿alt.il.0223,﻿academy,﻿Young Ladies' Academy of the Immaculate Conception,English,﻿Connected with the academy is the Parish School of the congregation at Belleville,,,﻿St. Clair County,﻿St. Clair County,﻿Belleville,﻿Belleville,﻿IL,,﻿#REF!,﻿#REF!,,,,,,,,,,,,,﻿Conducted by the Poor School Sisters of Notre Dame,1867,﻿Alton,Alton
﻿alt.il.0223,﻿convent,﻿Convent of the Sisters of St. Joseph,English,﻿Connected with this academy for young ladies is the Free School of the township and the Parochial School,,,﻿Jasper County,﻿St. Clair County,﻿Ste. Marie,﻿Belleville,﻿IL,,﻿#REF!,﻿#REF!,,,,,,﻿Mother,﻿Ferdinand,,﻿Superior,,,,﻿Conducted by the Poor School Sisters of Notre Dame,1867,﻿Alton,Alton
﻿alt.il.0224,"﻿convent, academy",﻿Convent and Academy of the Sisters of Loretto,English,﻿Connected with this academy is a day and parochial school,,,,﻿Alexander County,﻿Cairo,﻿Cairo,﻿IL,,﻿#REF!,﻿#REF!,,,,,,﻿Mother,﻿Elizabeth,,﻿Superior,,,,,1867,﻿Alton,Alton
﻿alt.il.0224,"﻿convent, academy","﻿St. Teresa's Academy, Boarding, and Day-School",English,﻿Connected with this academy is a day and parochial school,,,,﻿Alexander County,﻿Decatur,﻿Decatur,﻿IL,,﻿#REF!,﻿#REF!,,,,,,﻿Sister,﻿M. Ignatius,,﻿Superior,,,,,1867,﻿Alton,Alton
﻿alt.il.0224,"﻿convent, academy","﻿St. Teresa's Academy, Boarding, and Day-School",English,﻿Connected with this academy is a day and parochial school,,,,﻿Alexander County,﻿Decatur,﻿Decatur,﻿IL,,﻿#REF!,﻿#REF!,,,,,,,,,,,,,﻿Under Direction of the Sisters of the Holy Names of Jesus and Mary,1867,﻿Alton,Alton
﻿alt.il.0227,﻿hospital,﻿Hospital at Alton,English,,,,,﻿Madison County,﻿Alton,﻿Alton,﻿IL,,﻿#REF!,﻿#REF!,,,,,,,,,,,,,﻿Conducted by the Sisters of Charity,1867,﻿Alton,Alton
﻿alt.il.0228,﻿hospital,﻿Hospital at Quincy,English,,,,,﻿Adams County,﻿Quincy,﻿Quincy,﻿IL,,﻿#REF!,﻿#REF!,,,,,,,,,,,,,﻿Conducted by the poor Sisters of St. Francis,1867,﻿Alton,Alton
﻿alt.il.0229,﻿asylum,﻿Orphan Asylum at Quincy,English,,,,,﻿Adams County,﻿Quincy,﻿Quincy,﻿IL,,﻿#REF!,﻿#REF!,,,,,,,,,,,,,﻿Conducted by the Sisters of Notre Dame,1867,﻿Alton,Alton
﻿alt.il.0232,﻿Parochial school,﻿The Parochial Schools,English,﻿for the boys,,,,﻿Madison County,﻿Alton,﻿Alton,﻿IL,,﻿#REF!,﻿#REF!,,,,,,,,,,,,,﻿Conducted by the brothers of the Holy Cross,1867,﻿Alton,Alton
﻿alt.il.0287,﻿Parochial school,﻿The Parochial Schools,English,﻿for the boys,,,,﻿Sangamon County,﻿Springfield,﻿Springfield,﻿IL,,﻿#REF!,﻿#REF!,,,,,,,,,,,,,﻿Conducted by the brothers of the Holy Cross,1867,﻿Alton,Alton
﻿alt.il.0274,﻿Parochial school,not recorded,English,﻿for the girls,,,,﻿Adams County,﻿Quincy,﻿Quincy,﻿IL,,﻿#REF!,﻿#REF!,,,,,,,,,,,,,﻿Held by Sisters of Notre Dame,1867,﻿Alton,Alton
﻿alt.il.0289,﻿Parochial school,not recorded,English,﻿for the girls,,,,﻿Effingham County,﻿Teutopolis,﻿Teutopolis,﻿IL,,﻿#REF!,﻿#REF!,,,,,,,,,,,,,﻿Held by Sisters of Notre Dame,1867,﻿Alton,Alton
﻿alt.il.0285,﻿Parochial school,not recorded,English,﻿for the girls,,,,﻿Clinton County,﻿Shoal Creek Station,﻿Breese,﻿IL,,﻿#REF!,﻿#REF!,,,,,,,,,,,,,﻿Held by Sisters of Notre Dame,1867,﻿Alton,Alton
