instID,church_type,instName,language,instNote,placeName,region,county_orig,county_reg,city_orig,city_reg,state_orig,state_reg,latitude,longitude,attendingInstID,attendingChurch,attendingChurchFrequency,attendingChurchNote,persID,persTitle,persName,persSuffix,persRole,persNote,memberType,member,affiliated,year,diocese
﻿har.ct.0132,﻿church,﻿Holy Trinity,English,,,,,﻿Hartford County,﻿Hartford,﻿Hartford,﻿CT,﻿CT,41.7691004025693,-72.6784361285108,,,,,﻿jam_fitton_901,﻿Rev.,﻿James Fitton,,,,,,,1836.0,Boston
﻿har.ct.9000,﻿church,﻿Christ's Church,English,,,,,﻿New Haven County,﻿New Haven,﻿New Haven,﻿CT,﻿CT,41.3121734425384,-72.9322694,,,,,﻿jam_mdermott_901,﻿Rev.,﻿James M'Dermott,,,,,,,1836.0,Boston
﻿har.ct.0001,﻿church,not recorded,English,,,,,﻿Providence County,﻿Providence,﻿Providence,﻿RI,﻿RI,41.8192563523806,-71.4165555927615,,,,,﻿con_lee_901,﻿Rev.,﻿Constantine Lee,,,,,,,1836.0,Boston
﻿har.ct.0026,﻿church,not recorded,English,﻿once a month,,,,,﻿Pawtucket,﻿Pawtucket,﻿RI,﻿RI,41.8192563523806,-71.4165555927615,,,,,﻿con_lee_901,﻿Rev.,﻿Constantine Lee,,,,,,,1836.0,Boston
﻿har.ct.0025,﻿church,not recorded,English,﻿once in three weeks,,,,,﻿Newport,﻿Newport,﻿RI,﻿RI,41.4839326092396,-71.31239368789609,,,,,﻿joh_corry_901,﻿Rev.,﻿John Corry,,,,,,,1836.0,Boston
﻿bos.ma.0001,﻿cathedral,﻿Cathedral of the Holy Cross,English,,,,,﻿Suffolk County,﻿Boston,﻿Boston,﻿MA,﻿MA,42.3407786836978,-71.06950954047551,,,,,﻿ben_fenwick_901,﻿Right Rev.,﻿Benedict Fenwick,﻿D. D.,,,,,,1836.0,Boston
﻿bos.ma.0001,﻿cathedral,﻿Cathedral of the Holy Cross,English,,,,,﻿Suffolk County,﻿Boston,﻿Boston,﻿MA,,42.3407786836978,-71.06950954047551,,,,,﻿wil_tyler_901,﻿Very Rev.,﻿Wil. Tyler,,,,,,,1836.0,Boston
﻿bos.ma.0001,﻿cathedral,﻿Cathedral of the Holy Cross,English,,,,,﻿Suffolk County,﻿Boston,﻿Boston,﻿MA,,42.3407786836978,-71.06950954047551,,,,,﻿mic_healy_901,﻿Very Rev.,﻿Michael Healy,,,,,,,1836.0,Boston
﻿bos.ma.0001,﻿cathedral,﻿Cathedral of the Holy Cross,English,,,,,﻿Suffolk County,﻿Boston,﻿Boston,﻿MA,,42.3407786836978,-71.06950954047551,,,,,﻿curtin_901,﻿Rev. Mr.,﻿Curtin,,,,,,,1836.0,Boston
﻿bos.ma.0001,﻿cathedral,﻿Cathedral of the Holy Cross,English,,,,,﻿Suffolk County,﻿Boston,﻿Boston,﻿MA,,42.3407786836978,-71.06950954047551,,,,,﻿wil_wiley_901,﻿Rev.,﻿Wil. Wiley,,,,,,,1836.0,Boston
﻿bos.ma.9001,﻿chapel,﻿St. Aloysius' Chapel,English,"﻿under the Cathedral, is appropriated exclusively to the use of the male children of the Congregation",,,,,﻿Boston,,﻿MA,﻿MA,42.3407786836978,-71.06950954047551,,,,,﻿pat_obeirne_901,﻿Rev.,﻿Patrick O'Beirne,,,,,,,1836.0,Boston
﻿bos.ma.0012,﻿church,﻿St. Augustin's,English,,﻿South Boston,,,﻿Suffolk County,﻿Boston,﻿Boston,﻿MA,﻿MA,42.334167,-71.049444,,,,,﻿tho_lynch_901,﻿Rev.,﻿Thomas Lynch,,,,,,,1836.0,Boston
﻿bos.ma.0055,﻿church,﻿St. Mary's,English,,,,,﻿Suffolk County,﻿Charlestown,﻿Charlestown,﻿MA,﻿MA,42.373402898102704,-71.0644585070973,,,,,﻿p_byrne_901,﻿Rev.,﻿P. Byrne,,,,,,,1836.0,Boston
﻿bos.ma.0054,﻿church,not recorded,English,﻿once a month,,,,,﻿Canton,﻿Canton,﻿MA,﻿MA,42.373402898102704,-71.0644585070973,,,,,﻿con_lee_901,﻿Rev.,﻿Constantine Lee,,,,,,,1836.0,Boston
﻿bos.ma.0074,﻿church,not recorded,English,﻿once a month,,,,,﻿Fall River,﻿Fall River,﻿MA,﻿MA,42.373402898102704,-71.0644585070973,,,,,﻿joh_corry_901,﻿Rev.,﻿John Corry,,,,,,,1836.0,Boston
﻿bos.ma.0109,﻿church,﻿St. Patrick's,English,,,,,﻿Middlesex County,﻿Lowell,﻿Lowell,﻿MA,﻿MA,42.645237513059996,-71.3177197413205,,,,,﻿j_mahoney_901,﻿Rev.,﻿J. Mahoney,,,,,,,1836.0,Boston
﻿bos.ma.0109,﻿church,﻿St. Patrick's,English,,,,,﻿Middlesex County,﻿Lowell,﻿Lowell,﻿MA,,42.645237513059996,-71.3177197413205,,,,,﻿conelly_901,﻿Rev. Mr.,﻿Conelly,,,,,,,1836.0,Boston
﻿bos.ma.0129,﻿church,not recorded,English,,,,,﻿Bristol County,﻿New Bedford,﻿New Bedford,﻿MA,﻿MA,41.63779641229671,-70.9597371308124,,,,,﻿joh_d_brady_901,﻿Rev.,﻿John D. Brady,,,,,,,1836.0,Boston
﻿bos.ma.0129,﻿church,not recorded,English,﻿once a month,,,,﻿Bristol County,﻿Newburyport,﻿New Bedford,﻿MA,,41.63779641229671,-70.9597371308124,,,,,﻿joh_d_brady_901,﻿Rev.,﻿John D. Brady,,,,,,,1836.0,Boston
﻿bos.ma.0154,﻿church,﻿St. Peter's,English,,,,,﻿Barnstable County,﻿Sandwich,﻿Sandwich,﻿MA,﻿MA,41.7614069400496,-70.4931098280286,,,,,﻿joh_d_brady_901,﻿Rev.,﻿John D. Brady,,,,,,,1836.0,Boston
﻿bos.ma.0152,﻿church,﻿St. Mary's,English,,,,,﻿Essex County,﻿Salem,﻿Salem,﻿MA,﻿MA,42.5212836936131,-70.8898947395781,,,,,﻿joh_d_brady_901,﻿Rev.,﻿John D. Brady,,,,,,,1836.0,Boston
﻿bos.ma.0170,﻿church,﻿St. Mary's,English,,,,,﻿Bristol County,﻿Taunton,﻿Taunton,﻿MA,﻿MA,41.9073059522244,-71.09254200986891,,,,,﻿joh_corry_901,﻿Rev.,﻿John Corry,,,,,,,1836.0,Boston
﻿bos.ma.0179,﻿church,not recorded,English,﻿once a month,,,,﻿Middlesex County,﻿Waltham,﻿Waltham,﻿MA,﻿MA,42.3784456815446,-71.2370622237897,,,,,﻿tho_lynch_901,﻿Rev.,﻿Thomas Lynch,,,,,,,1836.0,Boston
﻿bos.ma.0179,﻿church,﻿Worcester Church,English,﻿once a month,,,,﻿Middlesex County,﻿Waltham,﻿Waltham,﻿MA,,42.3784456815446,-71.2370622237897,,,,,﻿jam_fitton_901,﻿Rev.,﻿James Fitton,,,,,,,1836.0,Boston
﻿por.me.0007,﻿church,not recorded,English,,,,,,﻿Bangor,,﻿ME,,44.80387965,-68.76104988,,,,,﻿p_mcnamee_901,﻿Rev.,﻿P. McNamee,,,,,,,1836.0,Boston
﻿por.me.0018,﻿church,﻿St. Joseph's,English,,,,,﻿Washington County,﻿Eastport,﻿Eastport,﻿ME,﻿ME,44.906479986015206,-66.991127646257,,,,,﻿fra_kiernan_901,﻿Rev.,﻿Francis Kiernan,,,,,,,1836.0,Boston
﻿por.me.0023,﻿church,﻿St. Ann's,English,,,,,﻿Penobscot County,﻿Indian Old Town,﻿Old Town,﻿ME,﻿ME,44.942660343140204,-68.6521877375997,,,,,﻿jam_conway_901,﻿Rev.,﻿James Conway,,,,,,,1836.0,Boston
﻿por.me.0080,﻿church,not recorded,English,,,,,,﻿North Whitefield,,﻿ME,,44.942660343140204,-68.6521877375997,,,,,﻿p_ryan_901,﻿Rev.,﻿P. Ryan,,,,,,,1836.0,Boston
﻿por.me.9002,﻿church,not recorded,English,,,,,,﻿New Castle,,﻿ME,,44.942660343140204,-68.6521877375997,,,﻿occasionally,,﻿p_ryan_901,﻿Rev.,﻿P. Ryan,,,,,,,1836.0,Boston
﻿por.me.0002,﻿church,﻿St. Dominick's,English,,,,,﻿Cumberland County,﻿Portland,﻿Portland,﻿ME,﻿ME,43.6503245767494,-70.2626408952102,,,,,﻿cha_french_901,﻿Rev.,﻿Chas. French,,,,,,,1836.0,Boston
﻿por.me.0032,﻿church,not recorded,English,,,,,﻿Washington County,﻿Pleasant Point,﻿Sipayik,﻿ME,﻿ME,44.957351749508106,-67.0453747203092,,,,,﻿desmilliers_901,﻿Rev. Mr.,﻿Desmilliers,,,,,,,1836.0,Boston
﻿por.me.0041,﻿church,not recorded,English,,,,,﻿Sullivan County,﻿Claremont,﻿Claremont,﻿NH,﻿NH,43.3748795356664,-72.341915207252,,,,,,,,,,﻿Vacant,,,,1836.0,Boston
﻿por.me.0044,﻿church,﻿St. Aloysius,English,,,,,﻿Strafford County,﻿Dover,﻿Dover,﻿NH,﻿NH,43.1989317260965,-70.877090592035,,,,,﻿p_canavan_901,﻿Rev.,﻿P. Canavan,,,,,,,1836.0,Boston
﻿bur.vt.0001,﻿church,﻿St. Mary's,English,,,,,﻿Chittenden County,﻿Burlington,﻿Burlington,﻿VT,﻿VT,44.483453348186394,-73.2147437334854,,,,,﻿a_petithomme_901,﻿Rev.,﻿A. Petithomme,,,,,,,1836.0,Boston
﻿bur.vt.0041,﻿church,not recorded,English,,,,,,﻿Pittsford,,﻿VT,﻿VT,43.7020659,-73.0121647,,,,,﻿jer_ocallaghan_901,﻿Rev.,﻿Jeremiah O'Callaghan,,,,,,,1836.0,Boston
