instID,church_type,instName,language,instNote,placeName,region,county_orig,county_reg,city_orig,city_reg,state_orig,state_reg,latitude,longitude,attendingInstID,attendingChurch,attendingChurchFrequency,attendingChurchNote,persID,persTitle,persName,persSuffix,persRole,persNote,memberType,member,affiliated,year,diocese,diocese_reg
﻿sav.ga.0003,﻿church,﻿Holy Trinity Church,English,,,,,﻿Richmond County,﻿Augusta,﻿Augusta,﻿GA,﻿GA,33.47167613,-81.9668056,,,,,,﻿Rev.,﻿John Barry,,,,,,,1834,Charleston,Charleston
﻿sav.ga.0003,﻿church,﻿Holy Trinity Church,English,,,,,﻿Richmond County,﻿Augusta,﻿Augusta,﻿GA,,33.47167613,-81.9668056,,,,,,﻿Rev.,﻿T. Bermingham,,,,,,,1834,Charleston,Charleston
﻿sav.ga.0006,﻿church,﻿SS. Philip and James,English,,,,,﻿Muscogee County,﻿Columbus,﻿Columbus,﻿GA,﻿GA,32.468159299999996,-84.98813711,,﻿visited by Rev. M.D. O'Reilly,,,,,,,,,,,,1834,Charleston,Charleston
﻿sav.ga.0010,﻿church,not recorded,English,,,,﻿Wilson County,﻿Henry County,﻿Locust Grove,﻿Locust Grove,﻿GA,﻿GA,33.54252264,-82.77668703,,,,,,﻿Rev.,﻿M. D. O'Reilly,,,,,,,1834,Charleston,Charleston
﻿sav.ga.0001,﻿church,not recorded,English,,,,,﻿Chatham County,﻿Savannah,﻿Savannah,﻿GA,﻿GA,32.0733565,-81.0909827,,,,,,﻿Rev.,﻿Joseph Stokes,,,,,,,1834,Charleston,Charleston
﻿sav.ga.9000,﻿church,﻿St. Mary's,English,,,,,,,,﻿GA,,32.0733565,-81.0909827,,,﻿visited occasionally by Rev. Joseph Stokes,,,,,,,,,,,1834,Charleston,Charleston
"﻿After the above cluster, almanac says ""There are 12 to 14 stations in other parts of this state [GA], which are visited once or twice in the year.""",﻿church,not recorded,English,,,,,,,,,,32.0733565,-81.0909827,,,,,,,,,,,,,,1834,Charleston,Charleston
﻿cha.sc.0001,﻿cathedral,﻿Cathedral of St. Finbar,English,,,,,﻿Charleston County,﻿Charleston,﻿Charleston,﻿SC,﻿SC,32.77642653,-79.93453937,,,,,,﻿Right Rev.,﻿John England,﻿D. D.,,,,,,1834,Charleston,Charleston
﻿cha.sc.0001,﻿cathedral,﻿Cathedral of St. Finbar,English,,,,,﻿Charleston County,﻿Charleston,﻿Charleston,﻿SC,,32.77642653,-79.93453937,,,,,,﻿Rev.,﻿A. Byrne,,,,,,,1834,Charleston,Charleston
﻿cha.sc.0001,﻿cathedral,﻿Cathedral of St. Finbar,English,,,,,﻿Charleston County,﻿Charleston,﻿Charleston,﻿SC,,32.77642653,-79.93453937,,,,,,﻿Rev.,﻿R. S. Baker,,,,,,,1834,Charleston,Charleston
﻿cha.sc.0001,﻿cathedral,﻿Cathedral of St. Finbar,English,,,,,﻿Charleston County,﻿Charleston,﻿Charleston,﻿SC,,32.77642653,-79.93453937,,,,,,﻿Rev.,﻿E. J. M'Cool,,,,,,,1834,Charleston,Charleston
﻿cha.sc.0002,﻿church,﻿St. Mary's,English,,,,,﻿Charleston County,﻿Charleston,﻿Charleston,﻿SC,﻿SC,32.78189079,-79.93286629,,,,,,﻿Rev.,﻿Robert Brown,,,,,,,1834,Charleston,Charleston
﻿cha.sc.0002,﻿church,﻿St. Mary's,English,,,,,﻿Charleston County,﻿Charleston,﻿Charleston,﻿SC,,32.78189079,-79.93286629,,,,,,﻿Rev.,﻿J. Fielding,,,,,,,1834,Charleston,Charleston
﻿cha.sc.0025,﻿church,not recorded,English,,,,,﻿Richland County,﻿Columbia,﻿Columbia,﻿SC,﻿SC,34.00550865,-81.03810855,,,,,,﻿Rev.,﻿T. Bermingham,,,,,,,1834,Charleston,Charleston
﻿cha.sc.9001,﻿church,﻿St. James',English,,,,﻿Colleton District,﻿Colleton County,,,﻿SC,﻿SC,34.00550865,-81.03810855,,,,,,,,,,,,,,1834,Charleston,Charleston
﻿cha.sc.0015,﻿church,not recorded,English,,,,,,﻿Barnwell,﻿Barnwell,﻿SC,,33.2448733,-81.3587177,﻿cha.sc.0001,,﻿visited occasionally,,,,,,,,,,,1834,Charleston,Charleston
"﻿After the above cluster, almanac says ""Six or eight other stations in this state are occasionally visited by the Bishop or one of his clergymen.""",﻿church,not recorded,English,,,,,,,,,,33.2448733,-81.3587177,,,,,,,,,,,,,,1834,Charleston,Charleston
﻿vic.nc.0002,﻿church,﻿St. Patrick's,English,﻿Mass on Sundays during every second month,,,,﻿Cumberland County,﻿Fayetteville,﻿Fayetteville,﻿NC,﻿NC,35.05259752,-78.87660777,,,,,,﻿Rev.,﻿John M'Ginnis,,,,,,,1834,Charleston,Charleston
﻿vic.nc.9002,﻿church,not recorded,English,"﻿No church has yet been erected in this district; but the place of its location is fixed at Charlotte, Mecklenberg co.",,﻿Lincoln & Mecklenberg Counties,﻿Mecklenburg County,﻿Mecklenburg County,﻿Charlotte,﻿Charlotte,﻿NC,﻿NC,35.05259752,-78.87660777,,,,,,,,,,,,,,1834,Charleston,Charleston
﻿vic.nc.0004,﻿church,not recorded,English,,,,,﻿Craven County,﻿Newbern,﻿New Bern,﻿NC,﻿NC,35.08457487,-77.06842929999999,,,,,,﻿Rev.,﻿P. Whelan,,,,,,,1834,Charleston,Charleston
﻿vic.nc.9000,﻿church,not recorded,English,﻿Mass is celebrated on the Sundays of every alternate month,,,﻿Beaufort County,﻿Beaufort County,﻿Washington,﻿Washington,﻿NC,﻿NC,35.55017389,-77.05105976,,,﻿occasionally visited,,,,,,,,,,,1834,Charleston,Charleston
"﻿After the above cluster, almanac says ""Several other stations in this state are occasionally visited.""",﻿church,not recorded,English,,,,,,,,,,35.55017389,-77.05105976,,,,,,,,,,,,,,1834,Charleston,Charleston
﻿cha.sc.9000,﻿seminary,﻿Seminary of St. John the Baptist,English,,,,,﻿Charleston County,﻿Charleston,﻿Charleston,﻿SC,﻿SC,32.78424666,-79.93682791,,,,,,﻿Right Rev. Dr.,﻿England,,,,,,,1834,Charleston,Charleston
﻿cha.sc.9002,﻿academy,﻿Young Ladies' French and English Academy,English,,,,,﻿Charleston County,﻿Charleston,﻿Charleston,﻿SC,﻿SC,32.78424666,-79.93682791,,,,,,,,,,,,,﻿conducted by Les Dames de la Retraite,1834,Charleston,Charleston
﻿cha.sc.0039,﻿academy,not recorded,English,,,,,﻿Charleston County,﻿Charleston,﻿Charleston,﻿SC,﻿SC,32.77973012,-79.93818113,,,,,﻿#REF!,,,,,,,,﻿under the Sisters of Mercy,1834,Charleston,Charleston
