instID,church_type,instName,language,instNote,placeName,region,county_orig,county_reg,city_orig,city_reg,state_orig,state_reg,latitude,longitude,attendingInstID,attendingChurch,attendingChurchFrequency,attendingChurchNote,persID,persTitle,persName,persSuffix,persRole,persNote,memberType,member,affiliated,year,diocese
﻿for.in.0001,﻿cathedral,﻿Cathedral of the Immaculate Conception,English,,,,﻿Allen County,﻿Allen County,﻿Fort Wayne,﻿Fort Wayne,﻿IN,,41.075713799999996,-85.13815699999999,,,,,﻿joh_h_luers_001,﻿Rt. Rev.,﻿John H. Luers,﻿D.D.,,,,,,1868,FortWayne
﻿for.in.0001,﻿cathedral,﻿Cathedral of the Immaculate Conception,English,,,,﻿Allen County,﻿Allen County,﻿Fort Wayne,﻿Fort Wayne,﻿IN,,41.075713799999996,-85.13815699999999,,,,,﻿jul_benoit_001,﻿Very Rev.,﻿Julian Benoit,,"﻿Pastor, V.G.",,,,,1868,FortWayne
﻿for.in.0001,﻿cathedral,﻿Cathedral of the Immaculate Conception,English,,,,﻿Allen County,﻿Allen County,﻿Fort Wayne,﻿Fort Wayne,﻿IN,,41.075713799999996,-85.13815699999999,,,,,﻿edw_p_walters_001,﻿Rev.,﻿Edward P. Walters,,,,,,,1868,FortWayne
﻿for.in.0002,﻿church,﻿Mother of God,﻿German,,,,﻿Allen County,﻿Allen County,﻿Fort Wayne,﻿Fort Wayne,﻿IN,,41.0794759,-85.1362929,,,,,﻿jos_weutz_001,﻿Rev.,﻿Joseph Weutz,,﻿Pastor,,,,,1868,FortWayne
﻿for.in.0002,﻿church,﻿Mother of God,﻿German,,,,﻿Allen County,﻿Allen County,﻿Fort Wayne,﻿Fort Wayne,﻿IN,,41.0794759,-85.1362929,,,,,﻿a_a_heitmann_001,﻿Rev.,﻿A. Heitmann,,,,,,,1868,FortWayne
﻿for.in.0003,﻿church,﻿St. Paul's,﻿German,,,,﻿Allen County,﻿Allen County,﻿Fort Wayne,﻿Fort Wayne,﻿IN,,41.0755556,-85.1358333,,,,,﻿edw_koenig_001,﻿Rev.,﻿E. Koenig,,,,,,,1868,FortWayne
﻿for.in.0005,﻿church,﻿St. Patrick's,English,,,,﻿Allen County,﻿Allen County,﻿Arcola,﻿Arcola,﻿IN,,41.103349,-85.30293,﻿for.in.0023,﻿Attended from Columbia City,,,,,,,,,,,,1868,FortWayne
﻿for.in.0006,﻿church,﻿St. Francis',English,,,,﻿Fountain County,﻿Fountain County,﻿Attica,﻿Attica,﻿IN,,40.290634999999995,-87.250231,,,,,﻿jos_rademacher_001,﻿Rev.,﻿Joseph Rademacher,,﻿Pastor,,,,,1868,FortWayne
﻿for.in.0007,﻿church,﻿Assumption B.V.M.,English,,,,﻿Noble County,﻿Noble County,﻿Avilla,﻿Avilla,﻿IN,,41.365882299999996,-85.23886340000001,,,,,﻿dom_duehmig_001,﻿Rev.,﻿Dominic Duehmig,,,,,,,1868,FortWayne
﻿for.in.0008,﻿church,not recorded,English,﻿no church,,,﻿DeKalb County,﻿DeKalb County,﻿Auburn,﻿Auburn,﻿IN,,41.3669942,-85.0588575,﻿for.in.0007,﻿attended from Avilla,,,,,,,,,,,,1868,FortWayne
﻿for.in.0009,﻿church,﻿St. Mary's,English,,,,﻿Madison County,﻿Madison County,﻿Anderson,﻿Anderson,﻿IN,,40.1054143,-85.6753458,,,,,﻿jam_crawley_001,﻿Rev.,﻿James Crawley,,﻿Pastor,,,,,1868,FortWayne
﻿for.in.0010,﻿church,﻿St. Aloysius',English,,,,﻿Allen County,﻿Allen County,﻿Besançon,﻿New Haven,﻿IN,,41.0706042,-85.01441240000001,,,,,﻿adr_de-montaubricq_002,﻿Rev.,﻿Adrian de Montaubricq,,,,,,,1868,FortWayne
﻿for.in.0011,﻿church,not recorded,English,,,,﻿Pulaski County,﻿Pulaski County,﻿Bradford,,﻿IN,,40.9957383,-86.8220341,﻿for.in.0062,﻿attended from Lafayette,,,,,,,,,,,,1868,FortWayne
﻿for.in.0013,﻿church,not recorded,English,,,,﻿White County,﻿White County,﻿Brookston,﻿Brookston,﻿IN,,40.6028144,-86.8672339,﻿for.in.0062,﻿attended from Lafayette,,,,,,,,,,,,1868,FortWayne
﻿for.in.0014,﻿church,not recorded,English,,,,﻿Wells County,﻿Wells County,﻿Blufton,﻿Bluffton,﻿IN,,40.7386579,-85.1716368,﻿for.in.0001,﻿attended from Fort Wayne,,,,,,,,,,,,1868,FortWayne
﻿for.in.0185,﻿church,not recorded,English,,,,﻿Noble County,﻿Noble County,﻿Blue River,﻿Blue River,﻿IN,,40.7386579,-85.1716368,﻿for.in.0007,﻿attended from Avilla,,,,,,,,,,,,1868,FortWayne
﻿for.in.0015,﻿church,not recorded,English,,,,﻿Tippecanoe County,﻿Tippecanoe County,﻿Buck Creek,﻿Buck Creek,﻿IN,,40.4878011,-86.7615442,﻿for.in.0062,﻿attended from Lafayette,,,,,,,,,,,,1868,FortWayne
﻿for.in.0164,﻿church,not recorded,English,,﻿near Cicero,,﻿Hamilton County,,﻿Busher's,,﻿IN,,40.1239257,-86.01331809999999,﻿for.in.0109,﻿attended from Peru,,,,,,,,,,,,1868,FortWayne
﻿for.in.0016,﻿church,not recorded,English,,,,﻿Marshall County,﻿Marshall County,﻿Bourbon,﻿Bourbon,﻿IN,,41.2956002,-86.1163889,﻿for.in.0111,﻿attended from Plymouth,,,,,,,,,,,,1868,FortWayne
﻿for.in.0017,﻿church,not recorded,English,,,,﻿Elkhart County,﻿Elkhart County,﻿Bristol,﻿Bristol,﻿IN,,41.716738799999995,-85.8173723,﻿for.in.0045,﻿attended from Goshen,,,,,,,,,,,,1868,FortWayne
﻿for.in.0020,﻿church,﻿St. Patrick's,English,,,,﻿Porter County,﻿Porter County,﻿Calumet,﻿Chesterton,﻿IN,,41.56771276,-87.02368392,﻿for.in.0069,﻿attended from Laporte,,,,,,,,,,,,1868,FortWayne
﻿for.in.0021,﻿church,not recorded,English,,,,﻿Jay County,﻿Jay County,﻿Camden,﻿Pennville,﻿IN,,40.49393370000001,-85.14830400000001,﻿for.in.0135,﻿attended from St. Mary's Home,,,,,,,,,,,,1868,FortWayne
﻿for.in.0022,﻿church,not recorded,English,,,,﻿St. Joseph's County,,﻿Carlisle,﻿Carlisle,﻿IN,,38.962303399999996,-87.4025572,﻿for.in.0069,﻿attended from Laporte,,,,,,,,,,,,1868,FortWayne
﻿for.in.0023,﻿church,﻿St. Mary's,English,,,,﻿Whitley County,﻿Whitley County,﻿Columbia City,﻿Columbia City,﻿IN,,41.1572686,-85.4883127,,,,,﻿hen_schaefer_001,﻿Rev.,﻿Henry Schaefer,,﻿Pastor,,,,,1868,FortWayne
﻿for.in.0024,﻿church,not recorded,English,,,,﻿Tippecanoe County,﻿Tippecanoe County,﻿Clarke's Hill,﻿Clarks Hill,﻿IN,,40.2469805,-86.72500550000001,﻿for.in.0062,﻿attended from Lafayette,,,,,,,,,,,,1868,FortWayne
﻿for.in.0025,﻿church,not recorded,English,,,,﻿Tippecanoe County,﻿Tippecanoe County,﻿Colfax,﻿Colfax,﻿IN,,40.439530600000005,-86.8778472,﻿for.in.0062,﻿attended from Lafayette,,,,,,,,,,,,1868,FortWayne
﻿for.in.0026,﻿church,not recorded,English,,,,﻿Cass County,﻿Cass County,﻿Clymer,﻿Clymers,﻿IN,,40.707600899999996,-86.448713,﻿for.in.0081,﻿attended from Logansport,,,,,,,,,,,,1868,FortWayne
﻿for.in.0031,﻿church,﻿St. Joseph's,English,﻿church building,,,﻿Lake County,﻿Lake County,﻿Crown Point,﻿Crown Point,﻿IN,,41.4237032,-87.3611972,,,,,﻿m_p_wehrle_001,﻿Rev.,﻿M. P. Wehrle,,,,,,,1868,FortWayne
﻿for.in.0027,﻿church,not recorded,English,﻿no church,,,﻿Noble County,﻿DeKalb County,﻿Corona,﻿Corunna,﻿IN,,41.427739100000004,-85.354965,﻿for.in.0007,﻿attended from Avilla,,,,,,,,,,,,1868,FortWayne
﻿for.in.0028,﻿church,not recorded,English,﻿church building,,,﻿Fountain County,﻿Fountain County,﻿Covington,﻿Covington,﻿IN,,40.141704499999996,-87.39473570000001,﻿for.in.0006,﻿attended from Attica,,,,,,,,,,,,1868,FortWayne
﻿for.in.0029,﻿church,not recorded,English,,,,﻿Lake County,﻿Lake County,﻿Cedar Lake,﻿Cedar Lake,﻿IN,,41.3647578,-87.4411473,,,,,﻿bartolz_001,﻿Rev.,﻿- Bartolz,,,,,,,1868,FortWayne
﻿for.in.0030,﻿church,﻿St. Bernard's,English,,,,﻿Montgomery County,﻿Montgomery County,﻿Crawfordsville,﻿Crawfordsville,﻿IN,,40.0430984,-86.88277430000001,,,,,﻿cha_maugin_001,﻿Rev.,﻿Charles Maugin,,﻿Pastor,,,,,1868,FortWayne
﻿for.in.0034,﻿church,﻿St. Mary's,English,,,,﻿Adams County,﻿Adams County,﻿Decatur,﻿Decatur,﻿IN,,40.83,-84.9269444,,,,,﻿joh_wemhoff_001,﻿Rev.,﻿John Wemhoff,,,,,,,1868,FortWayne
﻿for.in.0035,﻿church,﻿St. Joseph's,English,,,,﻿Carroll County,﻿Carroll County,﻿Delphi,﻿Delphi,﻿IN,,40.574848200000005,-86.6778089,,,,,﻿tim_osullivan_001,﻿Rev.,﻿Timothy O'Sullivan,,,,,,,1868,FortWayne
﻿for.in.0036,﻿church,﻿St. Mary's,English,,,,﻿Lake County,﻿Lake County,﻿Dyer Station,﻿Dyer,﻿IN,,41.4942021,-87.5217068,,,,,﻿j_schmitz_001,﻿Rev.,﻿J. Schmitz,,,,,,,1868,FortWayne
﻿for.in.0037,﻿church,not recorded,English,﻿church building,,,﻿Elkhart County,﻿Elkhart County,﻿Elkhart,﻿Elkhart,﻿IN,,41.687383200000006,-85.973517,﻿for.in.0085,﻿attended from Mishawaka,,,,,,,,,,,,1868,FortWayne
﻿for.in.0039,﻿church,not recorded,English,,,,﻿Clinton County,﻿Clinton County,﻿Frankfort,﻿Frankfort,﻿IN,,40.2794809,-86.5108355,﻿for.in.0065,﻿attended from Lebanon,,,,,,,,,,,,1868,FortWayne
﻿for.in.0040,﻿church,not recorded,English,,,,﻿Laporte County,﻿LaPorte County,﻿Fish Lake,﻿Fish Lake,﻿IN,,41.56667,-86.55194,﻿for.in.0069,﻿attended from Laporte,,,,,,,,,,,,1868,FortWayne
﻿for.in.0041,﻿church,﻿St. Francis',English,﻿church building,,,﻿Pulaski County,﻿Pulaski County,﻿Francisville,﻿Francesville,﻿IN,,40.985487,-86.8837723,﻿for.in.0062,﻿attended from Lafayette,,,,,,,,,,,,1868,FortWayne
﻿for.in.0043,﻿church,﻿Immaculate Conception,English,,﻿Eel River,,﻿Noble County,﻿Noble County,﻿Girardot,﻿Ege,﻿IN,,41.2926375,-85.2872153,﻿for.in.0007,﻿attended from Avilla,,,,,,,,,,,,1868,FortWayne
﻿for.in.0044,﻿church,not recorded,English,,,,﻿Lake County,﻿Lake County,﻿Gibson Station,﻿Hammond,﻿IN,,41.583368799999995,-87.5000412,﻿for.in.0036,﻿attended from Dyer,,,,,,,,,,,,1868,FortWayne
﻿for.in.0045,﻿church,﻿St. John's,English,,,,﻿Elkhart County,﻿Elkhart County,﻿Goshen,﻿Goshen,﻿IN,,41.5891606,-85.8345639,﻿for.in.0036,﻿attended from Dyer,﻿temporarily,,,,,,,,,,,1868,FortWayne
﻿for.in.0046,﻿church,not recorded,English,,,,﻿Marshall County,﻿Starke County,﻿Grovertown,﻿Grovertown,﻿IN,,41.3750434,-86.5047339,﻿for.in.0111,﻿attended from Plymouth,,,,,,,,,,,,1868,FortWayne
﻿for.in.0047,﻿church,not recorded,English,,,,﻿Laporte County,﻿LaPorte County,﻿Hanna,﻿Hanna,﻿IN,,41.4123401,-86.78118590000001,﻿for.in.0146,﻿attended from Valparaiso,,,,,,,,,,,,1868,FortWayne
﻿for.in.0048,﻿church,﻿St. Elizabeth's,English,,,,﻿Cass County,﻿Cass County,﻿Harrison Township,﻿Harrison Township,﻿IN,,40.88243370000001,-86.39847929999999,﻿for.in.0081,﻿attended from Logansport,,,,,,,,,,,,1868,FortWayne
﻿for.in.0049,﻿church,not recorded,English,,,,﻿Blackford County,﻿Blackford County,﻿Hartford,﻿Hartford City,﻿IN,,40.451153999999995,-85.369972,﻿for.in.0145,﻿attended from Union City,,,,,,,,,,,,1868,FortWayne
﻿for.in.0050,﻿church,not recorded,English,,,,﻿Porter County,﻿Porter County,﻿Hebron,﻿Hebron,﻿IN,,41.3186482,-87.20030909999998,﻿for.in.0146,﻿attended from Valparaiso,,,,,,,,,,,,1868,FortWayne
﻿for.in.0051,﻿church,﻿St. Joseph's,English,,,,﻿Allen County,﻿Allen County,﻿Hesse Cassel,﻿Hessen Cassel,﻿IN,,40.9793777,-85.0825332,,,,,﻿wil_woeste_001,﻿Rev.,﻿William Woeste,,,,,,,1868,FortWayne
﻿for.in.0052,﻿church,not recorded,English,,,,﻿Porter County,﻿Lake County,﻿Hobart,﻿Hobart,﻿IN,,41.524857700000005,-87.10237459999999,﻿for.in.0146,﻿attended from Valparaiso,,,,,,,,,,,,1868,FortWayne
﻿for.in.0053,﻿church,not recorded,English,,,,﻿Porter County,﻿Porter County,﻿Horse Prairie,﻿Winfield Township,﻿IN,,41.3882839,-87.24192990000002,﻿for.in.0146,﻿attended from Valparaiso,,,,,,,,,,,,1868,FortWayne
﻿for.in.0054,﻿church,﻿SS. Peter and Paul's,English,,,,﻿Huntington County,﻿Huntington County,﻿Huntington,﻿Huntington,﻿IN,,40.8842435,-85.49927290000001,,,,,﻿jac_meyer_001,﻿Rev.,﻿Jacob Meyer,,﻿Pastor,,,,,1868,FortWayne
﻿for.in.0055,﻿church,not recorded,English,,,,﻿Warren County,﻿Warren County,﻿Independence,﻿Independence,﻿IN,,40.3376848,-87.1708364,﻿for.in.0006,﻿attended from Attica,,,,,,,,,,,,1868,FortWayne
﻿for.in.0056,﻿church,not recorded,English,,,,﻿Grant County,﻿Grant County,﻿Jonesboro,﻿Jonesboro,﻿IN,,40.4797623,-85.6277537,﻿for.in.0109,﻿attended from Peru,,,,,,,,,,,,1868,FortWayne
﻿for.in.0058,﻿church,﻿St. Patrick's,English,,,,﻿Howard County,﻿Howard County,﻿Kokomo,﻿Kokomo,﻿IN,,40.496931599999996,-86.1347262,﻿for.in.0109,﻿attended from Peru,,,,,,,,,,,,1868,FortWayne
﻿for.in.0059,﻿church,﻿St. Joseph's,English,,,,﻿Newton County,﻿Newton County,﻿Kent,﻿Kentland,﻿IN,,40.751540000000006,-87.4461626,﻿for.in.0179,"﻿attended from Orphan Asylum, Rensselaer",,,﻿jac_mayer_001,,,,,,,,,1868,FortWayne
﻿for.in.0060,﻿church,﻿Immaculate Conception,English,,,,﻿Noble County,﻿Noble County,﻿Kendallville,﻿Kendallville,﻿IN,,41.441438399999996,-85.26497540000001,﻿for.in.0007,﻿attended from Avilla,﻿twice a month,,,,,,,,,,,1868,FortWayne
﻿for.in.0061,﻿church,not recorded,English,,,,﻿Porter County,﻿Porter County,﻿Koutts Station,﻿Kouts,﻿IN,,41.316705799999994,-87.0258594,﻿for.in.0146,﻿attended from Valparaiso,,,,,,,,,,,,1868,FortWayne
﻿for.in.0062,﻿church,﻿St. Mary's,English,,,,﻿Tippecanoe County,﻿Tippecanoe County,﻿Lafayette,﻿Lafayette,﻿IN,,40.4180274,-86.8828713,,,,,﻿geo_a_hamilton_001,﻿Rev.,﻿Geo. A. Hamilton,,﻿Pastor,,,,,1868,FortWayne
﻿for.in.0062,﻿church,﻿St. Mary's,English,,,,﻿Tippecanoe County,﻿Tippecanoe County,﻿Lafayette,﻿Lafayette,﻿IN,,40.4180274,-86.8828713,,,,,﻿den_byrne_001,﻿Rev.,﻿Dennis Byrne,,,,,,,1868,FortWayne
﻿for.in.0063,﻿church,﻿St. Boniface's,﻿German,,,,﻿Tippecanoe County,﻿Tippecanoe County,﻿Lafayette,﻿Lafayette,﻿IN,,40.4207505,-86.88699820000001,,,,,﻿ven_arnold_002,﻿Rev.,﻿Venantius Arnold,﻿O.S.F.,﻿Superior,,,,,1868,FortWayne
﻿for.in.0064,﻿church,not recorded,English,,,,﻿Montgomery County,﻿Montgomery County,﻿Ladoga,﻿Ladoga,﻿IN,,39.9136554,-86.8011182,﻿for.in.0030,﻿attended from Crawfordsville,,,,,,,,,,,,1868,FortWayne
﻿for.in.0065,﻿church,﻿St. Charles Borromeo's,English,,,,﻿Boone County,﻿Boone County,﻿Lebanon,﻿Lebanon,﻿IN,,40.03827020000001,-86.47021640000001,,,,,﻿jos_a_winters_001,﻿Rev.,﻿Joseph A. Winters,,,,,,,1868,FortWayne
﻿for.in.0066,﻿church,not recorded,English,,,,﻿Noble County,﻿Noble County,﻿Lawrence,,﻿IN,,41.427739100000004,-85.354965,﻿for.in.0007,﻿attended from Avilla,,,,,,,,,,,,1868,FortWayne
﻿for.in.0067,﻿church,﻿St. Martin's,English,,,,﻿Stark County,﻿LaPorte County,﻿La Crosse,﻿La Crosse,﻿IN,,43.8137751,-91.2519017,﻿for.in.0086,﻿attended from Michigan City,,,,,,,,,,,,1868,FortWayne
﻿for.in.0069,﻿church,﻿Nativity B.V.,English,,,,﻿Laporte County,﻿LaPorte County,﻿Laporte,﻿La Porte,﻿IN,,41.6084513,-86.7180682,,,,,﻿fra_lawler_001,﻿Rev.,﻿Francis Lawler,,﻿Pastor,,,,,1868,FortWayne
﻿for.in.0070,﻿church,﻿St. Joseph's,English,,,,﻿Laporte County,﻿LaPorte County,﻿Laporte,﻿La Porte,﻿IN,,41.5991408,-86.7205742,,,,,﻿s_bartosz_001,﻿Rev.,﻿S. Bartosz,,﻿Pastor,,,,,1868,FortWayne
﻿for.in.0071,﻿church,﻿St. Leo's,English,,,,﻿Allen County,﻿Allen County,﻿Leo,﻿Leo—Cedarville,﻿IN,,41.223382799999996,-85.01107929999999,,,,,﻿the_v_poel_001,﻿Rev.,﻿Theodore Van de Poel,,,,,,,1868,FortWayne
﻿for.in.0077,﻿church,not recorded,English,﻿church building,,,﻿Lake County,﻿Lake County,﻿Lowell,﻿Lowell,﻿IN,,41.291424299999996,-87.42059029999999,﻿for.in.0029,﻿attended from Cedar Lake,,,,,,,,,,,,1868,FortWayne
﻿for.in.0078,﻿church,﻿St. Joseph's,English,﻿church building,,,﻿St. Joseph's County,﻿St. Joseph County,﻿Lowell,﻿South Bend,﻿IN,,41.681027,-86.2399645,,,,,﻿l_letourneau_001,﻿Rev.,﻿L. Letourneau,﻿C.S.C.,,,,,,1868,FortWayne
﻿for.in.0079,﻿church,﻿St. Patrick's,English,,,,﻿Wabash County,﻿Wabash County,﻿Lagro,﻿Lagro,﻿IN,,40.8380995,-85.7302608,,,,,﻿geo_steiner_001,﻿Rev.,﻿George Steiner,,﻿Pastor,,,,,1868,FortWayne
﻿for.in.0080,﻿church,﻿St. Patrick's,English,,,,﻿Noble County,﻿Noble County,﻿Ligonier,﻿Ligonier,﻿IN,,41.4658824,-85.5874848,﻿for.in.0045,﻿attended from Goshen,,,,,,,,,,,,1868,FortWayne
﻿for.in.0081,﻿church,﻿St. Vincent de Paul's,English,,,,﻿Cass County,﻿Cass County,﻿Logansport,﻿Logansport,﻿IN,,40.7536482,-86.3642181,,,,,﻿jos_b_force_001,﻿Rev.,﻿Jos. B. Force,,﻿Pastor,,,,,1868,FortWayne
﻿for.in.0081,﻿church,﻿St. Vincent de Paul's,English,,,,﻿Cass County,﻿Cass County,﻿Logansport,﻿Logansport,﻿IN,,40.7536482,-86.3642181,,,,,,﻿Rev.,﻿M. Zumbuelte,,,,,,,1868,FortWayne
﻿for.in.0083,﻿church,not recorded,English,,,,﻿Porter County,﻿Lake County,﻿Lake Station,﻿Lake Station,﻿IN,,41.5750369,-87.23892459999999,﻿for.in.0086,﻿attended from Michigan City,,,,,,,,,,,,1868,FortWayne
﻿for.in.0084,﻿church,not recorded,English,,,,,,﻿Miller's Station,﻿Gary,﻿IN,,41.6020403,-87.3371523,﻿for.in.0069,﻿attended from Laporte,,,,,,,,,,,,1868,FortWayne
﻿for.in.0085,﻿church,﻿St. Joseph's,English,,,,﻿St. Joseph's County,﻿St. Joseph County,﻿Mishawaka,﻿Mishawaka,﻿IN,,41.6619927,-86.15861559999999,,,,,﻿aug_oechtering_001,﻿Rev.,﻿Aug. Oechtering,,﻿Pastor,,,,,1868,FortWayne
﻿for.in.0086,﻿church,﻿St. Ambrose's,English,,,,﻿Laporte County,﻿LaPorte County,﻿Michigan City,﻿Michigan City,﻿IN,,41.707539399999995,-86.89502970000001,,,,,﻿jul_becks_001,﻿Rev.,﻿Julius Becks,,,,,,,1868,FortWayne
﻿for.in.0190,﻿church,﻿St. Joseph's,﻿German,,,,﻿Laporte County,﻿LaPorte County,﻿Michigan City,﻿Michigan City,﻿IN,,41.707539399999995,-86.89502970000001,,,,,﻿jul_becks_001,﻿Rev.,﻿Julius Becks,,,,,,,1868,FortWayne
﻿for.in.0087,﻿church,not recorded,English,﻿church building,,,﻿Grant County,﻿Grant County,﻿Marion,﻿Marion,﻿IN,,40.57358,-85.66935699999999,﻿for.in.0109,﻿attended from Peru,,,,,,,,,,,,1868,FortWayne
﻿for.in.0088,﻿church,not recorded,English,,,,﻿Porter County,﻿Porter County,﻿Marshall's Grove,,﻿IN,,41.524857700000005,-87.10237459999999,﻿for.in.0146,﻿attended from Valparaiso,,,,,,,,,,,,1868,FortWayne
﻿for.in.0089,﻿church,not recorded,English,,,,﻿Miami County,﻿Miami County,﻿Miami,﻿Miami,﻿IN,,40.614167,-86.106667,﻿for.in.0109,﻿attended from Peru,,,,,,,,,,,,1868,FortWayne
﻿for.in.0091,﻿church,not recorded,English,﻿church building,﻿Mullen's Settlement,,﻿Hamilton County,﻿Hamilton County,﻿Boxly,﻿Boxley,﻿IN,,40.1651672,-86.1763136,﻿for.in.0109,﻿attended from Peru,,,,,,,,,,,,1868,FortWayne
﻿for.in.0092,﻿church,not recorded,English,,,,﻿White County,﻿White County,﻿Monticello,﻿Monticello,﻿IN,,40.7453169,-86.7647343,﻿for.in.0081,﻿attended from Logansport,,,,,,,,,,,,1868,FortWayne
﻿for.in.0093,﻿church,not recorded,English,,,,﻿Laporte County,﻿La Porte County,﻿Morgan,,﻿IN,,41.4305964,-86.898358,﻿for.in.0146,﻿attended from Valparaiso,,,,,,,,,,,,1868,FortWayne
﻿for.in.0094,﻿church,not recorded,English,﻿church building,,,﻿Warren County,﻿Warren County,﻿Marshfield,﻿Marshfield,﻿IN,,40.2506976,-87.4529097,﻿for.in.0006,﻿attended from Attica,,,,,,,,,,,,1868,FortWayne
﻿for.in.0095,﻿church,not recorded,English,﻿church building,,,﻿Delaware County,﻿Delaware County,﻿Muncie,﻿Muncie,﻿IN,,40.193687700000005,-85.3876714,﻿for.in.0145,﻿attended from Union City,,,,,,,,,,,,1868,FortWayne
﻿for.in.0096,﻿church,﻿St. Ann's,English,,,,﻿Pulaski County,﻿Pulaski County,﻿Monterey,﻿Monterey,﻿IN,,41.1553883,-86.4824772,﻿for.in.0154,﻿attended from Winamac,,,,,,,,,,,,1868,FortWayne
﻿for.in.0097,﻿church,not recorded,English,,,,,,﻿Monroeville,﻿Monroeville,﻿IN,,40.9700175,-84.865243,﻿for.in.0001,﻿attended from Fort Wayne,,,,,,,,,,,,1868,FortWayne
﻿for.in.0098,﻿church,﻿St. John Evangelist's,English,,,,,,﻿Montpelier,﻿Montpelier,﻿IN,,40.55393370000001,-85.277472,﻿for.in.0145,﻿attended from Union City,,,,,,,,,,,,1868,FortWayne
﻿for.in.0100,﻿church,not recorded,English,,,,﻿Stark County,,﻿Madeiraville,﻿Medaryville,﻿IN,,41.080595,-86.89196290000001,﻿for.in.0062,﻿attended from Lafayette,,,,,,,,,,,,1868,FortWayne
﻿for.in.0101,﻿church,not recorded,English,﻿church building,,,﻿Elkhart County,﻿Elkhart County,﻿Millersburg,﻿Millersburg,﻿IN,,41.527333500000005,-85.6933094,﻿for.in.0045,﻿attended from Goshen,,,,,,,,,,,,1868,FortWayne
﻿for.in.0102,﻿church,﻿St. Vincent de Paul's,English,,,,﻿Allen County,﻿Allen County,﻿New France,﻿New Haven,﻿IN,,41.0706042,-85.01441240000001,,,,,﻿aug_adam_001,﻿Rev.,﻿Aug. Adam,,,,,,,1868,FortWayne
﻿for.in.0103,﻿church,﻿St. John the Baptist's,English,,,,﻿Allen County,﻿Allen County,﻿New Haven,﻿New Haven,﻿IN,,41.076231899999996,-85.0169754,,,,,﻿wol_giedl_001,﻿Rev.,﻿Wolfgang Giedl,,,,,,,1868,FortWayne
﻿for.in.0191,﻿church,﻿Assumption B.V.M.,English,,,,,,﻿New-Lowell,,﻿IN,,41.076231899999996,-85.0169754,,,,,,﻿Rev.,﻿L. Letourneau,﻿S.S.C.,,,,,,1868,FortWayne
﻿for.in.0104,﻿church,﻿St. Catharine's,English,,,,﻿Whitley County,﻿Whitley County,﻿Nix Settlement,﻿Columbia City,﻿IN,,41.7051917,-86.23516550000001,﻿for.in.0023,﻿attended from Columbia City,,,,,,,,,,,,1868,FortWayne
﻿for.in.0106,﻿church,﻿Sacred Heart,English,,,,﻿St. Joseph County,﻿St. Joseph County,﻿Notre Dame du Lac,,﻿IN,,40.0455917,-86.0085955,,,,,﻿a_granger_001,﻿Rev.,﻿A. Granger,﻿S.S.C.,,,,,,1868,FortWayne
﻿for.in.0107,﻿church,not recorded,English,,,,﻿Hamilton County,﻿Hamilton County,﻿Nobleville,﻿Noblesville,﻿IN,,40.5197588,-87.2477925,﻿for.in.0109,﻿attended from Peru,,,,,,,,,,,,1868,FortWayne
﻿for.in.0108,﻿church,not recorded,English,﻿church building,,,﻿Benton County,﻿Benton County,﻿Oxford,﻿Oxford,﻿IN,,40.7536115,-86.07238670000001,,,,,﻿ocallaghan_001,﻿Rev.,﻿— O'Callaghan,,,,,,,1868,FortWayne
﻿for.in.0109,﻿church,﻿St. Charles Borromeo's,English,﻿new church building,,,﻿Miami County,﻿Miami County,﻿Peru,﻿Peru,﻿IN,,40.7536115,-86.07238670000001,,,,,﻿ber_kroeger_001,﻿Rev.,﻿Bernard Kroeger,,,,,,,1868,FortWayne
﻿for.in.0109,﻿church,﻿St. Charles Borromeo's,English,﻿new church building,,,﻿Miami County,﻿Miami County,﻿Peru,﻿Peru,﻿IN,,40.0024979,-85.7456911,,,,,﻿mic_haly_001,﻿Rev.,﻿Michael Haly,,,,,,,1868,FortWayne
﻿for.in.0110,﻿church,not recorded,English,,,,﻿Madison County,﻿Madison County,﻿Pendleton,﻿Pendleton,﻿IN,,41.344806,-86.3106171,﻿for.in.0009,﻿attended from Anderson,,,,,,,,,,,,1868,FortWayne
﻿for.in.0111,﻿church,﻿St. Michael's,English,,,,﻿Marshall County,﻿Marshall County,﻿Plymouth,﻿Plymouth,﻿IN,,41.4897279,-87.30161319999999,,,,,﻿fra_siegelack_001,﻿Rev.,﻿Francis Siegelack,,,,,,,1868,FortWayne
﻿for.in.0112,﻿church,not recorded,English,,,,﻿Lake County,﻿Lake County,﻿Pine Station,,﻿IN,,40.9771586,-86.6548114,﻿for.in.0069,﻿attended from Laporte,,,,,,,,,,,,1868,FortWayne
﻿for.in.0113,﻿church,not recorded,English,,,,﻿Pulaski County,﻿Pulaski County,﻿Pulaski,﻿Pulaski,﻿IN,,41.19920689999999,-85.708251,﻿for.in.0154,﻿attended from Winamac,,,,,,,,,,,,1868,FortWayne
﻿for.in.0114,﻿church,﻿St. Francis',English,,,,﻿Kosciusko County,﻿Kosciusko County,﻿Pierceton,﻿Pierceton,﻿IN,,41.014924,-86.414063,﻿for.in.0111,﻿attended from Plymouth,,,,,,,,,,,,1868,FortWayne
﻿for.in.0115,﻿church,﻿St. Ann's,English,,,,﻿Fulton County,﻿Fulton County,﻿Pleasant Grove,﻿Kewanna,﻿IN,,40.9481859,-85.1670747,﻿for.in.0081,﻿attended from Logansport,,,,,,,,,,,,1868,FortWayne
﻿for.in.0116,﻿church,﻿St. Aloysius',English,,,,﻿Allen County,﻿Allen County,﻿Pleasant Township,﻿Pleasant Township,﻿IN,,38.355323600000006,-87.56752220000001,﻿for.in.0051,﻿attended from Hesse Cassel,,,,,,,,,,,,1868,FortWayne
﻿for.in.0196,﻿church,not recorded,English,﻿new frame church,,,﻿Gibson County,﻿Gibson County,﻿Princeton,﻿Princeton,﻿IN,,38.355323600000006,-87.56752220000001,,,,,,,,,,,,,,1868,FortWayne
﻿for.in.0118,﻿church,not recorded,English,﻿church building,,,﻿Madison County,﻿Madison County,﻿Quincy,﻿Elwood,﻿IN,,41.4918323,-85.37666540000001,﻿for.in.0009,﻿attended from Anderson,,,,,,,,,,,,1868,FortWayne
﻿for.in.0120,﻿church,not recorded,English,﻿no church,,,﻿Noble County,﻿Noble County,﻿Rome City,﻿Rome City,﻿IN,,41.427739100000004,-85.354965,﻿for.in.0007,﻿attended from Avilla,,,,,,,,,,,,1868,FortWayne
﻿for.in.0195,﻿church,not recorded,English,﻿no church,,,﻿Noble County,﻿Noble County,﻿Rome Station,﻿Rome Station,﻿IN,,40.30134879999999,-85.354965,﻿for.in.0007,﻿attended from Avilla,,,,,,,,,,,,1868,FortWayne
﻿for.in.0122,﻿church,not recorded,English,,,,﻿Tippecanoe County,﻿Tippecanoe County,﻿Raub's Station,﻿South Raub,﻿IN,,40.749483399999995,-86.8716807,﻿for.in.0062,﻿attended from Lafayette,,,,,,,,,,,,1868,FortWayne
﻿for.in.0123,﻿church,﻿St. Anthony's,English,,,,﻿White County,﻿White County,﻿Reynolds,﻿Reynolds,﻿IN,,40.9625467,-85.37330779999999,﻿for.in.0062,﻿attended from Lafayette,,,,,,,,,,,,1868,FortWayne
﻿for.in.0124,﻿church,not recorded,English,,,,﻿Huntington County,﻿Huntington County,﻿Roanoke,﻿Roanoke,﻿IN,,40.6549453,-86.5703554,﻿for.in.0001,﻿attended from Cathedral,,,,,,,,,,,,1868,FortWayne
﻿for.in.0125,﻿church,not recorded,English,,,,﻿Carroll County,﻿Carroll County,﻿Rock Creek Township,﻿Rock Creek Township,﻿IN,,40.9367045,-87.1508562,﻿for.in.0035,﻿attended from Delphi,,,﻿jos_a_stephan_001,,,,,,,,,1868,FortWayne
﻿for.in.0126,﻿church,not recorded,English,﻿church building,,,﻿Jasper County,﻿Jasper County,﻿Rensselaer,﻿Rensselaer,﻿IN,,41.759299299999995,-86.2697017,,,,,﻿a_stephan_001,﻿Rev.,﻿A. Stephan,,,,,,,1868,FortWayne
﻿for.in.0127,﻿church,﻿St. Patrick's,English,,,,﻿St. Joseph's County,﻿St. Joseph County,﻿South Bend,﻿South Bend,﻿IN,,41.198625899999996,-86.8940195,,,,,﻿p_cooney_001,﻿Rev.,﻿P. Cooney,﻿S.S.C.,,,,,,1868,FortWayne
﻿for.in.0128,﻿church,﻿St. John's,English,,,,﻿Stark County,﻿Starke County,﻿St. Pierre's,﻿San Pierre,﻿IN,,41.4897279,-87.30161319999999,﻿for.in.0062,﻿attended from Lafayette,,,,,,,,,,,,1868,FortWayne
﻿for.in.0129,﻿church,﻿St. John Evangelist's,English,,,,﻿Lake County,﻿Lake County,,,﻿IN,,38.066082,-87.64370699999999,,,,,﻿b_rachor_001,﻿Rev.,﻿B. Rachor,,,,,,,1868,FortWayne
﻿for.in.0197,﻿church,﻿St. Joseph's,English,,,,﻿Vanderburgh County,﻿Vanderburgh County,,,﻿IN,,38.066082,-87.64370699999999,,,,,,﻿Rev.,﻿J. B. Merl,,,,,,,1868,FortWayne
﻿for.in.0130,﻿church,not recorded,English,,,,﻿Carroll County,﻿Carroll County,﻿Sugar Creek,,﻿IN,,40.2861763,-86.7710633,﻿for.in.0035,﻿attended from Delphi,,,,,,,,,,,,1868,FortWayne
﻿for.in.0131,﻿church,not recorded,English,,,,﻿Tippecanoe County,﻿Tippecanoe County,﻿Stockwell,﻿Stockwell,﻿IN,,40.282566100000004,-86.0529604,﻿for.in.0065,﻿attended from Lebanon,,,,,,,,,,,,1868,FortWayne
﻿for.in.0132,﻿church,not recorded,English,,,,﻿Tipton County,﻿Tipton County,﻿Shielsville,,﻿IN,,40.379482200000005,-86.0886009,﻿for.in.0109,﻿attended from Peru,,,,,,,,,,,,1868,FortWayne
﻿for.in.0133,﻿church,not recorded,English,,,,﻿Tipton County,﻿Tipton County,﻿Sharpsville,﻿Sharpsville,﻿IN,,40.197207299999995,-87.5270582,﻿for.in.0109,﻿attended from Peru,,,,,,,,,,,,1868,FortWayne
﻿for.in.0134,﻿church,not recorded,English,,,,﻿Warren County,﻿Warren County,﻿State Line,﻿State Line City,﻿IN,,40.446528799999996,-85.02334599999999,﻿for.in.0006,﻿attended from Attica,,,﻿jos_a_stephan_001,,,,,,,,,1868,FortWayne
﻿for.in.0135,﻿church,﻿Holy Trinity,English,,﻿St. Mary's Home,,﻿Jay County,﻿Jay County,,,﻿IN,,40.446528799999996,-85.02334599999999,,,,,﻿pet_wilhelmi_001,﻿Rev.,﻿Peter Wilhelmi,﻿C.PP.S.,,,,,,1868,FortWayne
﻿for.in.0135,﻿church,﻿Holy Trinity,English,,﻿St. Mary's Home,,﻿Jay County,﻿Jay County,,,﻿IN,,40.446528799999996,-85.02334599999999,,,,,,﻿Rev.,﻿Paul Reuter,﻿C.PP.S.,,,,,,1868,FortWayne
﻿for.in.0136,﻿church,not recorded,English,,,,﻿Porter County,﻿Porter County,﻿Stark,,﻿IN,,40.1294798,-86.606596,﻿for.in.0111,﻿attended from Plymouth,,,,,,,,,,,,1868,FortWayne
﻿for.in.0137,﻿church,not recorded,English,,,,﻿Boone County,﻿Boone County,﻿Thornton,﻿Thorntown,﻿IN,,41.593091799999996,-87.36614959999999,﻿for.in.0062,﻿attended from Lafayette,,,,,,,,,,,,1868,FortWayne
﻿for.in.0138,﻿church,not recorded,English,,,,﻿Lake County,﻿Lake County,﻿Tolleston,﻿Tolleston,﻿IN,,41.5123154,-87.3448128,﻿for.in.0086,﻿attended from Michigan City,,,,,,,,,,,,1868,FortWayne
﻿for.in.0139,﻿church,﻿SS. Peter and Paul,English,,﻿Merrillsville P.O.,,﻿Lake County,﻿Lake County,﻿Turkey Creek,﻿Merrillville,﻿IN,,40.2822598,-86.041098,﻿for.in.0036,﻿attended from Dyer,,,,,,,,,,,,1868,FortWayne
﻿for.in.0140,﻿church,not recorded,English,,,,﻿Tipton County,﻿Tipton County,﻿Tipton,﻿Tipton,﻿IN,,40.2753088,-86.15109029999999,﻿for.in.0109,﻿attended from Peru,,,,,,,,,,,,1868,FortWayne
﻿for.in.0141,﻿church,not recorded,English,,,,﻿Tipton County,﻿Tipton County,﻿Tetersburgh,﻿Tetersburg,﻿IN,,41.7022679,-86.47723859999999,﻿for.in.0109,﻿attended from Peru,,,,,,,,,,,,1868,FortWayne
﻿for.in.0142,﻿church,not recorded,English,,,,﻿St. Joseph's County,﻿St. Joseph County,﻿Terre CoupeÉ,﻿Terre Coupee,﻿IN,,40.373647,-86.9488985,﻿for.in.0069,﻿attended from Laporte,,,,,,,,,,,,1868,FortWayne
﻿for.in.0143,﻿church,not recorded,English,,,,﻿Tippecanoe County,﻿Tippecanoe County,﻿Taylor's Station,﻿Shadeland,﻿IN,,41.4897279,-87.30161319999999,﻿for.in.0062,﻿attended from Lafayette,,,,,,,,,,,,1868,FortWayne
﻿for.in.0144,﻿church,not recorded,English,,,,﻿Lake County,﻿Lake County,﻿Twenty Mile Prairie,﻿Portage,﻿IN,,40.20066370000001,-84.8117436,﻿for.in.0146,﻿attended from Valparaiso,,,,,,,,,,,,1868,FortWayne
﻿for.in.0145,﻿church,﻿St. Mary's,English,,,,﻿Randolph County,﻿Randolph County,﻿Union,﻿Union City,﻿IN,,41.4538973,-87.0380661,,,,,﻿l_lamour_001,﻿Rev.,﻿L. Lamour,,﻿Pastor,,,,,1868,FortWayne
﻿for.in.0146,﻿church,﻿St. Paul's,English,,,,﻿Porter County,﻿Porter County,﻿Valparaiso,﻿Valparaiso,﻿IN,,41.2381,-85.85304690000001,,,,,﻿mic_oreilly_001,﻿Rev.,﻿Michael O'Reilly,,,,,,,1868,FortWayne
﻿for.in.0147,﻿church,not recorded,English,,,,﻿Kosciusko County,﻿Kosciusko County,﻿Warsaw,﻿Warsaw,﻿IN,,41.4319946,-85.0199666,﻿for.in.0111,﻿attended from Plymouth,,,,,,,,,,,,1868,FortWayne
﻿for.in.0148,﻿church,﻿St. Francis',English,,,,﻿De Kalb County,﻿DeKalb County,﻿Waterloo City,﻿Waterloo,﻿IN,,40.8033875,-85.8486236,﻿for.in.0007,﻿attended from Avilla,,,,,,,,,,,,1868,FortWayne
﻿for.in.0149,﻿church,﻿St. Bernard's,English,,,,﻿Wabash County,﻿Wabash County,﻿Wabash,﻿Wabash,﻿IN,,41.2734513,-87.48020679999999,﻿for.in.0079,﻿attended from Lagro,,,,,,,,,,,,1868,FortWayne
﻿for.in.0150,﻿church,﻿St. Anthony's,English,,﻿Brunswick P.O.,,﻿Lake County,﻿Lake County,﻿West Creek,﻿West Creek Township,﻿IN,,40.3449627,-87.04289820000001,,,,,﻿hen_rensen_001,﻿Rev.,﻿Henry Rensen,,,,,,,1868,FortWayne
﻿for.in.0151,﻿church,not recorded,English,,,,﻿Tippecanoe County,﻿Tippecanoe County,﻿West Point,﻿West Point,﻿IN,,41.5414297,-86.9005825,﻿for.in.0006,﻿attended from Attica,,,,,,,,,,,,1868,FortWayne
﻿for.in.0152,﻿church,﻿St. Francis',English,,,,﻿Laporte County,﻿LaPorte County,﻿Westville,﻿Westville,﻿IN,,40.171989200000006,-84.98135490000001,﻿for.in.0069,﻿attended from Laporte,,,,,,,,,,,,1868,FortWayne
﻿for.in.0153,﻿church,not recorded,English,,,,﻿Randolph County,﻿Randolph County,﻿Winchester,﻿Winchester,﻿IN,,41.0514299,-86.6030648,﻿for.in.0145,﻿attended from Union,,,,,,,,,,,,1868,FortWayne
﻿for.in.0154,﻿church,not recorded,English,,,,﻿Pulaski County,﻿Pulaski County,﻿Winamac,﻿Winamac,﻿IN,,40.2883704,-87.29389990000001,,,,,﻿hen_koenig_001,﻿Rev.,﻿Henry Koenig,,﻿Pastor,,,,,1868,FortWayne
﻿for.in.0155,﻿church,not recorded,English,,,,﻿Warren County,﻿Warren County,﻿Williamsport,﻿Williamsport,﻿IN,,39.960612299999994,-86.35090840000001,﻿for.in.0006,﻿attended from Attica,,,,,,,,,,,,1868,FortWayne
﻿for.in.0156,﻿church,not recorded,English,,,,﻿Boone County,﻿Boone County,﻿Whitestown,﻿Whitestown,﻿IN,,40.758094899999996,-87.0416838,﻿for.in.0062,﻿attended from Lafayette,,,,,,,,,,,,1868,FortWayne
﻿for.in.0158,﻿church,not recorded,English,﻿church building,,,﻿White County,﻿White County,﻿Wolcott,﻿Wolcott,﻿IN,,41.524857700000005,-87.10237459999999,﻿for.in.0059,﻿attended from Kent,,,,,,,,,,,,1868,FortWayne
﻿for.in.0159,﻿church,not recorded,English,,,,﻿Porter County,﻿LaPorte County,﻿Wanatah,﻿Wanatah,﻿IN,,41.4568281,-85.4820301,﻿for.in.0146,﻿attended from Valparaiso,,,,,,,,,,,,1868,FortWayne
﻿for.in.0160,﻿church,not recorded,English,﻿no church,,,﻿Noble County,﻿Noble County,﻿Wowaukea,﻿Wawaka,﻿IN,,41.7080939,-86.24013609999999,﻿for.in.0007,﻿attended from Avilla,,,,,,,,,,,,1868,FortWayne
﻿for.in.0198,﻿church,﻿Congregation of Holy Cross,English,,,,﻿St. Joseph's County,﻿St. Joseph County,﻿Notre Dame,﻿Notre Dame,﻿IN,,41.7080939,-86.24013609999999,,,,,,﻿Rev.,﻿A. Granger,﻿S.S.C.,,,,,,1868,FortWayne
﻿for.in.0198,﻿church,﻿Congregation of Holy Cross,English,,,,﻿St. Joseph's County,﻿St. Joseph County,﻿Notre Dame,﻿Notre Dame,﻿IN,,41.7080939,-86.24013609999999,,,,,,﻿Very Rev.,﻿E. Sorin,﻿S.S.C.,﻿Provincial,,﻿scholastic,﻿4 scholastics,,1868,FortWayne
﻿for.in.0198,﻿church,﻿Congregation of Holy Cross,English,,,,﻿St. Joseph's County,﻿St. Joseph County,﻿Notre Dame,﻿Notre Dame,﻿IN,,41.7080939,-86.24013609999999,,,,,,﻿Rev.,﻿W. Corby,﻿S.S.C.,﻿Superior,,﻿lay brother,﻿87 professed lay brothers,,1868,FortWayne
﻿for.in.0198,﻿church,﻿Congregation of Holy Cross,English,,,,﻿St. Joseph's County,﻿St. Joseph County,﻿Notre Dame,﻿Notre Dame,﻿IN,,41.7080939,-86.24013609999999,,,,,,﻿Very Rev.,﻿A. Granger,﻿S.S.C.,,,﻿novice,﻿52 novices,,1868,FortWayne
﻿for.in.0198,﻿church,﻿Congregation of Holy Cross,English,,,,﻿St. Joseph's County,﻿St. Joseph County,﻿Notre Dame,﻿Notre Dame,﻿IN,,41.7080939,-86.24013609999999,,,,,,﻿Rev.,﻿N. H. Gillespie,﻿S.S.C.,,,﻿postulant,"﻿12 postulants, Josephites",,1868,FortWayne
﻿for.in.0198,﻿church,﻿Congregation of Holy Cross,English,,,,﻿St. Joseph's County,﻿St. Joseph County,﻿Notre Dame,﻿Notre Dame,﻿IN,,41.7080939,-86.24013609999999,,,,,,﻿Rev.,﻿L. Letourneau,﻿S.S.C.,,,﻿postulant,"﻿12 postulants, Josephites",,1868,FortWayne
﻿for.in.0198,﻿church,﻿Congregation of Holy Cross,English,,,,﻿St. Joseph's County,﻿St. Joseph County,﻿Notre Dame,﻿Notre Dame,﻿IN,,41.7080939,-86.24013609999999,,,,,,﻿Rev.,﻿T. Cooney,﻿S.S.C.,,,﻿postulant,"﻿12 postulants, Josephites",,1868,FortWayne
﻿for.in.0198,﻿church,﻿Congregation of Holy Cross,English,,,,﻿St. Joseph's County,﻿St. Joseph County,﻿Notre Dame,﻿Notre Dame,﻿IN,,41.7080939,-86.24013609999999,,,,,,﻿Rev.,﻿A. Lemonnier,﻿S.S.C.,,,﻿postulant,"﻿12 postulants, Josephites",,1868,FortWayne
﻿for.in.0198,﻿church,﻿Congregation of Holy Cross,English,,,,﻿St. Joseph's County,﻿St. Joseph County,﻿Notre Dame,﻿Notre Dame,﻿IN,,41.7080939,-86.24013609999999,,,,,,﻿Rev.,﻿T. Gillen,﻿S.S.C.,,,﻿postulant,"﻿12 postulants, Josephites",,1868,FortWayne
﻿for.in.0198,﻿church,﻿Congregation of Holy Cross,English,,,,﻿St. Joseph's County,﻿St. Joseph County,﻿Notre Dame,﻿Notre Dame,﻿IN,,41.7080939,-86.24013609999999,,,,,,﻿Rev.,﻿M. B. Brown,﻿S.S.C.,,,﻿postulant,"﻿12 postulants, Josephites",,1868,FortWayne
﻿for.in.0198,﻿church,﻿Congregation of Holy Cross,English,,,,﻿St. Joseph's County,﻿St. Joseph County,﻿Notre Dame,﻿Notre Dame,﻿IN,,41.7080939,-86.24013609999999,,,,,,﻿Rev.,﻿Thos. Vagnier,﻿S.S.C.,,,﻿postulant,"﻿12 postulants, Josephites",,1868,FortWayne
﻿for.in.0198,﻿church,﻿Congregation of Holy Cross,English,,,,﻿St. Joseph's County,﻿St. Joseph County,﻿Notre Dame,﻿Notre Dame,﻿IN,,41.70419827,-86.24013609999999,,,,,,﻿Rev.,﻿D. J. Spillard,﻿S.S.C.,,,﻿postulant,"﻿12 postulants, Josephites",,1868,FortWayne
﻿for.in.0165,﻿novitiate,﻿St. Aloysius' Novitiate,English,,,,,,,,,,41.70419827,-86.24013609999999,,,,,﻿jas_dillon_001,﻿Rev.,﻿Jas. Dillon,﻿S.S.C.,﻿Master of Novices Salvatorists,,,,,1868,FortWayne
﻿for.in.0165,﻿novitiate,﻿St. Aloysius' Novitiate,English,,,,,,,,,,41.70419827,-86.24013609999999,,,,,﻿j_frère_001,﻿Rev.,﻿J. Frère,﻿S.S.C.,"﻿Socius, St. Joseph's Novitiate",,,,,1868,FortWayne
﻿for.in.0165,﻿novitiate,﻿St. Aloysius' Novitiate,English,,,,,,,,,,41.70419827,-86.24013609999999,,,,,﻿j_c_carrier_001,﻿Rev.,﻿J. C. Carrier,﻿S.S.C.,﻿Master of Novices Josephites,,,,,1868,FortWayne
﻿for.in.0165,﻿novitiate,﻿St. Aloysius' Novitiate,English,,,,,,,,,,41.705962799999995,-86.2603869,,,,,﻿w_ruthmans_001,﻿Rev.,﻿W. Ruthmans,﻿S.S.C.,﻿Socius,,,,,1868,FortWayne
﻿for.in.0166,"﻿convent, novitiate, academy",﻿Community of the Sisters of the Holy Cross,English,﻿Engaged in the education of youth and works of mercy,﻿Notre Dame P.O.,,﻿St. Joseph's County,,,,﻿IN,,41.705962799999995,-86.2603869,,,,,,﻿Mother,﻿Mary Angelica,,﻿Local and Provincial Superior,,﻿professed,﻿175 professed,,1868,FortWayne
﻿for.in.0166,"﻿convent, novitiate, academy",﻿Community of the Sisters of the Holy Cross,English,﻿Engaged in the education of youth and works of mercy,﻿Notre Dame P.O.,,﻿St. Joseph's County,,,,﻿IN,,41.705962799999995,-86.2603869,,,,,,,,,,,﻿novices,﻿35 novices,,1868,FortWayne
﻿for.in.0166,"﻿convent, novitiate, academy",﻿Community of the Sisters of the Holy Cross,English,﻿Engaged in the education of youth and works of mercy,﻿Notre Dame P.O.,,﻿St. Joseph's County,,,,﻿IN,,41.7051917,-86.23516550000001,,,,,,,,,,,﻿postulants,﻿8 postulants,,1868,FortWayne
﻿for.in.0169,﻿university,﻿University of Notre Dame,English,﻿Incorporated in 1844.,,,﻿St. Joseph's County,,,,﻿IN,,41.7051917,-86.23516550000001,,,,,﻿w_corby_001,﻿Rev.,﻿W. Corby,﻿S.S.C.,﻿President,,"﻿professors, tutors",﻿30 professors and tutors,﻿conducted by the Rev. Fathers of the Congregation of Holy Cross.,1868,FortWayne
﻿for.in.0169,﻿university,﻿University of Notre Dame,English,﻿Incorporated in 1844.,,,﻿St. Joseph's County,,,,﻿IN,,41.7051917,-86.23516550000001,,,,,﻿a_lemonier_001,﻿Rev.,﻿A. Lemonier,﻿S.S.C.,﻿Vice-President,,﻿pupils,﻿450 pupils,﻿conducted by the Rev. Fathers of the Congregation of Holy Cross.,1868,FortWayne
﻿for.in.0169,﻿university,﻿University of Notre Dame,English,﻿Incorporated in 1844.,,,﻿St. Joseph's County,,,,﻿IN,,41.7051917,-86.23516550000001,,,,,﻿n_h_gillen_001,﻿Rev.,﻿N. H. Gillen,﻿S.S.C.,﻿Prefect of Discipline,,﻿pupils,﻿450 pupils,﻿conducted by the Rev. Fathers of the Congregation of Holy Cross.,1868,FortWayne
﻿for.in.0146_02,﻿school,﻿St. Paul's High School,English,,,,,,﻿Valparaiso,,﻿IN,,20.593684,78.96288,,,,,﻿mic_oreilly_001,﻿Rev.,﻿Michael O'Reilly,,﻿Principal,,,,,1868,FortWayne
﻿for.in.0171,﻿school,﻿Manual Labor School,English,,,,,,﻿Notre Dame,,﻿IN,,20.593684,78.96288,,,,,,﻿Brother,﻿Constantine,,﻿Director,,﻿apprentices,﻿49 apprentices,,1868,FortWayne
﻿for.in.0192,﻿academy,﻿St. Mary's Academy,English,,,,﻿St. Joseph's County,,,,﻿IN,,20.593684,78.96288,,,,,,﻿Mother,﻿Mary,,﻿Superior,,﻿teachers,﻿30 teachers,"﻿Under the charge of the Sisters of the Holy Cross (order contains 175 sisters, 42 novices, and 8 postulants)",1868,FortWayne
﻿for.in.0192,﻿academy,﻿St. Mary's Academy,English,,,,﻿St. Joseph's County,,,,﻿IN,,20.593684,78.96288,,,,,,,,,,,﻿boarders,﻿225 boarders,"﻿Under the charge of the Sisters of the Holy Cross (order contains 175 sisters, 42 novices, and 8 postulants)",1868,FortWayne
﻿for.in.0192,﻿academy,﻿St. Mary's Academy,English,,,,﻿St. Joseph's County,,,,﻿IN,,20.593684,78.96288,,,,,,,,,,,﻿sisters,﻿167 sisters,"﻿Under the charge of the Sisters of the Holy Cross (order contains 175 sisters, 42 novices, and 8 postulants)",1868,FortWayne
﻿for.in.0192,﻿academy,﻿St. Mary's Academy,English,,,,﻿St. Joseph's County,,,,﻿IN,,20.593684,78.96288,,,,,,,,,,,﻿novices,﻿30 novices,"﻿Under the charge of the Sisters of the Holy Cross (order contains 175 sisters, 42 novices, and 8 postulants)",1868,FortWayne
﻿for.in.0192,﻿academy,﻿St. Mary's Academy,English,,,,﻿St. Joseph's County,,,,﻿IN,,20.593684,78.96288,,,,,,,,,,,﻿postulants,﻿10 postulants,"﻿Under the charge of the Sisters of the Holy Cross (order contains 175 sisters, 42 novices, and 8 postulants)",1868,FortWayne
﻿for.in.0172,﻿academy,﻿St. Rose's Academy,English,,,,﻿Laporte County,,﻿Laporte,,﻿IN,,20.593684,78.96288,,,,,,﻿Sister,﻿Eusebia,,﻿Directress,,,,﻿Directed by the Sisters of the Holy Cross,1868,FortWayne
﻿for.in.0173,﻿academy,﻿St. Charles' Academy,English,,,,﻿Montgomery County,,﻿Crawfordsville,,﻿IN,,20.593684,78.96288,,,,,,﻿Sister,﻿M. Euphrosine,,﻿Directress,,﻿sisters,﻿5 Sisters of the Holy Cross,﻿Directed by the Sisters of the Holy Cross,1868,FortWayne
﻿for.in.0173,﻿academy,﻿St. Charles' Academy,English,,,,﻿Montgomery County,,﻿Crawfordsville,,﻿IN,,20.593684,78.96288,,,,,,,,,,,﻿pupils,﻿68 pupils,﻿Directed by the Sisters of the Holy Cross,1868,FortWayne
﻿for.in.0173,﻿academy,﻿St. Charles' Academy,English,,,,﻿Montgomery County,,﻿Crawfordsville,,﻿IN,,41.07401935,-85.13797461,,,,,,,,,,,﻿children,"﻿Parish school, 80 children",﻿Directed by the Sisters of the Holy Cross,1868,FortWayne
﻿for.in.0174,﻿academy,﻿Academy of the Holy Angels,English,,,,﻿Cass County,,﻿Logansport,,﻿IN,,41.07401935,-85.13797461,,,,,,﻿Sister,﻿M. Edward,,﻿Directress,,,,﻿Directed by the Sisters of the Holy Cross,1868,FortWayne
﻿for.in.0180,﻿school,﻿St. Augustine's Day-School,English,"﻿This house is prepared to accomodate about 30 boarders.  School is divided into three classes, the third is a high school department. Letters written to the establishment are addressed to ""Sister-Superior.""",,,,,﻿Fort Wayne,,﻿IN,,41.07401935,-85.13797461,,,,,,,,,,,,,﻿Conducted by the Sisters of Providence from St. Mary's of the Woods.,1868,FortWayne
﻿for.in.0203,﻿school,﻿Brothers of the Holy Cross,English,,,,,,﻿Lafayette,,﻿IN,,40.446528799999996,-85.02334599999999,,,,,,﻿Brother,﻿Bernard,,﻿Superior,,,,,1868,FortWayne
﻿for.in.0181,﻿school,﻿St. Ignatius' Day School,English,"﻿About 30 boarders can be accomodated. There are three separate classes - a high school, a common school, and a German school. Each has its locality in the city. Letters written to the house are addressed to ""Sister-Superior.""",,,,,﻿Lafayette,,﻿IN,,40.446528799999996,-85.02334599999999,,,,,,,,,,,,,﻿Conducted by the Sisters of Providence from St. Mary's of the Woods.,1868,FortWayne
﻿for.in.0182,﻿convent,﻿Convent Sisters of Precious Blood,English,,﻿St. Mary's Home,,﻿Jay County,,,,﻿IN,,40.446528799999996,-85.02334599999999,,,,,,,,,,,,,,1868,FortWayne
﻿for.in.0001_02,﻿school,﻿Cathedral School,English,﻿for boys,,,,,﻿Fort Wayne,,﻿IN,,40.446528799999996,-85.02334599999999,,,,,,﻿Brother,﻿Ephraim,,﻿Superior,,﻿brothers,﻿5 Brothers of the Holy Cross,,1868,FortWayne
