instID,church_type,instName,language,instNote,placeName,region,county_orig,county_reg,city_orig,city_reg,state_orig,state_reg,latitude,longitude,attendingInstID,attendingChurch,attendingChurchFrequency,attendingChurchNote,persID,persTitle,persName,persSuffix,persRole,persNote,memberType,member,affiliated,year,diocese,diocese_reg
﻿gal.tx.0001,﻿cathedral,﻿St. Mary's Cathedral,English,,,,﻿Galveston County,,﻿Galveston,﻿Galveston,﻿TX,,﻿#REF!,﻿#REF!,,,,,﻿c_m_dubuis_001,﻿Rt. Rev.,﻿C. M. Dubuis,﻿D.D.,,,,,,1867,﻿Galveston,Galveston
﻿gal.tx.0001,﻿cathedral,﻿St. Mary's Cathedral,English,,,,﻿Galveston County,,﻿Galveston,﻿Galveston,﻿TX,,﻿#REF!,﻿#REF!,,,,,﻿l_c_chambodut_001,﻿Very Rev.,﻿L. C. M. Chambodut,,﻿Vicar-General,,,,,1867,﻿Galveston,Galveston
﻿gal.tx.0001,﻿cathedral,﻿St. Mary's Cathedral,English,,,,﻿Galveston County,,﻿Galveston,﻿Galveston,﻿TX,,﻿#REF!,﻿#REF!,,,,,﻿tho_johnston_001,﻿Rev.,﻿Thomas Johnston,,,,,,,1867,﻿Galveston,Galveston
﻿gal.tx.0002,﻿church,﻿St. Joseph's Church,English,,,,﻿Galveston County,,﻿Galveston,﻿Galveston,﻿TX,,﻿#REF!,﻿#REF!,,,,,﻿jos_anstaett_001,﻿Very Rev.,﻿Joseph Anstaett,,﻿Vicar-Chancellor,,,,,1867,﻿Galveston,Galveston
﻿gal.tx.0154,﻿college,﻿St. Mary's College,English,﻿under the care of the Brothers of the Christian Doctrine,,,﻿Galveston County,,﻿Galveston,,﻿TX,,﻿#REF!,﻿#REF!,,,,,﻿jos_anstaett_001,﻿Very Rev.,﻿Joseph Anstaett,,﻿Chaplain,,,,,1867,﻿Galveston,Galveston
﻿gal.tx.0154,﻿college,﻿St. Mary's College,English,﻿under the care of the Brothers of the Christian Doctrine,,,﻿Galveston County,,﻿Galveston,,﻿TX,,﻿#REF!,﻿#REF!,,,,,,﻿Brother,﻿Joachim,,﻿Director,,﻿brother,﻿4 brothers,,1867,﻿Galveston,Galveston
﻿gal.tx.0158,﻿convent,﻿Ursuline Convent,English,,,,﻿Galveston County,,﻿Galveston,,﻿TX,,﻿#REF!,﻿#REF!,,,,,﻿t_johnston_001,﻿Rev.,﻿T. Johnston,,,,﻿sister,﻿19 sisters,,1867,﻿Galveston,Galveston
﻿gal.tx.0158,﻿convent,﻿Ursuline Convent,English,,,,﻿Galveston County,,﻿Galveston,,﻿TX,,﻿#REF!,﻿#REF!,,,,,,﻿Madam,﻿de St. Pierre,,﻿Mother Superior,,﻿boarder,﻿75 boarders,,1867,﻿Galveston,Galveston
﻿gal.tx.0158,﻿convent,﻿Ursuline Convent,English,,,,﻿Galveston County,,﻿Galveston,,﻿TX,,﻿#REF!,﻿#REF!,,,,,,,,,,,﻿day-scholar,﻿150 day-scholars,,1867,﻿Galveston,Galveston
﻿gal.tx.0003,﻿church,not recorded,English,,,,﻿Grimes County,﻿Grimes County,﻿Anderson,﻿Anderson,﻿TX,,﻿#REF!,﻿#REF!,,﻿attended from Hidalgo Prairie,,,,,,,,,,,,1867,﻿Galveston,Galveston
﻿gal.tx.0004,﻿church,not recorded,English,,,,﻿Nacogdoches County,﻿Nacogdoches County,﻿Angelina,,﻿TX,,﻿#REF!,﻿#REF!,﻿gal.tx.0092,﻿attended from Nacogdoches,,,,,,,,,,,,1867,﻿Galveston,Galveston
﻿gal.tx.0005,﻿church,not recorded,English,,,,﻿Cameron County,﻿Cameron County,﻿Arenal,,﻿TX,,﻿#REF!,﻿#REF!,﻿gal.tx.0023,﻿attended from Brownsville,,,,,,,,,,,,1867,﻿Galveston,Galveston
﻿gal.tx.0006,﻿church,not recorded,English,,,,﻿Victoria County,﻿Victoria County,﻿Arenoso,﻿Inez,﻿TX,,﻿#REF!,﻿#REF!,﻿gal.tx.0149,﻿attended from Victoria,,,,,,,,,,,,1867,﻿Galveston,Galveston
﻿gal.tx.0007,﻿church,not recorded,English,,﻿Arroyo Colorado,,﻿Cameron County,﻿Cameron County,"﻿Arroyo, Colorado",,﻿TX,,﻿#REF!,﻿#REF!,﻿gal.tx.0023,﻿attended from Brownsville,,,,,,,,,,,,1867,﻿Galveston,Galveston
﻿gal.tx.0008,﻿church,not recorded,English,,,,﻿Atascosa County,﻿Atascosa County,,,﻿TX,,﻿#REF!,﻿#REF!,﻿gal.tx.0019,"﻿attended from Medina, Bexar Co.",,,,,,,,,,,,1867,﻿Galveston,Galveston
﻿gal.tx.0009,﻿church,not recorded,English,,,,﻿Travis County,﻿Travis County,﻿Austin City,﻿Austin,﻿TX,,﻿#REF!,﻿#REF!,,,,,﻿nic_feltin_001,﻿Rev.,﻿Nicholas Feltin,,,,,,,1867,﻿Galveston,Galveston
﻿gal.tx.0009,﻿church,not recorded,English,,,,﻿Travis County,﻿Travis County,﻿Austin City,﻿Austin,﻿TX,,﻿#REF!,﻿#REF!,,,,,﻿mar_weinzaepfeln_001,﻿Rev.,﻿Martin Weinzaepfeln,,,,,,,1867,﻿Galveston,Galveston
﻿gal.tx.0010,﻿church,not recorded,English,,,,﻿Bandera County,﻿Bandera County,﻿Bandera,﻿Bandera,﻿TX,,﻿#REF!,﻿#REF!,,,,,﻿cle_kucharezyk_001,﻿Rev.,﻿Clement Kucharezyk,﻿C.R.D.N.,,,,,﻿Priests of the Order of the Resurrection at the station,1867,﻿Galveston,Galveston
﻿gal.tx.0011,﻿church,not recorded,English,,,,﻿Cameron County,﻿Cameron County,﻿Barranco,,﻿TX,,﻿#REF!,﻿#REF!,﻿gal.tx.0023,﻿attended from Brownsville,,,,,,,,,,,,1867,﻿Galveston,Galveston
﻿gal.tx.0012,﻿church,not recorded,English,,,,﻿Cameron County,,﻿Boston,,﻿TX,,﻿#REF!,﻿#REF!,﻿gal.tx.0023,﻿attended from Brownsville,,,,,,,,,,,,1867,﻿Galveston,Galveston
﻿gal.tx.0013,﻿church,not recorded,English,,,,﻿Bastrop County,﻿Bastrop County,﻿Bastrop,﻿Bastrop,﻿TX,,﻿#REF!,﻿#REF!,,﻿attended from Austin,,,,,,,,,,,,1867,﻿Galveston,Galveston
﻿gal.tx.0014,﻿church,not recorded,English,,,,﻿Liberty County,﻿Hardin County,﻿Batson Prairie,﻿Batson,﻿TX,,﻿#REF!,﻿#REF!,,,,,﻿joh_champinand_001,﻿Rev.,﻿John Champinand,,,,,,,1867,﻿Galveston,Galveston
﻿gal.tx.0014,﻿church,not recorded,English,,,,﻿Liberty County,﻿Hardin County,﻿Batson Prairie,﻿Batson,﻿TX,,﻿#REF!,﻿#REF!,,,,,﻿fra_mary_001,﻿Rev.,﻿Francis Mary,,,,,,,1867,﻿Galveston,Galveston
﻿gal.tx.0015,﻿church,not recorded,English,,,,﻿Jefferson County,﻿Jefferson County,﻿Beaumont,﻿Beaumont,﻿TX,,﻿#REF!,﻿#REF!,,﻿attended from Liberty,,,,,,,,,,,,1867,﻿Galveston,Galveston
﻿gal.tx.0016,﻿church,not recorded,English,,,,﻿Austin County,﻿Austin County,﻿Belville,﻿Bellville,﻿TX,,﻿#REF!,﻿#REF!,,﻿attended from Frelsburgh,,,,,,,,,,,,1867,﻿Galveston,Galveston
﻿gal.tx.0017,﻿church,not recorded,English,,,,﻿Colorado County,﻿Colorado County,﻿Bernard or New-Mentz,﻿Mentz,﻿TX,,﻿#REF!,﻿#REF!,,﻿attended from Frelsburgh,,,,,,,,,,,,1867,﻿Galveston,Galveston
﻿gal.tx.0018,﻿church,not recorded,English,,,,﻿Hidalgo County,﻿Hidalgo County,﻿Blanca,﻿La Blanca,﻿TX,,﻿#REF!,﻿#REF!,﻿gal.tx.0023,﻿attended from Brownsville,,,,,,,,,,,,1867,﻿Galveston,Galveston
﻿gal.tx.0019,﻿church,not recorded,English,,,,﻿Bexar County,﻿Bexar County,"﻿Blasherrera, or Medina",,﻿TX,,﻿#REF!,﻿#REF!,,,,,﻿and_farge_001,﻿Rev.,﻿Andrew Farge,,,,,,,1867,﻿Galveston,Galveston
﻿gal.tx.0019,﻿church,not recorded,English,,,,﻿Bexar County,﻿Bexar County,"﻿Blasherrera, or Medina",,﻿TX,,﻿#REF!,﻿#REF!,,,,,﻿pro_godard_001,﻿Rev.,﻿Prosper Godard,,,,,,,1867,﻿Galveston,Galveston
﻿gal.tx.0020,﻿church,not recorded,English,,,,﻿Nueces County,﻿Nueces County,﻿Boreda,,﻿TX,,﻿#REF!,﻿#REF!,,﻿attended from Corpus Christi,,,,,,,,,,,,1867,﻿Galveston,Galveston
﻿gal.tx.0021,﻿church,not recorded,English,,,,﻿Brazoria County,﻿Brazoria County,﻿Brazoria,﻿Brazoria,﻿TX,,﻿#REF!,﻿#REF!,,,,,﻿a_kraus_001,﻿Rev.,﻿A. Kraus,,,,,,,1867,﻿Galveston,Galveston
﻿gal.tx.0022,﻿church,not recorded,English,,,,﻿Washington County,﻿Washington County,﻿Brenham,﻿Brenham,﻿TX,,﻿#REF!,﻿#REF!,,﻿attended from Hidalgo Prairie,,,,,,,,,,,,1867,﻿Galveston,Galveston
﻿gal.tx.0023,﻿church,﻿St. Mary's Church,English,﻿name changed to Church of the Immaculate Conception 1870 (ML),,,﻿Cameron County,﻿Cameron County,﻿Brownsville,﻿Brownsville,﻿TX,,﻿#REF!,﻿#REF!,,,,,﻿a_gaudet_001,﻿Very Rev.,﻿A. Gaudet,﻿O.M.I.,﻿Vicar‐General and Superior,,,,,1867,﻿Galveston,Galveston
﻿gal.tx.0023,﻿church,﻿St. Mary's Church,English,﻿name changed to Church of the Immaculate Conception 1870 (ML),,,﻿Cameron County,﻿Cameron County,﻿Brownsville,﻿Brownsville,﻿TX,,﻿#REF!,﻿#REF!,,,,,﻿p_f_parisot_001,﻿Very Rev.,﻿P. F. Parisot,﻿O.M.I.,﻿Vicar‐Chancellor,,,,,1867,﻿Galveston,Galveston
﻿gal.tx.0023,﻿church,﻿St. Mary's Church,English,﻿name changed to Church of the Immaculate Conception 1870 (ML),,,﻿Cameron County,﻿Cameron County,﻿Brownsville,﻿Brownsville,﻿TX,,﻿#REF!,﻿#REF!,,,,,﻿p_keralum_001,﻿Rev.,﻿P. Keralum,﻿O.M.I.,,,,,,1867,﻿Galveston,Galveston
﻿gal.tx.0023,﻿church,﻿St. Mary's Church,English,﻿name changed to Church of the Immaculate Conception 1870 (ML),,,﻿Cameron County,﻿Cameron County,﻿Brownsville,﻿Brownsville,﻿TX,,﻿#REF!,﻿#REF!,,,,,﻿morel_001,﻿Rev.,﻿Morel,﻿O.M.I.,,,,,,1867,﻿Galveston,Galveston
﻿gal.tx.0023,﻿church,﻿St. Mary's Church,English,﻿name changed to Church of the Immaculate Conception 1870 (ML),,,﻿Cameron County,﻿Cameron County,﻿Brownsville,﻿Brownsville,﻿TX,,﻿#REF!,﻿#REF!,,,,,﻿vignolles_001,﻿Rev.,﻿Vignolles,﻿O.M.I.,,,,,,1867,﻿Galveston,Galveston
﻿gal.tx.0023,﻿church,﻿St. Mary's Church,English,﻿name changed to Church of the Immaculate Conception 1870 (ML),,,﻿Cameron County,﻿Cameron County,﻿Brownsville,﻿Brownsville,﻿TX,,﻿#REF!,﻿#REF!,,,,,﻿olivier_001,﻿Rev.,﻿Olivier,﻿O.M.I.,,,,,,1867,﻿Galveston,Galveston
﻿gal.tx.0023,﻿church,﻿St. Mary's Church,English,﻿name changed to Church of the Immaculate Conception 1870 (ML),,,﻿Cameron County,﻿Cameron County,﻿Brownsville,﻿Brownsville,﻿TX,,﻿#REF!,﻿#REF!,,,,,﻿declos_001,﻿Rev.,﻿Declos,﻿O.M.I.,,,,,,1867,﻿Galveston,Galveston
﻿gal.tx.0023,﻿church,﻿St. Mary's Church,English,﻿name changed to Church of the Immaculate Conception 1870 (ML),,,﻿Cameron County,﻿Cameron County,﻿Brownsville,﻿Brownsville,﻿TX,,﻿#REF!,﻿#REF!,,,,,,,,,,﻿and two other clergymen of the order,,,,1867,﻿Galveston,Galveston
﻿gal.tx.0024,﻿chapel,﻿St. Joseph's Chapel,English,,,,﻿Lavaca County,﻿Lavaca County,﻿Brushy,﻿Yoakum,﻿TX,,﻿#REF!,﻿#REF!,,,,,﻿joh_gaillet_001,﻿Rev.,﻿John Gaillet,,,,,,,1867,﻿Galveston,Galveston
﻿gal.tx.0025,﻿church,not recorded,English,,,,﻿Fayette County,﻿Fayette County,﻿Büchel Settlement,,﻿TX,,﻿#REF!,﻿#REF!,,﻿attended from Frelsburgh,,,,,,,,,,,,1867,﻿Galveston,Galveston
﻿gal.tx.0026,﻿church,not recorded,English,,,,﻿Wilson County,﻿Wilson County,﻿Cantu y los Arroyos,,﻿TX,,﻿#REF!,﻿#REF!,,,,,﻿aug_antoine_001,﻿Rev.,﻿Augustin Antoine,,,,,,,1867,﻿Galveston,Galveston
﻿gal.tx.0027,﻿church,not recorded,English,,,,﻿Cameron County,,﻿Capitaneño,,﻿TX,,﻿#REF!,﻿#REF!,﻿gal.tx.0023,﻿attended from Brownsville,,,,,,,,,,,,1867,﻿Galveston,Galveston
﻿gal.tx.0028,﻿church,not recorded,English,,,,﻿Zapata County,﻿Zapata County,﻿Capitaneño,﻿Falcon Village,﻿TX,,﻿#REF!,﻿#REF!,,﻿attended from Roma,,,,,,,,,,,,1867,﻿Galveston,Galveston
﻿gal.tx.0029,﻿church,not recorded,English,,,,﻿Hidalgo County,﻿Hidalgo County,﻿Capote,﻿Pharr,﻿TX,,﻿#REF!,﻿#REF!,﻿gal.tx.0023,﻿attended from Brownsville,,,,,,,,,,,,1867,﻿Galveston,Galveston
﻿gal.tx.0030,﻿church,not recorded,English,,,,﻿Cameron County,﻿Cameron County,﻿Carecito,﻿Carricitos,﻿TX,,﻿#REF!,﻿#REF!,﻿gal.tx.0023,﻿attended from Brownsville,,,,,,,,,,,,1867,﻿Galveston,Galveston
﻿gal.tx.0031,﻿church,not recorded,English,,,,﻿Cameron County,,﻿Carmen,,﻿TX,,﻿#REF!,﻿#REF!,﻿gal.tx.0023,﻿attended from Brownsville,,,,,,,,,,,,1867,﻿Galveston,Galveston
﻿gal.tx.0032,﻿church,not recorded,English,,,,﻿Bexar County,﻿Bexar County,﻿Carmen,﻿Losoya,﻿TX,,﻿#REF!,﻿#REF!,,﻿attended from la Espada,,,,,,,,,,,,1867,﻿Galveston,Galveston
﻿gal.tx.0033,﻿church,not recorded,English,,,,﻿Medina County,﻿Medina County,﻿Castroville,﻿Castroville,﻿TX,,﻿#REF!,﻿#REF!,,,,,﻿ebe_gahr_001,﻿Rev.,﻿Eberhard Gahr,﻿O.S.B.,,,,,,1867,﻿Galveston,Galveston
﻿gal.tx.0034,﻿church,not recorded,English,,,,﻿Colorado County,﻿Austin County,﻿Catspring,﻿Cat Spring,﻿TX,,﻿#REF!,﻿#REF!,﻿gal.tx.0054,﻿attended from Frelsburgh,,,,,,,,,,,,1867,﻿Galveston,Galveston
﻿gal.tx.0035,﻿church,not recorded,English,,,,﻿Bexar County,﻿Bexar County,﻿Cibolo,﻿Cibolo,﻿TX,,﻿#REF!,﻿#REF!,,﻿attended from New-Braunfels,,,,,,,,,,,,1867,﻿Galveston,Galveston
﻿gal.tx.0036,﻿church,not recorded,English,,,,﻿Starr County,,﻿Clareño,,﻿TX,,﻿#REF!,﻿#REF!,,﻿attended from Roma,,,,,,,,,,,,1867,﻿Galveston,Galveston
﻿gal.tx.0037,﻿church,not recorded,English,,,,﻿De Witt County,,﻿Coleto,,﻿TX,,﻿#REF!,﻿#REF!,,,,,﻿pet_richard_001,﻿Rev.,﻿Peter Richard,,,,,,,1867,﻿Galveston,Galveston
﻿gal.tx.0037,﻿church,not recorded,English,,,,﻿De Witt County,,﻿Coleto,,﻿TX,,﻿#REF!,﻿#REF!,,,,,﻿jos_blüm_001,﻿Mr.,﻿Joseph Blüm,,﻿theological student,,,,,1867,﻿Galveston,Galveston
﻿gal.tx.0038,﻿church,not recorded,English,,,,﻿Colorado County,﻿Colorado County,﻿Columbus,﻿Columbus,﻿TX,,﻿#REF!,﻿#REF!,﻿gal.tx.0054,﻿attended from Frelsburgh,,,,,,,,,,,,1867,﻿Galveston,Galveston
﻿gal.tx.0039,﻿church,not recorded,English,,,,﻿Brazoria County,﻿Brazoria County,﻿Columbia,﻿West Columbia,﻿TX,,﻿#REF!,﻿#REF!,,﻿attended from Brazoria,,,,,,﻿Rev.,,,,,,1867,﻿Galveston,Galveston
﻿gal.tx.0040,﻿church,not recorded,English,,,,﻿Bexar County,,﻿Concepcion,,﻿TX,,﻿#REF!,﻿#REF!,﻿gal.tx.0124,﻿attended from San Antonio,,﻿went with biggest San Antonio church,,,,,,,,,,1867,﻿Galveston,Galveston
﻿gal.tx.0041,﻿church,not recorded,English,,,,﻿Nueces County,﻿Nueces County,﻿Corpus Christi,﻿Corpus Christi,﻿TX,,﻿#REF!,﻿#REF!,,,,,﻿joh_gonnard_001,﻿Rev.,﻿John Gonnard,,,,,,,1867,﻿Galveston,Galveston
﻿gal.tx.0041,﻿church,not recorded,English,,,,﻿Nueces County,﻿Nueces County,﻿Corpus Christi,﻿Corpus Christi,﻿TX,,﻿#REF!,﻿#REF!,,,,,﻿l_jaillet_001,﻿Rev.,﻿L. Jaillet,,,,,,,1867,﻿Galveston,Galveston
﻿gal.tx.0042,﻿church,not recorded,English,,,,﻿Harris County,﻿Harris County,﻿Cypress City,﻿Cypress,﻿TX,,﻿#REF!,﻿#REF!,,﻿attended from Houston,,,,,,,,,,,,1867,﻿Galveston,Galveston
﻿gal.tx.0043,﻿church,not recorded,English,,,,﻿Dallas County,﻿Dallas County,﻿Dallas,﻿Dallas,﻿TX,,﻿#REF!,﻿#REF!,﻿gal.tx.0092,﻿attended from Nacogdoches,,,,,,,,,,,,1867,﻿Galveston,Galveston
﻿gal.tx.0044,﻿church,not recorded,English,,,,﻿Uvalde County,﻿Medina County,﻿Dhanis,﻿D'Hanis,﻿TX,,﻿#REF!,﻿#REF!,,,,,﻿the_grandner_001,﻿Rev.,﻿Theodore Grandner,﻿O.S.B.,,,,,,1867,﻿Galveston,Galveston
﻿gal.tx.0045,﻿church,not recorded,English,,,,﻿Maverick County,﻿Maverick County,﻿Eagle Pass,﻿Eagle Pass,﻿TX,,﻿#REF!,﻿#REF!,,,,,﻿don_j_ramires_001,﻿Rev.,﻿Don Juan de la Cruz Ramires,,,,,,,1867,﻿Galveston,Galveston
﻿gal.tx.0046,﻿church,not recorded,English,,,,﻿Hidalgo County,﻿Hidalgo County,﻿Edinburgh,﻿Edinburg,﻿TX,,﻿#REF!,﻿#REF!,﻿gal.tx.0023,﻿attended from Brownsville,,,,,,,,,,,,1867,﻿Galveston,Galveston
﻿gal.tx.0047,﻿church,not recorded,English,,,,﻿Cameron County,﻿Cameron County,﻿Encantada,﻿Encantada-Ranchito-El Calaboz,﻿TX,,﻿#REF!,﻿#REF!,﻿gal.tx.0023,﻿attended from Brownsville,,,,,,,,,,,,1867,﻿Galveston,Galveston
﻿gal.tx.0048,﻿church,not recorded,English,,,,﻿Colorado County,﻿Fayette County,﻿Ellinger Settlement,﻿Ellinger,﻿TX,,﻿#REF!,﻿#REF!,,,,,﻿jos_bitkowski_001,﻿Rev.,﻿Joseph Bitkowski,﻿C.R.D.N.,,,,,,1867,﻿Galveston,Galveston
﻿gal.tx.0049,﻿church,not recorded,English,,,,﻿Encinal County,﻿La Salle County,﻿Encinal,﻿Encinal,﻿TX,,﻿#REF!,﻿#REF!,,﻿attended from San Diego,,﻿No San Diego in 1867.,,,,,,,,,,1867,﻿Galveston,Galveston
﻿gal.tx.0050,﻿church,not recorded,English,,,,﻿Fayette County,﻿Fayette County,﻿Fayetteville,﻿Fayetteville,﻿TX,,﻿#REF!,﻿#REF!,﻿gal.tx.0054,﻿attended from Frelsburgh,,,,,,,,,,,,1867,﻿Galveston,Galveston
﻿gal.tx.0051,﻿church,not recorded,English,,,,﻿Nacogdoches County,,﻿Flores,,﻿TX,,﻿#REF!,﻿#REF!,﻿gal.tx.0092,﻿attended from Nacogdoches,,,,,,,,,,,,1867,﻿Galveston,Galveston
﻿gal.tx.0052,﻿church,not recorded,English,,,,﻿Santiago County,﻿no santiago county,﻿Flores,,﻿TX,,﻿#REF!,﻿#REF!,,﻿attended from Jamestown,,,,,,,,,,,,1867,﻿Galveston,Galveston
﻿gal.tx.0053,﻿church,not recorded,English,,,,﻿Gillespie County,﻿Gillespie County,﻿Fredericksburgh,﻿Fredericksburg,﻿TX,,﻿#REF!,﻿#REF!,,,,,﻿pet_barnach_001,﻿Rev.,﻿Peter Barnach,﻿O.S.B.,,,,,,1867,﻿Galveston,Galveston
﻿gal.tx.0054,﻿church,not recorded,English,,,,﻿Colorado County,﻿Colorado County,﻿Frelsburgh,﻿Frelsburg,﻿TX,,﻿#REF!,﻿#REF!,,,,,﻿vic_gury_001,﻿Rev.,﻿Victor Gury,,,,,,,1867,﻿Galveston,Galveston
﻿gal.tx.0054,﻿church,not recorded,English,,,,﻿Colorado County,﻿Colorado County,﻿Frelsburgh,﻿Frelsburg,﻿TX,,﻿#REF!,﻿#REF!,,,,,﻿pet_tarrillion_001,,﻿Peter Tarrillion,,,,,,,1867,﻿Galveston,Galveston
﻿gal.tx.0054,﻿church,not recorded,English,,,,﻿Colorado County,﻿Colorado County,﻿Frelsburgh,﻿Frelsburg,﻿TX,,﻿#REF!,﻿#REF!,,,,,﻿t_greyenbühl_001,﻿Rev.,﻿T. Greyenbühl,,,,,,,1867,﻿Galveston,Galveston
﻿gal.tx.0175,﻿church,not recorded,English,,,,﻿Starr County,,﻿Garceño,,,,﻿#REF!,﻿#REF!,,﻿attended from Roma,,,,,,,,,,,,1867,﻿Galveston,Galveston
﻿gal.tx.0055,﻿church,not recorded,English,,,,﻿Victoria County,,﻿Garcitas,,﻿TX,,﻿#REF!,﻿#REF!,﻿gal.tx.0149,﻿attended from Victoria,,,,,,,,,,,,1867,﻿Galveston,Galveston
﻿gal.tx.0057,﻿church,not recorded,English,,,,﻿Goliad County,﻿Goliad County,﻿Goliad,﻿Goliad,﻿TX,,﻿#REF!,﻿#REF!,,﻿attended from Coleto,,,,,,,,,,,,1867,﻿Galveston,Galveston
﻿gal.tx.0058,﻿church,not recorded,English,,,,﻿Lavaca County,﻿Lavaca,﻿Hallettsville,﻿Hallettsville,﻿TX,,﻿#REF!,﻿#REF!,,"﻿attended from St. Mary's Chapel, Lavaca Co.",,,,,,,,,,,,1867,﻿Galveston,Galveston
﻿gal.tx.0059,﻿church,not recorded,English,,,,﻿Harris County,﻿Harris County,﻿Harrisburgh,﻿Harrisburg,﻿TX,,﻿#REF!,﻿#REF!,,﻿attended from Houston,,,,,,,,,,,,1867,﻿Galveston,Galveston
﻿gal.tx.0060,﻿church,not recorded,English,,,,﻿Austin County,﻿Waller County,﻿Hempstead,﻿Hempstead,﻿TX,,﻿#REF!,﻿#REF!,,﻿attended from Houston,,,,,,,,,,,,1867,﻿Galveston,Galveston
﻿gal.tx.0061,﻿church,not recorded,English,,,,﻿Washington County,,﻿Hidalgo Prairie,,﻿TX,,﻿#REF!,﻿#REF!,,,,,﻿joh_b_ballaclas_001,﻿Rev.,﻿John B. Ballaclas,,,,,,,1867,﻿Galveston,Galveston
﻿gal.tx.0061,﻿church,not recorded,English,,,,﻿Washington County,,﻿Hidalgo Prairie,,﻿TX,,﻿#REF!,﻿#REF!,,,,,﻿lou_bussant_001,﻿Rev.,﻿Louis Bussant,,,,,,,1867,﻿Galveston,Galveston
﻿gal.tx.0062,﻿church,not recorded,English,,,,﻿Austin County,﻿Harris County,﻿Hoakley,﻿Hockley,﻿TX,,﻿#REF!,﻿#REF!,,﻿attended from Houston,,,,,,,,,,,,1867,﻿Galveston,Galveston
﻿gal.tx.0063,﻿church,not recorded,English,,,,﻿Harris County,﻿Harris County,﻿Houston,﻿Houston,﻿TX,,﻿#REF!,﻿#REF!,,,,,﻿the_greyenbühl_001,﻿Rev.,﻿Theodore Greyenbühl,,,,,,,1867,﻿Galveston,Galveston
﻿gal.tx.0063,﻿church,not recorded,English,,,,﻿Harris County,﻿Harris County,﻿Houston,﻿Houston,﻿TX,,﻿#REF!,﻿#REF!,,,,,﻿jos_guérat_001,﻿Rev.,﻿Joseph Guérat,,,,,,,1867,﻿Galveston,Galveston
﻿gal.tx.0065,﻿church,not recorded,English,,,,﻿Washington County,﻿Washington County,﻿Independence,﻿Independence,﻿TX,,﻿#REF!,﻿#REF!,,﻿attended from Hidalgo Prairie,,,,,,,,,,,,1867,﻿Galveston,Galveston
﻿gal.tx.0066,﻿church,not recorded,English,,,,﻿Austin County,﻿Austin County,﻿Industry,﻿Industry,﻿TX,,﻿#REF!,﻿#REF!,,﻿attended from Frelsburgh,,,,,,,,,,,,1867,﻿Galveston,Galveston
﻿gal.tx.0067,﻿church,not recorded,English,,,,﻿Calhoun County,﻿Calhoun County,﻿Indianola,﻿Indianola,﻿TX,,﻿#REF!,﻿#REF!,,,,,﻿rud_m_eppinger_001,﻿Rev.,﻿Rudolph M. Eppinger,,,,,,,1867,﻿Galveston,Galveston
﻿gal.tx.0069,﻿church,not recorded,English,,,,﻿,,"﻿Jamestown, or Grey Settlement",,﻿TX,,﻿#REF!,﻿#REF!,,,,,﻿emi_chapolard_001,﻿Rev.,﻿Emile Chapolard,,,,,,,1867,﻿Galveston,Galveston
﻿gal.tx.0070,﻿church,not recorded,English,,,,﻿Marion County,﻿Marion County,﻿Jefferson,﻿Jefferson,﻿TX,,﻿#REF!,﻿#REF!,,,,,﻿j_m_giraud_001,﻿Rev.,﻿J. M. Giraud,,,,,,,1867,﻿Galveston,Galveston
﻿gal.tx.0071,﻿church,not recorded,English,,,,﻿Refugio County,,﻿Labamita,,﻿TX,,﻿#REF!,﻿#REF!,,﻿attended from Refugio,,,,,,,,,,,,1867,﻿Galveston,Galveston
﻿gal.tx.0072,﻿church,not recorded,English,,,,﻿Fayette County,﻿Fayette County,﻿Lagrange,﻿La Grange,﻿TX,,﻿#REF!,﻿#REF!,,﻿attended from Frelsburgh,,,,,,,,,,,,1867,﻿Galveston,Galveston
﻿gal.tx.0074,﻿church,not recorded,English,,,,﻿Cameron County,,﻿Lajara,,﻿TX,,﻿#REF!,﻿#REF!,﻿gal.tx.0023,﻿attended from Brownsville,,,,,,,,,,,,1867,﻿Galveston,Galveston
﻿gal.tx.0075,﻿church,not recorded,English,,,,﻿Cameron County,,﻿Lajarita,,﻿TX,,﻿#REF!,﻿#REF!,﻿gal.tx.0023,﻿attended from Brownsville,,,,,,,,,,,,1867,﻿Galveston,Galveston
﻿gal.tx.0076,﻿church,not recorded,English,,,,﻿Refugio County,﻿Aransas County,﻿Lamar,﻿Lamar,﻿TX,,﻿#REF!,﻿#REF!,,﻿attended from Refugio,,,,,,,,,,,,1867,﻿Galveston,Galveston
﻿gal.tx.0077,﻿church,not recorded,English,,,,﻿Webb County,﻿Webb County,﻿Laredo,﻿Laredo,﻿TX,,﻿#REF!,﻿#REF!,,,,,﻿mic_souchon_001,﻿Rev.,﻿Michael Souchon,,,,,,,1867,﻿Galveston,Galveston
﻿gal.tx.0077,﻿church,not recorded,English,,,,﻿Webb County,﻿Webb County,﻿Laredo,﻿Laredo,﻿TX,,﻿#REF!,﻿#REF!,,,,,﻿l_m_planchet_001,﻿Rev.,﻿L. M. Planchet,,,,,,,1867,﻿Galveston,Galveston
﻿gal.tx.0078,﻿church,not recorded,English,,,,﻿Cameron County,,﻿Las Animas,,﻿TX,,﻿#REF!,﻿#REF!,﻿gal.tx.0023,﻿attended from Brownsville,,,,,,,,,,,,1867,﻿Galveston,Galveston
﻿gal.tx.0079,﻿chapel,﻿St. Mary's Chapel,English,,,,﻿Lavaca County,﻿Lavaca,,﻿Halletsville,﻿TX,,﻿#REF!,﻿#REF!,,,,,﻿ant_forest_001,﻿Rev.,﻿Anthony Forest,,,,,,,1867,﻿Galveston,Galveston
﻿gal.tx.0080,﻿church,not recorded,English,,,,﻿Liberty County,﻿Liberty County,﻿Liberty,﻿Liberty,﻿TX,,﻿#REF!,﻿#REF!,,,,,﻿jos_martinière_001,﻿Rev.,﻿Joseph Martinière,,,,,,,1867,﻿Galveston,Galveston
﻿gal.tx.0080,﻿church,not recorded,English,,,,﻿Liberty County,﻿Liberty County,﻿Liberty,﻿Liberty,﻿TX,,﻿#REF!,﻿#REF!,,,,,﻿joh_martinière_001,,﻿John Martinière,,﻿scholastic,,,,,1867,﻿Galveston,Galveston
﻿gal.tx.0081,﻿church,not recorded,English,,,,﻿Caldwell County,﻿Caldwell County,﻿Lockart,﻿Lockhart,﻿TX,,﻿#REF!,﻿#REF!,,﻿attended from Austin,,,,,,,,,,,,1867,﻿Galveston,Galveston
﻿gal.tx.0082,﻿church,not recorded,English,,,,﻿Zapata County,﻿Zapata County,﻿Lopeño,﻿Lopeño,﻿TX,,﻿#REF!,﻿#REF!,,﻿attended from Roma,,,,,,,,,,,,1867,﻿Galveston,Galveston
﻿gal.tx.0083,﻿church,not recorded,English,,,,﻿Nueces County,,﻿Los Olmos,,﻿TX,,﻿#REF!,﻿#REF!,,﻿attended from San Patricio,,,,,,,,,,,,1867,﻿Galveston,Galveston
﻿gal.tx.0084,﻿church,not recorded,English,,,,﻿Nueces County,﻿Jim Wells County,﻿Los Preceños,,﻿TX,,﻿#REF!,﻿#REF!,,﻿attended from San Patricio,,,,,,,,,,,,1867,﻿Galveston,Galveston
﻿gal.tx.0085,﻿church,not recorded,English,,,,﻿Harrison County,﻿Harrison County,﻿Marshall,﻿Marshall,﻿TX,,﻿#REF!,﻿#REF!,,﻿attended from Jefferson,,,,,,,,,,,,1867,﻿Galveston,Galveston
﻿gal.tx.0086,﻿church,not recorded,English,,,,﻿Matagorda County,﻿Matagorda County,﻿Matagorda,﻿Matagorda,﻿TX,,﻿#REF!,﻿#REF!,,﻿attended from Indianola,,,,,,,,,,,,1867,﻿Galveston,Galveston
﻿gal.tx.0088,﻿church,not recorded,English,,,,﻿Brazos County,﻿Brazos County,﻿Millican,﻿Millican,﻿TX,,﻿#REF!,﻿#REF!,,﻿attended from Hidalgo Prairie,,,,,,,,,,,,1867,﻿Galveston,Galveston
﻿gal.tx.0089,﻿church,not recorded,English,,,,﻿Bexar County,﻿Bexar County,﻿Martinez,﻿Martinez,﻿TX,,﻿#REF!,﻿#REF!,,,,,﻿fel_orzechowski_001,﻿Rev.,﻿Felix Orzechowski,,,,,,﻿Priests of the Order of the Resurrection at the station,1867,﻿Galveston,Galveston
﻿gal.tx.0092,﻿church,not recorded,English,,,,﻿Nacogdoches County,﻿Nacogdoches County,﻿Nacogdoches,﻿Nacogdoches,﻿TX,,﻿#REF!,﻿#REF!,,,,,﻿tho_hennessy_001,﻿Rev.,﻿Thomas Hennessy,,,,,,,1867,﻿Galveston,Galveston
﻿gal.tx.0092,﻿church,not recorded,English,,,,﻿Nacogdoches County,﻿Nacogdoches County,﻿Nacogdoches,﻿Nacogdoches,﻿TX,,﻿#REF!,﻿#REF!,,,,,﻿emi_fleury_001,﻿Rev.,﻿Emile Fleury,,,,,,,1867,﻿Galveston,Galveston
﻿gal.tx.0093,﻿church,not recorded,English,,,,﻿Grimes County,﻿Grimes County,﻿Navisota,﻿Navasota,﻿TX,,﻿#REF!,﻿#REF!,,﻿attended from Hidalgo Prairie,,,,,,,,,,,,1867,﻿Galveston,Galveston
﻿gal.tx.0094,﻿church,not recorded,English,,,,﻿Comal County,﻿Comal County,﻿New-Braunfels,﻿New Braunfels,﻿TX,,﻿#REF!,﻿#REF!,,,,,﻿col_schmittbauer_001,﻿Rev.,﻿Columban Schmittbauer,﻿O.S.B.,,,,,,1867,﻿Galveston,Galveston
﻿gal.tx.0097,﻿church,not recorded,English,,,,﻿Orange County,,﻿Orange,﻿Orange,﻿TX,,﻿#REF!,﻿#REF!,,﻿attended from Batson Prairie,,,,,,,,,,,,1867,﻿Galveston,Galveston
﻿gal.tx.0098,﻿church,not recorded,English,,,,﻿Cameron County,,﻿Païste,,﻿TX,,﻿#REF!,﻿#REF!,,﻿attended from Corpus Christi,,,,,,,,,,,,1867,﻿Galveston,Galveston
﻿gal.tx.0099,﻿church,not recorded,English,,,,﻿Cameron County,,﻿Palmeto,﻿found on map?,﻿TX,,﻿#REF!,﻿#REF!,,﻿attended from Brownsville,,,,,,,,,,,,1867,﻿Galveston,Galveston
﻿gal.tx.0100,﻿church,not recorded,English,,,,﻿Karnes County,﻿Karnes County,﻿Paña-Maria,﻿Panna Maria,﻿TX,,﻿#REF!,﻿#REF!,,,,,﻿ado_bakanowski_001,﻿Very Rev.,﻿Adolph Bakanowski,﻿C.R.D.N.,﻿Superior,,,,﻿Priests of the Order of the Resurrection at the station,1867,﻿Galveston,Galveston
﻿gal.tx.0100,﻿church,not recorded,English,,,,﻿,﻿Karnes County,﻿Paña-Maria,﻿Panna Maria,﻿TX,,﻿#REF!,﻿#REF!,,,,,﻿fel_zwiardowski_001,,﻿Felix Zwiardowski,,﻿a scholastic of the Congregation of the Resurrection of our Lord,,,,﻿Priests of the Order of the Resurrection at the station,1867,﻿Galveston,Galveston
﻿gal.tx.0101,﻿church,not recorded,English,,,,﻿Nueces County,,﻿Para,,﻿TX,,﻿#REF!,﻿#REF!,,﻿attended from San Patricio,,,,,,,,,,,,1867,﻿Galveston,Galveston
﻿gal.tx.0102,﻿church,not recorded,English,,,,﻿Matagorda County,,﻿Peninsula,,﻿TX,,﻿#REF!,﻿#REF!,,﻿attended from Brazoria,,,,,,,,,,,,1867,﻿Galveston,Galveston
﻿gal.tx.0103,﻿church,not recorded,English,,,,﻿Bastrop County,﻿Bastrop County,﻿Pin-Oak,﻿Pin Oak,﻿TX,,﻿#REF!,﻿#REF!,,﻿attended from Austin,,,,,,,,,,,,1867,﻿Galveston,Galveston
﻿gal.tx.0104,﻿church,not recorded,English,,,,﻿Victoria County,,﻿Placet,,﻿TX,,﻿#REF!,﻿#REF!,﻿gal.tx.0149,﻿attended from Victoria,,,,,,,,,,,,1867,﻿Galveston,Galveston
﻿gal.tx.0105,﻿church,not recorded,English,,,,﻿Montgomery County,﻿Grimes County,﻿Plantersville,﻿Plantersville,﻿TX,,﻿#REF!,﻿#REF!,,﻿attended from Hidalgo Prairie,,,,,,,,,,,,1867,﻿Galveston,Galveston
﻿gal.tx.0107,﻿church,not recorded,English,,,,﻿Cameron County,﻿Cameron County,﻿Point Isabel,﻿Port Isabel,﻿TX,,﻿#REF!,﻿#REF!,,﻿attended from Brownsville,,,,,,,,,,,,1867,﻿Galveston,Galveston
﻿gal.tx.0108,﻿church,not recorded,English,,,,﻿Calhoun County,﻿Calhoun County,﻿Port Lavaca,﻿Port Lavaca,﻿TX,,﻿#REF!,﻿#REF!,,﻿attended from Indianola,,,,,,,,,,,,1867,﻿Galveston,Galveston
﻿gal.tx.0108,﻿church,not recorded,English,,,,﻿Calhoun County,﻿Calhoun County,﻿Powder-Horn,﻿Port Lavaca,﻿TX,,﻿#REF!,﻿#REF!,,﻿attended from Indianola,,,,,,,,,,,,1867,﻿Galveston,Galveston
﻿gal.tx.0109,﻿church,not recorded,English,,,,﻿Medina County,﻿Medina County,﻿Quihi,﻿Quihi,﻿TX,,﻿#REF!,﻿#REF!,,﻿attended from Dhanis,,,,,,,,,,,,1867,﻿Galveston,Galveston
﻿gal.tx.0110,﻿church,not recorded,English,,,,﻿Brazoria County,﻿Brazoria County,﻿Quintana,﻿Quintana,﻿TX,,﻿#REF!,﻿#REF!,,﻿attended from Brazoria,,,,,,,,,,,,1867,﻿Galveston,Galveston
﻿gal.tx.0111,﻿church,not recorded,English,,,,﻿Refugio County,﻿Refugio County,﻿Refugio,﻿Refugio,﻿TX,,﻿#REF!,﻿#REF!,,,,,﻿pet_berthet_001,﻿Rev.,﻿Peter Berthet,,,,,,,1867,﻿Galveston,Galveston
﻿gal.tx.0112,﻿church,not recorded,English,,,,﻿Fort Bend County,﻿Fort Bend County,﻿Richmond,﻿Richmond,﻿TX,,﻿#REF!,﻿#REF!,,﻿attended from Houston,,,,,,,,,,,,1867,﻿Galveston,Galveston
﻿gal.tx.0113,﻿church,not recorded,English,,,,﻿Starr County,﻿Starr County,﻿Rio Grande City,﻿Rio Grande City,﻿TX,,﻿#REF!,﻿#REF!,,﻿attended from Brownsville,,,,,,,,,,,,1867,﻿Galveston,Galveston
﻿gal.tx.0114,﻿church,not recorded,English,,,,﻿Starr County,﻿Starr County,﻿Roma,﻿Roma,﻿TX,,﻿#REF!,﻿#REF!,,﻿attended from Brownsville,,,,,,,,,,,,1867,﻿Galveston,Galveston
﻿gal.tx.0115,﻿church,not recorded,English,,,,﻿Hidalgo County,﻿Hidalgo County,﻿Rosario,﻿Progreso Lakes,﻿TX,,﻿#REF!,﻿#REF!,﻿gal.tx.0023,﻿attended from Brownsville,,,,,,,,,,,,1867,﻿Galveston,Galveston
﻿gal.tx.0116,﻿church,not recorded,English,,,,﻿Fayette County,﻿Fayette County,﻿Round Top,﻿Round Top,﻿TX,,﻿#REF!,﻿#REF!,,﻿attended from Frelsburgh,,,,,,,,,,,,1867,﻿Galveston,Galveston
﻿gal.tx.0117,﻿church,not recorded,English,,,,﻿Hidalgo County,﻿Hidalgo County,﻿Rydyville,﻿Relampago,﻿TX,,﻿#REF!,﻿#REF!,﻿gal.tx.0023,﻿attended from Brownsville,,,,,,,,,,,,1867,﻿Galveston,Galveston
﻿gal.tx.0118,﻿church,not recorded,English,,,,﻿Cameron County,﻿Cameron County,﻿Rusias,﻿Los Indios,﻿TX,,﻿#REF!,﻿#REF!,﻿gal.tx.0023,﻿attended from Brownsville,,,,,,,,,,,,1867,﻿Galveston,Galveston
﻿gal.tx.0119,﻿church,not recorded,English,,,,﻿Fayette County,﻿Fayette County,﻿Ruttersville,﻿Rutersville,﻿TX,,﻿#REF!,﻿#REF!,,﻿attended from Frelsburgh,,,,,,,,,,,,1867,﻿Galveston,Galveston
﻿gal.tx.0120,﻿church,not recorded,English,,,,﻿Jefferson County,﻿Jefferson County,﻿Sabine Pass,﻿Port Arthur,﻿TX,,﻿#REF!,﻿#REF!,,﻿attended from Batson Prairie,,,,,,,,,,,,1867,﻿Galveston,Galveston
﻿gal.tx.0121,﻿church,not recorded,English,,,,﻿Austin County,,﻿Sandy,,﻿TX,,﻿#REF!,﻿#REF!,,﻿attended from Frelsburgh,,,,,,,,,,,,1867,﻿Galveston,Galveston
﻿gal.tx.0122,﻿church,not recorded,English,,,,﻿Bastrop County,,﻿Sandy,,﻿TX,,﻿#REF!,﻿#REF!,,﻿attended from Austin,,,,,,,,,,,,1867,﻿Galveston,Galveston
﻿gal.tx.0123,﻿church,not recorded,English,,,,﻿Refugio County,﻿Aransas County,﻿St. Joseph,﻿San Jose Island,﻿TX,,﻿#REF!,﻿#REF!,,﻿attended from Refugio,,,,,,,,,,,,1867,﻿Galveston,Galveston
﻿gal.tx.0124,﻿church,﻿Church of St. Ferdinand,English,,,,﻿Bexar County,﻿Bexar County,﻿San Antonio,﻿San Antonio,﻿TX,,﻿#REF!,﻿#REF!,,,,,﻿mat_sarry_001,﻿Very Rev.,﻿Matthew Sarry,,﻿Vicar-General,,,,,1867,﻿Galveston,Galveston
﻿gal.tx.0124,﻿church,﻿Church of St. Ferdinand,English,,,,﻿Bexar County,﻿Bexar County,﻿San Antonio,﻿San Antonio,﻿TX,,﻿#REF!,﻿#REF!,,,,,﻿j_c_néraz_001,﻿Rev.,﻿J. C. Néraz,,,,,,,1867,﻿Galveston,Galveston
﻿gal.tx.0125,﻿church,not recorded,English,﻿Polish Congregation,,,﻿Bexar County,﻿Bexar County,﻿San Antonio,﻿San Antonio,﻿TX,,﻿#REF!,﻿#REF!,,,,,﻿vin_barzinski_001,﻿Rev.,﻿Vincent Barzinski,﻿C.R.D.N.,,,,,,1867,﻿Galveston,Galveston
﻿gal.tx.0126,﻿church,﻿St. Mary's Church,English,﻿German Congregation,,,﻿Bexar County,﻿Bexar County,﻿San Antonio,﻿San Antonio,﻿TX,,﻿#REF!,﻿#REF!,,,,,﻿emi_wendel_001,﻿Very Rev.,﻿Emilian Wendel,﻿O.S.B.,﻿Prior,,,,,1867,﻿Galveston,Galveston
﻿gal.tx.0177,﻿church,﻿St. Mary's Church,English,﻿English Congregation,,,﻿Bexar County,﻿Bexar County,﻿San Antonio,﻿San Antonio,﻿TX,,﻿#REF!,﻿#REF!,,,,,﻿j_a_faure_001,﻿Very Rev.,﻿J. A. Faure,,﻿Vicar-Chancellor,,,,,1867,﻿Galveston,Galveston
﻿gal.tx.0177,﻿church,﻿St. Mary's Church,English,﻿English Congregation,,,﻿Bexar County,﻿Bexar County,﻿San Antonio,﻿San Antonio,﻿TX,,﻿#REF!,﻿#REF!,,,,,﻿lou_chaland_001,﻿Rev.,﻿Louis Chaland,,,,,,,1867,﻿Galveston,Galveston
﻿gal.tx.0156,﻿college,﻿St. Mary's College,English,﻿under the direction of the Brothers of Mary,,,﻿Bexar County,﻿Bexar County,﻿San Antonio,,﻿TX,,﻿#REF!,﻿#REF!,,,,,﻿ste_buffard_001,﻿Very Rev.,﻿Stephen Buffard,,﻿Chaplain,,,,,1867,﻿Galveston,Galveston
﻿gal.tx.0156,﻿college,﻿St. Mary's College,English,﻿under the direction of the Brothers of Mary,,,﻿Bexar County,﻿Bexar County,﻿San Antonio,,﻿TX,,﻿#REF!,﻿#REF!,,,,,,﻿Brother,﻿Charles,,﻿Superior,,,,,1867,﻿Galveston,Galveston
﻿gal.tx.0159,﻿convent,﻿Ursuline Convent,English,,,,﻿Bexar County,﻿Bexar County,﻿San Antonio,,﻿TX,,﻿#REF!,﻿#REF!,,,,,﻿ste_buffard_001,﻿Very Rev.,﻿Stephen Buffard,,﻿Superior,,﻿sister,﻿22 sisters,,1867,﻿Galveston,Galveston
﻿gal.tx.0159,﻿convent,﻿Ursuline Convent,English,,,,﻿Bexar County,﻿Bexar County,﻿San Antonio,,﻿TX,,﻿#REF!,﻿#REF!,,,,,,﻿Madame,﻿de St. Chantal,,﻿Mother Superior,,﻿boarder,﻿50 boarders,,1867,﻿Galveston,Galveston
﻿gal.tx.0159,﻿convent,﻿Ursuline Convent,English,,,,﻿Bexar County,﻿Bexar County,﻿San Antonio,,﻿TX,,﻿#REF!,﻿#REF!,,,,,,,,,,,﻿day-scholar,﻿250 day-scholars,,1867,﻿Galveston,Galveston
﻿gal.tx.0127,﻿church,not recorded,English,,,,﻿Zapata County,﻿Zapata County,﻿San Bartolo,﻿Zapata,﻿TX,,﻿#REF!,﻿#REF!,﻿gal.tx.0023,﻿attended from Brownsville,,,,,,,,,,,,1867,﻿Galveston,Galveston
﻿gal.tx.0170,﻿church,not recorded,English,,,,﻿Bexar County,,﻿San Francisco de la Espada,,,,﻿#REF!,﻿#REF!,,,,,﻿fra_bouchu_001,﻿Rev.,﻿Francis Bouchu,,,,,,,1867,﻿Galveston,Galveston
﻿gal.tx.0130,﻿church,not recorded,English,,,,﻿Zapata County,﻿Zapata County,﻿San Ignacio,﻿San Ygnacio,﻿TX,,﻿#REF!,﻿#REF!,,﻿attended from Laredo,,,,,,,,,,,,1867,﻿Galveston,Galveston
﻿gal.tx.0131,﻿church,not recorded,English,,,,﻿Bexar County,﻿Bexar County,﻿San José,﻿San Antonio,﻿TX,,﻿#REF!,﻿#REF!,,"﻿attended by two Priests O.S.B., and two Brothers O.S.B.",,,,,,,,,,,,1867,﻿Galveston,Galveston
﻿gal.tx.0132,﻿church,not recorded,English,,,,﻿Bexar County,﻿Bexar County,﻿San Juan,,﻿TX,,﻿#REF!,﻿#REF!,,"﻿attended from the monastery, O.S.B.",,,,,,,,,,,,1867,﻿Galveston,Galveston
﻿gal.tx.0133,﻿church,not recorded,English,,,,﻿Nueces County,﻿San Patricio,﻿San Patricio,﻿San Patricio,﻿TX,,﻿#REF!,﻿#REF!,,,,,﻿cha_padey_001,﻿Rev.,﻿Charles Padey,,,,,,,1867,﻿Galveston,Galveston
﻿gal.tx.0134,﻿church,not recorded,English,,,,﻿Nueces County,﻿Kleberg County,﻿Santa Gertrudes,﻿Kingsville,﻿TX,,﻿#REF!,﻿#REF!,,﻿attended from San Diego,,﻿No San Diego in 1867.,,,,,,,,,,1867,﻿Galveston,Galveston
﻿gal.tx.0135,﻿church,not recorded,English,,,,﻿Cameron County,﻿Cameron County,﻿Santa Maria,﻿Santa Maria,﻿TX,,﻿#REF!,﻿#REF!,﻿gal.tx.0023,﻿attended from Brownsville,,,,,,,,,,,,1867,﻿Galveston,Galveston
﻿gal.tx.0136,﻿church,not recorded,English,,,,﻿,﻿Cameron County,﻿Santa Rita,,﻿TX,,﻿#REF!,﻿#REF!,﻿gal.tx.0023,﻿attended from Brownsville,,,,,,,,,,,,1867,﻿Galveston,Galveston
﻿gal.tx.0137,﻿church,not recorded,English,,,,﻿,﻿Cameron County,﻿Santa Rosalia,﻿Brownsville,﻿TX,,﻿#REF!,﻿#REF!,﻿gal.tx.0023,﻿attended from Brownsville,,,,,,,,,,,,1867,﻿Galveston,Galveston
﻿gal.tx.0138,﻿church,not recorded,English,,,,﻿,﻿Cameron County,﻿San Rafael,,﻿TX,,﻿#REF!,﻿#REF!,﻿gal.tx.0023,﻿attended from Brownsville,,,,,,,,,,,,1867,﻿Galveston,Galveston
﻿gal.tx.0139,﻿church,not recorded,English,﻿see Jamestown.,,,﻿Bexar County,,﻿Santiago,,﻿TX,,﻿#REF!,﻿#REF!,,,,,,,,,,,,,,1867,﻿Galveston,Galveston
﻿gal.tx.0140,﻿church,not recorded,English,,,,﻿Cameron County,,﻿Savinito,﻿Found on map,﻿TX,,﻿#REF!,﻿#REF!,﻿gal.tx.0023,﻿attended from Brownsville,,,,,,,,,,,,1867,﻿Galveston,Galveston
﻿gal.tx.0141,﻿church,not recorded,English,,,,﻿Guadalupe County,,﻿Seguin,﻿Seguin,﻿TX,,﻿#REF!,﻿#REF!,,﻿attended from New-Braunfels,,,,,,,,,,,,1867,﻿Galveston,Galveston
﻿gal.tx.0142,﻿church,not recorded,English,,﻿(Rose Hill P.O.),,﻿Montgomery County,﻿Harris County,﻿Spring Creek,﻿Rose Hill,﻿TX,,﻿#REF!,﻿#REF!,,﻿attended from Houston,,,,,,,,,,,,1867,﻿Galveston,Galveston
﻿gal.tx.0143,﻿church,not recorded,English,,,,﻿Liberty County,﻿Hardin County,﻿Sour Lake,﻿Sour Lake,﻿TX,,﻿#REF!,﻿#REF!,,﻿attended from Liberty,,,,,,,,,,,,1867,﻿Galveston,Galveston
﻿gal.tx.0144,﻿church,not recorded,English,,,,﻿Cameron County,,﻿Tajos,,﻿TX,,﻿#REF!,﻿#REF!,﻿gal.tx.0023,﻿attended from Brownsville,,,,,,,,,,,,1867,﻿Galveston,Galveston
﻿gal.tx.0145,﻿church,not recorded,English,,,,﻿Cameron County,,﻿Tangue de Carecito,﻿found on map,﻿TX,,﻿#REF!,﻿#REF!,﻿gal.tx.0023,﻿attended from Brownsville,,,,,,,,,,,,1867,﻿Galveston,Galveston
﻿gal.tx.0168,﻿church,not recorded,English,,,,﻿Nueces County,,﻿Trinidad,,,,﻿#REF!,﻿#REF!,,﻿attended from San Diego,,﻿No San Diego in 1867.,,,,,,,,,,1867,﻿Galveston,Galveston
﻿gal.tx.0148,﻿church,not recorded,English,,,,﻿Zapata County,﻿Zapata County,﻿Uribeño,,﻿TX,,﻿#REF!,﻿#REF!,,﻿attended from Roma by the Oblate Fathers,,,,,,,,,,,,1867,﻿Galveston,Galveston
﻿gal.tx.0149,﻿church,not recorded,English,,,,﻿Victoria County,﻿Victoria,﻿Victoria,﻿Victoria,﻿TX,,﻿#REF!,﻿#REF!,,,,,﻿aug_gardet_001,﻿Rev.,﻿August Gardet,,,,,,,1867,﻿Galveston,Galveston
﻿gal.tx.0149,﻿church,not recorded,English,,,,﻿,﻿Victoria,﻿Victoria,﻿Victoria,﻿TX,,﻿#REF!,﻿#REF!,,,,,﻿n_gällweiler_001,﻿Rev.,﻿N. Gällweiler,,,,,,,1867,﻿Galveston,Galveston
﻿gal.tx.0150,﻿church,not recorded,English,,,,﻿Brazoria County,﻿Brazoria County,﻿Velasco,﻿Freeport,﻿TX,,﻿#REF!,﻿#REF!,,﻿attended from Brazoria,,,,,,,,,,,,1867,﻿Galveston,Galveston
﻿gal.tx.0151,﻿church,not recorded,English,,,,﻿Washington County,﻿Washington County,﻿Washington,﻿Washington-on-the-Brazos,﻿TX,,﻿#REF!,﻿#REF!,,﻿attended from Hidalgo Prairie,,,,,,,,,,,,1867,﻿Galveston,Galveston
﻿gal.tx.0152,﻿church,not recorded,English,,,,﻿Robertson County,﻿Robertson County,﻿Wheelock,﻿Wheelock,﻿TX,,﻿#REF!,﻿#REF!,,﻿attended from Hidalgo Prairie,,,,,,,,,,,,1867,﻿Galveston,Galveston
﻿gal.tx.0153,﻿church,not recorded,English,,,,﻿Travis County,﻿Travis County,﻿Webberville,﻿Webberville,﻿TX,,﻿#REF!,﻿#REF!,,﻿attended from Austin,,,,,,,,,,,,1867,﻿Galveston,Galveston
﻿gal.tx.0179,﻿church,not recorded,English,"﻿N.B. - Just arrived, six priests of the Order of the Resurrection, for the station of Paña-Maria, Banders, and Martinez",,,,,,,,,﻿#REF!,﻿#REF!,,,,,,,,,,,,,,1867,﻿Galveston,Galveston
﻿gal.tx.0178,﻿church,﻿Convent of the Order of St. Benedict,English,﻿established in 1859,"﻿near San Antonio, Bexar County",,,,﻿San José,,﻿TX,,﻿#REF!,﻿#REF!,,,,,﻿emi_wendel_001,﻿Very Rev.,﻿Emilian Wendel,,﻿Prior,,﻿lay brother,﻿3 lay brothers,,1867,﻿Galveston,Galveston
﻿gal.tx.0162,﻿convent,﻿Convent of the Incarnate Word,English,,,,,,﻿Brownsville,,﻿TX,,﻿#REF!,﻿#REF!,,,,,,﻿Madame,﻿de St. Ange,,﻿Mother-Superior,,﻿boarder,﻿from 70 to 80 boarders,,1867,﻿Galveston,Galveston
﻿gal.tx.0162,﻿convent,﻿Convent of the Incarnate Word,English,,,,,,﻿Brownsville,,﻿TX,,﻿#REF!,﻿#REF!,,,,,,,,,,,﻿day-scholar,﻿about 100 day-scholars,,1867,﻿Galveston,Galveston
﻿gal.tx.0163,﻿convent,﻿Convent of the Incarnate Word,English,﻿school just starting,,,,,﻿Victoria,,﻿TX,,﻿#REF!,﻿#REF!,,,,,﻿de-_clare_001,﻿M.,﻿de St. Clare,,﻿Mother-Superior,,﻿sister,﻿6 Sisters,,1867,﻿Galveston,Galveston
﻿gal.tx.0180,﻿convent,﻿Ursuline Convent,English,,,,,,﻿Liberty,,﻿TX,,﻿#REF!,﻿#REF!,,,,,﻿de-_liguori_001,﻿M.,﻿de St. Liguori,,﻿Mother-Superior,,﻿sister,﻿4 sisters,,1867,﻿Galveston,Galveston
﻿gal.tx.0180,﻿convent,﻿Ursuline Convent,English,,,,,,﻿Liberty,,﻿TX,,﻿#REF!,﻿#REF!,,,,,,,,,,,﻿day-scholar,﻿50 day-scholars,,1867,﻿Galveston,Galveston
﻿gal.tx.0172,﻿monastery,﻿Monastery of the Sisters of Divine Providence,English,,,,,,﻿Austin,,﻿TX,,﻿#REF!,﻿#REF!,,,,,,﻿Madame,﻿de St. André,,﻿Superior,,﻿sister,﻿3 sisters,,1867,﻿Galveston,Galveston
﻿gal.tx.0172,﻿monastery,﻿Monastery of the Sisters of Divine Providence,English,,,,,,﻿Austin,,﻿TX,,﻿#REF!,﻿#REF!,,,,,,,,,,,﻿postulant,﻿2 postulants,,1867,﻿Galveston,Galveston
﻿gal.tx.0173,﻿hospital,﻿Sœurs Hospitalières,English,﻿for an infirmary and orphan asylum,,,,,﻿Galveston,,﻿TX,,﻿#REF!,﻿#REF!,,,,,,﻿Sister,﻿Ste. Blandine,,﻿Superior,,﻿sister,﻿3 sisters,,1867,﻿Galveston,Galveston
﻿gal.tx.0174,﻿school,﻿Female School,English,﻿under the care of the Sisters of Providence,,,,,﻿Austin,,﻿TX,,﻿#REF!,﻿#REF!,,,,,,,,,,,﻿sister,﻿3 sisters,,1867,﻿Galveston,Galveston
