instID,church_type,instName,language,instNote,placeName,region,county_orig,county_reg,city_orig,city_reg,state_orig,state_reg,latitude,longitude,attendingInstID,attendingPersID,attendingChurch,attendingChurchFrequency,attendingChurchNote,persID,persTitle,persName,persSuffix,persRole,persNote,memberType,member,affiliated,year,diocese,diocese_reg
﻿har.ct.0001,﻿cathedral,﻿Cathedral of SS. Peter and Paul,English,"﻿High Mass, at 10 1/4 A.M.  Vespers, at 3 o'clock P.M.",,,,,﻿Providence,﻿Providence,﻿RI,,41.8193105,-71.41658309999998,,,,,,﻿f_p_mcfarland_001,﻿Rt. Rev.,﻿F. P. McFarland,﻿D.D.,,,,,,1864,﻿Hartford,Hartford
﻿har.ct.0001,﻿cathedral,﻿Cathedral of SS. Peter and Paul,English,"﻿High Mass, at 10 1/4 A.M.  Vespers, at 3 o'clock P.M.",,,,,﻿Providence,﻿Providence,﻿RI,,41.8193105,-71.41658309999998,,,,,,﻿hug_carmody_001,﻿Rev.,﻿Hugh Carmody,﻿D.D.,﻿Pastor,,,,,1864,﻿Hartford,Hartford
﻿har.ct.0001,﻿cathedral,﻿Cathedral of SS. Peter and Paul,English,"﻿High Mass, at 10 1/4 A.M.  Vespers, at 3 o'clock P.M.",,,,,﻿Providence,﻿Providence,﻿RI,,41.8193105,-71.41658309999998,,,,,,﻿pat_j_odwyer_001,﻿Rev.,﻿Patrick J. O'Dwyer,,,,,,,1864,﻿Hartford,Hartford
﻿har.ct.0002,﻿church,﻿St. Patrick's,English,,,,,,﻿Providence,﻿Providence,﻿RI,,41.8325998,-71.41956379999999,,,,,,﻿pat_lambe_001,﻿Rev.,﻿Patrick Lambe,,,,,,,1864,﻿Hartford,Hartford
﻿har.ct.0003,﻿church,﻿St. Joseph's,English,,,,,,﻿Providence,﻿Providence,﻿RI,,41.821391399999996,-71.3966247,,,,,,﻿pet_kelly_001,﻿Rev.,﻿Peter Kelly,,﻿Pastor,,,,,1864,﻿Hartford,Hartford
﻿har.ct.0003,﻿church,﻿St. Joseph's,English,,,,,,﻿Providence,﻿Providence,﻿RI,,41.821391399999996,-71.3966247,,,,,,﻿hug_mallon_001,﻿Rev.,﻿Hugh Mallon,,,,,,,1864,﻿Hartford,Hartford
﻿har.ct.0005,﻿church,﻿Immaculate Conception,English,,,,,﻿Providence County,﻿Providence,﻿Providence,﻿RI,,41.8239891,-71.4128343,,,,,,﻿edw_j_cooney_001,﻿Rev.,﻿Edward J. Cooney,,,,,,,1864,﻿Hartford,Hartford
﻿har.ct.0005,﻿church,﻿Immaculate Conception,English,,,,,﻿Providence County,﻿Providence,﻿Providence,﻿RI,,41.8239891,-71.4128343,,,,,,﻿jam_oreilly_003,﻿Rev.,﻿Jas. O'Reilly,,,,,,,1864,﻿Hartford,Hartford
﻿har.ct.0006,﻿church,﻿St. Bernard's,English,,,,,,﻿Providence,﻿Providence,﻿RI,,41.8239891,-71.4128343,,,,,,﻿dan_mullen_001,﻿Rev.,﻿Daniel Mullen,,,,,,,1864,﻿Hartford,Hartford
﻿har.ct.0004,﻿church,﻿St. Mary's,English,,,,,,﻿Providence,﻿Providence,﻿RI,,41.8239891,-71.4128343,,,,,,﻿joh_quinn_001,﻿Rev.,﻿John Quinn,﻿D.D.,,,,,,1864,﻿Hartford,Hartford
﻿har.ct.0008,﻿chapel,﻿St. Catharine's Chapel,English,,,,,﻿Providence County,﻿Providence,﻿Providence,﻿RI,,41.821091700000004,-71.4140041,﻿har.ct.0001,,﻿attended from Cathedral,,,,,,,,,,,,1864,﻿Hartford,Hartford
﻿har.ct.0157_02,﻿chapel,﻿St. Aloysius' Chapel,English,,﻿Orphan Asylum,,,﻿Providence County,﻿Providence,﻿Providence,﻿RI,,41.821091700000004,-71.4140041,﻿har.ct.0006,,﻿attended from St. Bernard's,,,,,,,,,,,,1864,﻿Hartford,Hartford
﻿har.ct.0009,﻿church,not recorded,English,,,,﻿Providence County,﻿Providence County,﻿Albion,﻿Albion,﻿RI,,41.9532999,-71.4581359,﻿har.ct.0031,,﻿attended from Valley Falls,﻿every second Sunday,,,,,,,,,,,1864,﻿Hartford,Hartford
﻿har.ct.0012,﻿church,not recorded,English,,,,,﻿Bristol County,﻿Bristol,﻿Bristol,﻿RI,,41.6711818,-71.2707346,﻿har.ct.0033,,﻿attended from Warren,﻿Mass every Sunday,,,,,,,,,,,1864,﻿Hartford,Hartford
﻿har.ct.0016,﻿church,﻿St. Anne's,English,,,,,﻿Providence County,﻿Cranston,﻿Cranston,﻿RI,,41.7798226,-71.4372796,,,,,,﻿mic_lynch_002,﻿Rev.,﻿Michael Lynch,,,,,,,1864,﻿Hartford,Hartford
﻿har.ct.0017,﻿church,﻿Our Lady of Mount Carmel,English,,,,,﻿Kent County,﻿Crompton,﻿Crompton,﻿RI,,41.68472,-71.5141699,,,,,,﻿jam_p_gibson_001,﻿Rev.,﻿James P. Gibson,,,,,,,1864,﻿Hartford,Hartford
﻿har.ct.0020,﻿church,﻿Holy Name of Jesus,English,,,,,﻿Kent County,﻿Greenwich,﻿East Greenwich,﻿RI,,41.654058299999996,-71.4576721,﻿har.ct.0027,,﻿attended from Phoenixville,﻿Mass every second Sunday,,,,,,,,,,,1864,﻿Hartford,Hartford
﻿har.ct.0021,﻿church,﻿St. Philip Neri,English,,,,,﻿Providence County,﻿Greenville,﻿Greenville,﻿RI,,41.873398,-71.559435,,,,,,﻿phi_gillick_002,﻿Rev.,﻿Philip Gillick,,,,,,,1864,﻿Hartford,Hartford
﻿har.ct.0022,﻿church,﻿St. Patrick's,English,,,,,﻿Providence County,﻿Harrisville,﻿Harrisville,﻿RI,,41.967481299999996,-71.6780247,,,,,,﻿wil_e_duffy_001,﻿Rev.,﻿William E. Duffy,,,,,,,1864,﻿Hartford,Hartford
﻿har.ct.0023,﻿church,not recorded,English,,,,,﻿Providence County,﻿Manville,﻿Manville,﻿RI,,41.9681345,-71.4749437,﻿har.ct.0031,,﻿attended from Valley Falls,,,,,,,,,,,,1864,﻿Hartford,Hartford
﻿har.ct.0025,﻿church,﻿Our Lady of the Isle,English,,,,,﻿Newport County,﻿Newport,﻿Newport,﻿RI,,41.48419929999999,-71.3084391,,,,,,﻿wil_oreilly_001,﻿Very Rev.,﻿William O'Reilly,﻿V.G.,,,,,,1864,﻿Hartford,Hartford
﻿har.ct.0025,﻿church,﻿Our Lady of the Isle,English,,,,,﻿Newport County,﻿Newport,﻿Newport,﻿RI,,41.48419929999999,-71.3084391,,,,,,﻿mic_oreilly_004,﻿Rev.,﻿M. O'Reilly,,,,,,,1864,﻿Hartford,Hartford
﻿har.ct.0026,﻿church,﻿Immaculate Conception,English,,,,,﻿Providence County,﻿Pawtucket,﻿Pawtucket,﻿RI,,41.878710999999996,-71.38255579999999,,,,,,﻿p_g_delaney_001,﻿Rev.,﻿Patrick G. Delany,,,,,,,1864,﻿Hartford,Hartford
﻿har.ct.0027,﻿church,﻿SS. Peter and Paul,English,,,,,﻿Kent County,﻿Phoenixville,﻿West Warwick,﻿RI,,41.721302200000004,-71.52952640000001,,,,,,﻿mic_a_wallace_001,﻿Rev.,﻿M. A. Wallace,﻿LL.D.,,,,,,1864,﻿Hartford,Hartford
﻿har.ct.0031,﻿church,﻿St. Patrick's,English,,,,,﻿Providence County,﻿Valley Falls,﻿Valley Falls,﻿RI,,41.906766299999994,-71.39061190000001,,,,,,﻿ric_ogorman_001,﻿Rev.,﻿Richard O'Gorman,,,,,,,1864,﻿Hartford,Hartford
﻿har.ct.0032,﻿church,﻿St. Francis',English,,,,,﻿Washington County,﻿Wakefield,﻿Wakefield,﻿RI,,41.4381721,-71.50155459999999,﻿har.ct.0020,,﻿attended from Westerly,﻿Mass once a month,,,,,,,,,,,1864,﻿Hartford,Hartford
﻿har.ct.0033,﻿church,﻿St. Mary's,English,,,,,﻿Bristol County,﻿Warren,﻿Warren,﻿RI,,41.730379299999996,-71.2825493,,,,,,﻿mic_mccallion_001,﻿Rev.,﻿Michael McCallion,,,,,,,1864,﻿Hartford,Hartford
﻿har.ct.0034,﻿church,not recorded,English,,,,,﻿Washington County,﻿Wickford,﻿Wickford,﻿RI,,41.5722602,-71.448489,﻿har.ct.0027,,﻿attended from Phoenixville,,,,,,,,,,,,1864,﻿Hartford,Hartford
﻿har.ct.0035,﻿church,﻿St. Charles Borromeo,English,,,,﻿Cumberland Co.,﻿Providence County,﻿Woonsocket,﻿Woonsocket,﻿RI,,42.008323,-71.51378509999999,,,,,,﻿mic_mccabe_001,﻿Rev.,﻿M. McCabe,,,,,,,1864,﻿Hartford,Hartford
﻿har.ct.0035,﻿church,﻿St. Charles Borromeo,English,,,,﻿New London County,﻿Providence County,﻿Baltic,﻿Woonsocket,﻿CT,,42.008323,-71.51378509999999,﻿har.ct.0143,,﻿attended from Willimantic,﻿Mass every Sunday,,,,,,,,,,,1864,﻿Hartford,Hartford
﻿har.ct.0039,﻿church,﻿St. James',English,,,,,﻿Fairfield County,﻿Bridgeport,﻿Bridgeport,﻿CT,,41.1804284,-73.1966099,,,,,,﻿tho_j_sinnott_001,﻿Rev.,﻿Thos. J. Synnott,,,,,,,1864,﻿Hartford,Hartford
﻿har.ct.0040,﻿church,﻿St. Mary's,English,,﻿East-Bridgeport,,,﻿Fairfield County,﻿Bridgeport,﻿Bridgeport,﻿CT,,41.1814605,-73.1788739,,,,,,﻿fra_j_lenihan_001,﻿Rev.,﻿Francis J. Lenihan,,,,,,,1864,﻿Hartford,Hartford
﻿har.ct.0041,﻿church,﻿Immaculate Conception,English,,,,,﻿New Haven County,﻿Birmingham,﻿Derby,﻿CT,,41.3206523,-73.0889973,,,,,,﻿joh_sheridan_001,﻿Rev.,﻿John Sheridan,,,,,,,1864,﻿Hartford,Hartford
﻿har.ct.0043,﻿church,﻿Immaculate Conception,English,,,,,﻿New Haven County,﻿Branford,﻿Branford,﻿CT,,41.2799027,-72.8141185,,,,,,﻿tho_quinn_003,﻿Rev.,﻿Thomas Quinn,,,,,,,1864,﻿Hartford,Hartford
﻿har.ct.0044,﻿church,﻿St. Joseph's,English,,,,,﻿Hartford County,﻿Bristol,﻿Bristol,﻿CT,,41.6775744,-72.93851490000002,﻿har.ct.0093,,﻿attended from New Britain,﻿Mass every second Sunday,,,,,,,,,,,1864,﻿Hartford,Hartford
﻿har.ct.0045,﻿church,not recorded,English,﻿church not dedicated,,,﻿Tolland Co.,﻿Hartford County,﻿Broadbrook,﻿Broad Brook,﻿CT,,41.9123195,-72.5450873,﻿har.ct.0130,,﻿attended from Thompsonville,,,,,,,,,,,,1864,﻿Hartford,Hartford
﻿har.ct.0046,﻿church,not recorded,English,,,,﻿Fairfield Co.,﻿Fairfield County,﻿Brookfield,﻿Brookfield,﻿CT,,41.48259470000001,-73.4095652,﻿har.ct.0103,,﻿attended from Newtown,,,,,,,,,,,,1864,﻿Hartford,Hartford
﻿har.ct.0047,﻿church,﻿St. Bridget's,English,,,,,﻿New Haven County,﻿Cheshire,﻿Cheshire,﻿CT,,41.502835,-72.904413,,,,,,﻿tho_drea_001,﻿Rev.,﻿Thomas Drea,,,,,,,1864,﻿Hartford,Hartford
﻿har.ct.0048,﻿church,﻿St. Joseph's,English,,,,﻿New Haven Co.,﻿Middlesex County,﻿Chester,﻿Chester,﻿CT,,41.4011399,-72.44138079999999,﻿har.ct.0050,,﻿attended from Colchester,﻿Mass once a month,,,,,,,,,,,1864,﻿Hartford,Hartford
﻿har.ct.0049,﻿church,not recorded,English,,,,﻿New Haven Co.,﻿Middlesex County,﻿Clinton,﻿Clinton,﻿CT,,41.2882208,-72.52880340000002,﻿har.ct.0043,,﻿attended from Branford,,,,,,,,,,,,1864,﻿Hartford,Hartford
﻿har.ct.0050,﻿church,not recorded,English,﻿church not dedicated,,,,﻿New London County,﻿Colchester,﻿Colchester,﻿CT,,41.5742106,-72.327698,,,,,,﻿pat_creighton_001,﻿Rev.,﻿P. Creighton,,,,,,,1864,﻿Hartford,Hartford
﻿har.ct.0051,﻿church,not recorded,English,,,,,﻿Litchfield County,﻿Coldbrook,﻿Colebrook,﻿CT,,41.991407099999996,-73.0956765,﻿har.ct.0140,,﻿attended from Winsted,,,,,,,,,,,,1864,﻿Hartford,Hartford
﻿har.ct.0052,﻿church,﻿St. Patrick's,English,,,,,﻿Hartford County,﻿Collinsville,﻿Collinsville,﻿CT,,41.812875700000006,-72.9201022,,,,,,﻿jno_fagan_001,﻿Rev.,﻿John Fagan,,,,,,,1864,﻿Hartford,Hartford
﻿har.ct.0053,﻿church,﻿St. Bridget's,English,,,,,﻿Litchfield County,﻿Cornwall,﻿Cornwall,﻿CT,,41.7866294,-73.27653609999999,﻿har.ct.0059,,﻿attended from Falls Village,﻿Mass once a month,,,,,,,,,,,1864,﻿Hartford,Hartford
﻿har.ct.0055,﻿church,﻿St. Peter's,English,,,,,﻿Fairfield County,﻿Danbury,﻿Danbury,﻿CT,,41.392058,-73.448883,,,,,,﻿amb_manahan_001,﻿Rev.,﻿Ambrose Manahan,﻿D.D.,,,,,,1864,﻿Hartford,Hartford
﻿har.ct.0056,﻿church,not recorded,English,﻿no church,,,,﻿Windham County,﻿Danielsonville,﻿Danielson,﻿CT,,41.8026369,-71.88473499999999,﻿har.ct.0090,,﻿attended from Moosup,﻿Mass every second Sunday,,,,,,,,,,,1864,﻿Hartford,Hartford
﻿har.ct.0057,﻿church,﻿St. Thomas Aquinas,English,,,,,﻿Fairfield County,﻿Fairfield,﻿Fairfield,﻿CT,,41.1407245,-73.2617723,﻿har.ct.0039,,"﻿attended from St. James', Bridgeport",,,,,,,,,,,,1864,﻿Hartford,Hartford
﻿har.ct.0059,﻿church,﻿St. Patrick's,English,,,,,﻿Litchfield County,﻿Falls Village,﻿Falls Village,﻿CT,,41.95502020000001,-73.3650579,,,,,,﻿joh_a_couch_001,﻿Rev.,﻿John Couch,,,,,,,1864,﻿Hartford,Hartford
﻿har.ct.0060,﻿church,not recorded,English,,,,,﻿Hartford County,﻿Farmington,﻿Farmington,﻿CT,,41.7360305,-72.795027,﻿har.ct.0012,,﻿attended from New Britain,﻿once a month,,,,,,,,,,,1864,﻿Hartford,Hartford
﻿har.ct.0064,﻿church,﻿St. Columbkille,English,,,,,﻿Litchfield County,﻿Goshen,﻿Goshen,﻿CT,,41.831518700000004,-73.2248946,﻿har.ct.0059,,﻿attended from Falls Village,﻿Mass once a month,,,,,,,,,,,1864,﻿Hartford,Hartford
﻿har.ct.0065,﻿church,﻿St. Mary's,English,,,,,﻿Fairfield County,﻿Greenwich,﻿Greenwich,﻿CT,,41.0262417,-73.62819640000001,﻿har.ct.0020,,﻿attended from Stamford,,,,,,,,,,,,1864,﻿Hartford,Hartford
﻿har.ct.0066,﻿church,﻿St. George's,English,,,,,﻿New Haven County,﻿Guilford,﻿Guilford,﻿CT,,41.29924129999999,-72.6878392,﻿har.ct.0043,,﻿attended from Branford,,,,,,,,,,,,1864,﻿Hartford,Hartford
﻿har.ct.0073,﻿church,not recorded,English,,,,,﻿Middlesex County,﻿Haddam,﻿Haddam,﻿CT,,41.477143299999994,-72.5122763,﻿har.ct.0050,,﻿attended from Colchester,,,,,,,,,,,,1864,﻿Hartford,Hartford
﻿har.ct.0074,﻿church,﻿Our Lady of Mount Carmel,English,,,,,﻿New Haven County,﻿Hampden,﻿Hamden,﻿CT,,41.3991501,-72.8968132,﻿har.ct.0047,,﻿attended from Cheshire,,,,,,,,,,,,1864,﻿Hartford,Hartford
﻿har.ct.0076,﻿church,﻿St. Patrick's,English,,,,,﻿Hartford County,﻿Hartford,﻿Hartford,﻿CT,,41.782096,-72.6828563,,,,,,﻿jam_hughes_001,﻿Rev.,﻿James Hughes,,﻿Pastor,,,,,1864,﻿Hartford,Hartford
﻿har.ct.0076,﻿church,﻿St. Patrick's,English,,,,,﻿Hartford County,﻿Hartford,﻿Hartford,﻿CT,,41.782096,-72.6828563,,,,,,﻿joh_ofarrell_001,﻿Rev.,﻿John O'Farrell,,,,,,,1864,﻿Hartford,Hartford
﻿har.ct.0077,﻿church,﻿St. Peter's,English,,,,,﻿Hartford County,﻿Hartford,﻿Hartford,﻿CT,,41.7573218,-72.6742811,,,,,,﻿joh_lynch_001,﻿Rev.,﻿John Lynch,,﻿Pastor,,,,,1864,﻿Hartford,Hartford
﻿har.ct.0077,﻿church,﻿St. Peter's,English,,,,,﻿Hartford County,﻿Hartford,﻿Hartford,﻿CT,,41.7573218,-72.6742811,,,,,,﻿phi_grace_001,﻿Rev.,﻿P. Grace,,,,,,,1864,﻿Hartford,Hartford
﻿har.ct.0079,﻿church,not recorded,English,,,,,﻿New London County,﻿Jewett City,﻿Jewett City,﻿CT,,41.606765,-71.980908,﻿har.ct.0090,,﻿attended from Moosup,﻿every second Sunday,,,,,,,,,,,1864,﻿Hartford,Hartford
﻿har.ct.0080,﻿church,not recorded,English,﻿church not dedicated,,,,﻿Litchfield County,﻿Litchfield,﻿Litchfield,﻿CT,,41.747264200000004,-73.1887165,﻿har.ct.0140,,﻿attended from Winsted,,,,,,,,,,,,1864,﻿Hartford,Hartford
﻿har.ct.0081,﻿church,not recorded,English,,,,,﻿New London County,﻿Lyme,﻿Lyme,﻿CT,,41.400812,-72.3429525,﻿har.ct.0043,,﻿attended from Branford,,,,,,,,,,,,1864,﻿Hartford,Hartford
﻿har.ct.0082,﻿church,not recorded,English,,,,,﻿New Haven County,﻿Madison,﻿Madison,﻿CT,,41.2959908,-72.57541490000001,﻿har.ct.0043,,﻿attended from Branford,﻿once a month,,,,,,,,,,,1864,﻿Hartford,Hartford
﻿har.ct.0083,﻿church,﻿St. Mary's,English,,,,,﻿Hartford County,﻿Manchester,﻿Manchester,﻿CT,,41.8001895,-72.5215919,﻿har.ct.0118,,﻿attended from Rockville,﻿Mass every second Sunday,,,,,,,,,,,1864,﻿Hartford,Hartford
﻿har.ct.0086,﻿church,﻿St. Rose of Lima,English,,,,,﻿New Haven County,﻿Meriden,﻿Meriden,﻿CT,,41.5349562,-72.7930366,,,,,,﻿tho_walsh_002,﻿Rev.,﻿Thomas Walsh,,,,,,,1864,﻿Hartford,Hartford
﻿har.ct.0086,﻿church,﻿St. Rose of Lima,English,,,,,﻿Middlesex County,﻿Middle Haddam,﻿Middletown,﻿CT,,41.5349562,-72.7930366,﻿har.ct.0050,,﻿attended from Colchester,,,,,,,,,,,,1864,﻿Hartford,Hartford
﻿har.ct.0087,﻿church,﻿St. John's,English,,,,,﻿Middlesex County,﻿Middletown,﻿Middletown,﻿CT,,41.567417,-72.6528917,,,,,,﻿jas_lynch_001,﻿Rev.,﻿James Lynch,,,,,,,1864,﻿Hartford,Hartford
﻿har.ct.0088,﻿church,﻿St. Mary's,English,,,,,﻿New Haven County,﻿Milford,﻿Milford,﻿CT,,41.326215000000005,-72.9229083,﻿har.ct.0040,,﻿attended from East Bridgeport,,,,,,,,,,,,1864,﻿Hartford,Hartford
﻿har.ct.0089,﻿church,not recorded,English,,,,,﻿Middlesex County,﻿Moodus,﻿Moodus,﻿CT,,41.502876799999996,-72.45008670000001,﻿har.ct.0050,,﻿attended from Colchester,﻿Mass once a month,,,,,,,,,,,1864,﻿Hartford,Hartford
﻿har.ct.0090,﻿church,﻿All Hallows,English,,,,﻿Windham County,﻿Windham County,﻿Moosup,﻿Moosup,﻿CT,,41.713380900000004,-71.8857984,,,,,,﻿jam_quinn_001,﻿Rev.,﻿James Quinn,,,,,,,1864,﻿Hartford,Hartford
﻿har.ct.0091,﻿church,not recorded,English,,,,,﻿New London County,﻿Mystic,﻿Mystic,﻿CT,,41.354265600000005,-71.96646199999999,﻿har.ct.0136,,﻿attended from Westerly,,,,,,,,,,,,1864,﻿Hartford,Hartford
﻿har.ct.0092,﻿church,﻿St. Anne's,English,,,,,﻿New Haven County,﻿Naugatuck,﻿Naugatuck,﻿CT,,41.492961,-73.0548518,﻿har.ct.0133,,﻿attended from Waterbury,﻿Mass every Sunday,,,,,,,,,,,1864,﻿Hartford,Hartford
﻿har.ct.0093,﻿church,﻿St. Mary's,English,,,,,﻿Hartford County,﻿New Britain,﻿New Britain,﻿CT,,41.6720763,-72.7827105,,,,,,﻿luk_daly_001,﻿Rev.,﻿Luke Daly,,,,,,,1864,﻿Hartford,Hartford
﻿har.ct.0094,﻿church,not recorded,English,,,,,﻿Fairfield County,﻿New Canaan,﻿New Canaan,﻿CT,,41.1452827,-73.49401850000001,﻿har.ct.0107,,﻿attended from Norwalk,﻿once a month,,,,,,,,,,,1864,﻿Hartford,Hartford
﻿har.ct.0095,﻿church,﻿St. Patrick's,English,,,,,﻿New London County,﻿New London,﻿New London,﻿CT,,41.3556539,-72.0995209,,,,,,﻿pat_a_gaynor_001,﻿Rev.,﻿P. A. Gaynor,,,,,,,1864,﻿Hartford,Hartford
﻿har.ct.0096,﻿church,not recorded,English,,,,﻿Hartford County,﻿Litchfield County,﻿New Hartford,﻿New Hartford,﻿CT,,41.873500899999996,-72.96702490000001,﻿har.ct.0052,,﻿attended from Collinsville,,,,,,,,,,,,1864,﻿Hartford,Hartford
﻿har.ct.0097,﻿church,﻿St. Mary's,English,,,,,﻿New Haven County,﻿New Haven,﻿New Haven,﻿CT,,41.31192070000001,-72.92382370000001,,,,,,﻿e_j_obrien_001,﻿Rev.,﻿E. J. O'Brien,,,,,,,1864,﻿Hartford,Hartford
﻿har.ct.0098,﻿church,﻿St. Patrick's,English,,,,,﻿New Haven County,﻿New Haven,﻿New Haven,﻿CT,,41.2967151,-72.94313079999999,,,,,,﻿mat_hart_001,﻿Rev.,﻿Matthew Hart,,,,,,,1864,﻿Hartford,Hartford
﻿har.ct.0099,﻿church,﻿St. John's,English,,,,,﻿New Haven County,﻿New Haven,﻿New Haven,﻿CT,,41.316120899999994,-72.91676319999999,,,,,,﻿jno_smith_001,﻿Rev.,﻿John Smith,,﻿Pastor,,,,,1864,﻿Hartford,Hartford
﻿har.ct.0099,﻿church,﻿St. John's,English,,,,,﻿New Haven County,﻿New Haven,﻿New Haven,﻿CT,,41.316120899999994,-72.91676319999999,,,,,,﻿jos_obrien_001,﻿Rev.,﻿Joseph O'Brien,,,,,,,1864,﻿Hartford,Hartford
﻿har.ct.0101,﻿church,not recorded,English,,,,,﻿Fairfield County,﻿New Fairfield,﻿New Fairfield,﻿CT,,41.466099299999996,-73.48564609999998,﻿har.ct.0055,,﻿attended from Danbury,,,,,,,,,,,,1864,﻿Hartford,Hartford
﻿har.ct.0102,﻿church,not recorded,English,﻿church not dedicated,,,,﻿Litchfield County,﻿New Milford,﻿New Milford,﻿CT,,41.58107570000001,-73.4115292,﻿har.ct.0103,,﻿attended from Newtown,,,,,,,,,,,,1864,﻿Hartford,Hartford
﻿har.ct.0103,﻿church,﻿St. Rose of Lima,English,,,,,﻿Fairfield County,﻿Newtown,﻿Newtown,﻿CT,,41.4155712,-73.2977557,,,,,,﻿jam_daly_002,﻿Rev.,﻿James Daly,,,,,,,1864,﻿Hartford,Hartford
﻿har.ct.0104,﻿church,not recorded,English,﻿church not dedicated,,,,﻿Litchfield County,﻿Norfolk,﻿Norfolk,﻿CT,,41.9945064,-73.2015656,﻿har.ct.0140,,﻿attended from Winsted,﻿once a month,,,,,,,,,,,1864,﻿Hartford,Hartford
﻿har.ct.0106,﻿church,not recorded,English,,,,,﻿Litchfield County,﻿North Canaan,﻿North Canaan,﻿CT,,42.0241794,-73.3240842,﻿har.ct.0059,,﻿attended from Falls Village,﻿once a month,,,,,,,,,,,1864,﻿Hartford,Hartford
﻿har.ct.0107,﻿church,﻿St. Mary's,English,,,,,﻿Fairfield County,﻿Norwalk,﻿Norwalk,﻿CT,,41.117744,-73.4081575,,,,,,﻿pet_a_smith_001,﻿Rev.,﻿P. A. Smith,,,,,,,1864,﻿Hartford,Hartford
﻿har.ct.0108,﻿church,﻿St. Mary's,English,,,,,﻿New London County,﻿Norwich,﻿Norwich,﻿CT,,41.529753799999995,-72.0599165,,,,,,﻿dan_kelly_001,﻿Rev.,﻿Daniel Kelly,,,,,,,1864,﻿Hartford,Hartford
﻿har.ct.0110,﻿church,not recorded,English,,,,,﻿Hartford County,﻿Plainville,﻿Plainville,﻿CT,,41.67574570000001,-72.8633635,﻿har.ct.0093,,﻿attended from New Britain,﻿once a month,,,,,,,,,,,1864,﻿Hartford,Hartford
﻿har.ct.0111,﻿church,not recorded,English,,,,,﻿Litchfield County,﻿Plymouth,﻿Plymouth,﻿CT,,41.672041799999995,-73.0528853,﻿har.ct.0133,,﻿attended from Waterbury,,,,,,,,,,,,1864,﻿Hartford,Hartford
﻿har.ct.0113,﻿church,not recorded,English,,,,,﻿Hartford County,﻿Poquonock,﻿Poquonock,﻿CT,,41.9048851,-72.67904909999999,﻿har.ct.0142,,﻿attended from Windsor Locks,﻿twice a month,,,,,,,,,,,1864,﻿Hartford,Hartford
﻿har.ct.0114,﻿church,not recorded,English,﻿church not dedicated,,,,﻿Windham County,﻿Putnam,﻿Putnam,﻿CT,,41.9046012,-71.8689917,﻿har.ct.0022,,﻿attended from Harrisville,﻿Mass every second Sunday,,,,,,,,,,,1864,﻿Hartford,Hartford
﻿har.ct.0116,﻿church,not recorded,English,,,,,﻿Fairfield County,﻿Redding Ridge,﻿Redding,﻿CT,,41.304539899999995,-73.392898,﻿har.ct.0055,,﻿attended from Danbury,,,,,,,,,,,,1864,﻿Hartford,Hartford
﻿har.ct.0117,﻿church,not recorded,English,,,,,﻿Fairfield County,﻿Ridgefield,﻿Ridgefield,﻿CT,,41.2840635,-73.4975412,﻿har.ct.0055,,﻿attended from Danbury,,,,,,,,,,,,1864,﻿Hartford,Hartford
﻿har.ct.0118,﻿church,﻿St. Bernard's,English,,,,,﻿Tolland County,﻿Rockville,﻿Rockville,﻿CT,,41.868512100000004,-72.446764,,,,,,﻿h_j_oreilly_001,﻿Rev.,﻿Hugh J. O'Reilly,,,,,,,1864,﻿Hartford,Hartford
﻿har.ct.0119,﻿church,not recorded,English,,,,,﻿Middlesex County,﻿Saybrook,﻿Old Saybrook,﻿CT,,41.2960159,-72.38453009999999,﻿har.ct.0043,,﻿attended from Branford,,,,,,,,,,,,1864,﻿Hartford,Hartford
﻿har.ct.0121,﻿church,﻿St. Augustine's,English,,,,,﻿New Haven County,﻿Seymour,﻿Seymour,﻿CT,,41.3919449,-73.072226,﻿har.ct.0041,,﻿attended from Birmingham,﻿Mass every Sunday,,,,,,,,,,,1864,﻿Hartford,Hartford
﻿har.ct.0122,﻿church,not recorded,English,,,,,﻿Litchfield County,﻿Sharon,﻿Sharon,﻿CT,,41.879375399999994,-73.47686970000001,﻿har.ct.0059,,﻿attended from Falls Village,﻿once a month,,,,,,,,,,,1864,﻿Hartford,Hartford
﻿har.ct.0123,﻿church,not recorded,English,,,,,﻿Tolland County,﻿Stafford,﻿Stafford,﻿CT,,41.955238200000004,-72.3081149,﻿har.ct.0118,,﻿attended from Rockville,﻿once a month,,,,,,,,,,,1864,﻿Hartford,Hartford
﻿har.ct.0124,﻿church,﻿St. John's,English,,,,,﻿Fairfield County,﻿Stamford,﻿Stamford,﻿CT,,41.051736299999995,-73.5397383,,,,,,﻿jam_oneill_001,﻿Rev.,﻿James H. O'Neill,,,,,,,1864,﻿Hartford,Hartford
﻿har.ct.0125,﻿church,﻿St. Mary's,English,,,,,﻿New London County,﻿Stonington,﻿Stonington,﻿CT,,41.3477838,-71.91612070000001,﻿har.ct.0136,,﻿attended from Westerly,,,,,,,,,,,,1864,﻿Hartford,Hartford
﻿har.ct.0126,﻿church,not recorded,English,,,,﻿New Haven Co.,﻿Fairfield County,﻿Stratford,﻿Stratford,﻿CT,,41.184541499999995,-73.1331651,﻿har.ct.0040,,﻿attended from E. Bridgeport,,,,,,,,,,,,1864,﻿Hartford,Hartford
﻿har.ct.0127,﻿church,﻿St. Thomas's,English,,,,,﻿Hartford County,﻿Southington,﻿Southington,﻿CT,,41.5958907,-72.8821291,﻿har.ct.0047,,﻿attended from Cheshire,﻿every second Sunday,,,,,,,,,,,1864,﻿Hartford,Hartford
﻿har.ct.0128,﻿church,﻿St. Paul's,English,,,,,﻿Hartford County,﻿Tariffville,﻿Tariffville,﻿CT,,41.908708700000005,-72.76009509999999,﻿har.ct.0052,,﻿attended from Collinsville,﻿Mass every second Sunday,,,,,,,,,,,1864,﻿Hartford,Hartford
﻿har.ct.0129,﻿church,not recorded,English,,,,,﻿Litchfield County,﻿Terryville,﻿Terryville,﻿CT,,41.6781533,-73.01093929999999,﻿har.ct.0133,,﻿attended from Waterbury,﻿Mass every second Sunday,,,,,,,,,,,1864,﻿Hartford,Hartford
﻿har.ct.0130,﻿church,﻿St. Patrick's,English,,,,,﻿Hartford County,﻿Thompsonville,﻿Thompsonville,﻿CT,,41.9911766,-72.59788809999999,,,,,,﻿ber_tully_001,﻿Rev.,﻿Bernard Tully,,,,,,,1864,﻿Hartford,Hartford
﻿har.ct.0132,﻿church,﻿The Most Holy Trinity,English,,,,,﻿New Haven County,﻿Wallingford,﻿Wallingford,﻿CT,,41.455541100000005,-72.81918509999998,﻿har.ct.0086,,﻿attended from Meriden,,,,,,,,,,,,1864,﻿Hartford,Hartford
﻿har.ct.0133,﻿church,﻿Immaculate Conception,English,,,,,﻿New Haven County,﻿Waterbury,﻿Waterbury,﻿CT,,41.558152500000006,-73.0514965,,,,,,﻿tho_f_hendricken_001,﻿Rev.,﻿Thomas F. Hendricken,,﻿Pastor,,,,,1864,﻿Hartford,Hartford
﻿har.ct.0133,﻿church,﻿Immaculate Conception,English,,,,,﻿New Haven County,﻿Waterbury,﻿Waterbury,﻿CT,,41.558152500000006,-73.0514965,,,,,,﻿jam_f_campbell_001,﻿Rev.,﻿James F. Campbell,,,,,,,1864,﻿Hartford,Hartford
﻿har.ct.0133,﻿church,﻿Immaculate Conception,English,,,,,﻿New Haven County,﻿Waterbury,﻿Waterbury,﻿CT,,41.558152500000006,-73.0514965,,,,,,﻿mic_rodden_001,﻿Rev.,﻿Michael B. Roddan,,,,,,,1864,﻿Hartford,Hartford
﻿har.ct.0134,﻿church,not recorded,English,,,,,﻿Litchfield County,﻿Watertown,﻿Watertown,﻿CT,,41.6062042,-73.11833969999999,﻿har.ct.0133,,﻿attended from Waterbury,,,,,,,,,,,,1864,﻿Hartford,Hartford
﻿har.ct.0136,﻿church,﻿St. Michael's,English,,,,﻿New London Co.,﻿Washington County,﻿Westerly,﻿Westerly,﻿RI,,41.356064,-71.8115705,,,,,,﻿pat_sherry_001,﻿Rev.,﻿P. Sherry,,,,,,,1864,﻿Hartford,Hartford
﻿har.ct.0139,﻿church,﻿Assumption,English,,,,,﻿Fairfield County,﻿Westport,﻿Westport,﻿CT,,41.1363191,-73.3652,﻿har.ct.0107,,﻿attended from Norwalk,﻿twice a month,,,,,,,,,,,1864,﻿Hartford,Hartford
﻿har.ct.0148_02,﻿church,﻿St. Joseph's,English,,﻿St. Joseph's Convent,,,﻿Litchfield County,﻿Winsted,﻿Winsted,﻿CT,,41.9213905,-73.0646739,,,,,,﻿phi_sheridan_001,﻿Rev.,﻿Philip Sheridan,,,,,,,1864,﻿Hartford,Hartford
﻿har.ct.0142,﻿church,﻿St. Mary's,English,,,,,﻿Hartford County,﻿Windsor Locks,﻿Windsor Locks,﻿CT,,41.9301847,-72.6295369,,,,,,﻿jam_smyth_001,﻿Rev.,﻿James Smyth,,,,,,,1864,﻿Hartford,Hartford
﻿har.ct.0143,﻿church,﻿St. Joseph's,English,,,,,﻿Windham County,﻿Willimantic,﻿Willimantic,﻿CT,,41.7132928,-72.2071266,,,,,,﻿flo_de-bruycker_001,﻿Rev.,﻿Florimond de Bruycker,,,,,,,1864,﻿Hartford,Hartford
﻿har.ct.0144,﻿church,not recorded,English,﻿church not dedicated,,,,﻿Litchfield County,﻿Walcotville,﻿Torrington,﻿CT,,41.8003049,-73.1211715,﻿har.ct.0140,,﻿attended from Winsted,,,,,,,,,,,,1864,﻿Hartford,Hartford
﻿har.ct.0145,﻿church,not recorded,English,,,,﻿New Haven Co.,﻿Litchfield County,﻿Woodbury,﻿Woodbury,﻿CT,,41.544540399999995,-73.2090025,﻿har.ct.0133,,﻿attended from Waterbury,﻿every second Sunday,,,,,,,,,,,1864,﻿Hartford,Hartford
﻿har.ct.0150,"﻿convent, academy",﻿St. Francis Xavier's Convent and Academy of the Sisters of Mercy,English,,,,,,﻿Providence,﻿Providence,﻿RI,,41.81885161,-71.41526821,,,,,,,﻿Sister,﻿M. Angela Fitzgerald,,﻿Superior,,﻿religious,﻿27 religious,,1864,﻿Hartford,Hartford
﻿har.ct.0150,"﻿convent, academy",﻿St. Francis Xavier's Convent and Academy of the Sisters of Mercy,English,,,,,,﻿Providence,﻿Providence,﻿RI,,41.81885161,-71.41526821,,,,,,,,,,,,﻿pupil,﻿80 pupils,,1864,﻿Hartford,Hartford
﻿har.ct.0158,"﻿convent, academy",﻿Convent and Academy of the Sisters of Mercy,English,,,,,,﻿Hartford,﻿Hartford,﻿CT,,41.76926487,-72.67881191,,,,,,,﻿Sister,﻿Pauline Maher,,﻿Superior,,﻿religious,﻿13 religious,,1864,﻿Hartford,Hartford
﻿har.ct.0158,"﻿convent, academy",﻿Convent and Academy of the Sisters of Mercy,English,,,,,,﻿Hartford,﻿Hartford,﻿CT,,41.76926487,-72.67881191,,,,,,,,,,,,﻿pupil,﻿50 pupils,,1864,﻿Hartford,Hartford
﻿har.ct.0162,"﻿convent, academy",﻿Convent and Academy of the Sisters of Mercy,English,,,,,,﻿New Haven,﻿New Haven,﻿CT,,41.30808494,-72.93673912,,,,,,,﻿Sister,﻿M. Stanislaus Spain,,﻿Superior,,﻿religious,﻿13 religious,,1864,﻿Hartford,Hartford
﻿har.ct.0162,"﻿convent, academy",﻿Convent and Academy of the Sisters of Mercy,English,,,,,,﻿New Haven,﻿New Haven,﻿CT,,41.30808494,-72.93673912,,,,,,,,,,,,﻿pupil,﻿50 pupils,,1864,﻿Hartford,Hartford
﻿har.ct.0152,﻿convent,﻿Convent of the Sisters of Mercy,English,,,,,,﻿Newport,﻿Newport,﻿RI,,41.4901024,-71.31282850000001,,,,,,,﻿Sister,﻿M. Patricia Whelan,,﻿Superior,,﻿religious,﻿6 religious,,1864,﻿Hartford,Hartford
﻿har.ct.0154,﻿convent,﻿Convent of the Sisters of Mercy,English,,,,,,﻿Pawtucket,﻿Pawtucket,﻿RI,,41.87668894,-71.40205876,,,,,,,﻿Sister,﻿M. Camilla Purcell,,﻿Superior,,﻿religious,﻿6 religious,,1864,﻿Hartford,Hartford
﻿har.ct.0157,﻿asylum,﻿St. Aloysius' Orphan Asylum,English,,,,,,﻿Providence,﻿Providence,﻿RI,,41.8014224,-71.41339999,,,,,,,﻿Sister,﻿M. Paula Lombard,,﻿Superior,,﻿boy,﻿102 boys,,1864,﻿Hartford,Hartford
﻿har.ct.0157,﻿asylum,﻿St. Aloysius' Orphan Asylum,English,,,,,,﻿Providence,﻿Providence,﻿RI,,41.8014224,-71.41339999,,,,,,,,,,,,﻿girl,﻿100 girls,,1864,﻿Hartford,Hartford
﻿har.ct.0157,﻿asylum,﻿Female Orphan Asylum,English,,,,,,﻿Hartford,﻿Hartford,﻿CT,,41.8014224,-71.41339999,,,,,,,,,,,,﻿orphan,"﻿orphans, 50",﻿directed by Sisters of Mercy,1864,﻿Hartford,Hartford
﻿har.ct.0157,﻿asylum,﻿Female Orphan Asylum,English,,,,,,﻿New Haven,﻿Hartford,﻿CT,,41.8014224,-71.41339999,,,,,,,,,,,,﻿orphan,"﻿orphans, 60",﻿directed by Sisters of Mercy,1864,﻿Hartford,Hartford
﻿har.ct.0001_02,﻿school,not recorded,English,,﻿Cathedral,,,,﻿Providence,﻿Providence,﻿RI,,41.8193105,-71.41658309999998,,,,,,,,,,,,﻿boy,"﻿boys, 300",,1864,﻿Hartford,Hartford
﻿har.ct.0001_02,﻿school,not recorded,English,,﻿Cathedral,,,,﻿Providence,﻿Providence,﻿RI,,41.8193105,-71.41658309999998,,,,,,,,,,,,﻿girl,"﻿girls, 400",,1864,﻿Hartford,Hartford
﻿har.ct.0001_02,﻿school,not recorded,English,,﻿Cathedral,,,,﻿Providence,﻿Providence,﻿RI,,41.8193105,-71.41658309999998,,,,,,,,,,,,﻿Sunday-school students,"﻿Sunday-school, 1000",,1864,﻿Hartford,Hartford
﻿har.ct.0005_02,﻿school,not recorded,English,,﻿Immaculate Conception,,,,﻿Providence,﻿Providence,﻿RI,,41.751996000000005,-71.47536,,,,,,,,,,,,﻿boy,"﻿boys, 150",,1864,﻿Hartford,Hartford
﻿har.ct.0005_02,﻿school,not recorded,English,,﻿Immaculate Conception,,,,﻿Providence,﻿Providence,﻿RI,,41.751996000000005,-71.47536,,,,,,,,,,,,﻿girl,"﻿girls, 200",,1864,﻿Hartford,Hartford
﻿har.ct.0005_02,﻿school,not recorded,English,,﻿Immaculate Conception,,,,﻿Providence,﻿Providence,﻿RI,,41.751996000000005,-71.47536,,,,,,,,,,,,﻿Sunday-school students,"﻿Sunday-school, 500",,1864,﻿Hartford,Hartford
﻿har.ct.0002_02,﻿school,not recorded,English,,﻿St. Patrick's,,,,﻿Providence,﻿Providence,﻿RI,,41.83575689,-71.4171872,,,,,,,,,,,,﻿boy,"﻿boys, 40",,1864,﻿Hartford,Hartford
﻿har.ct.0002_02,﻿school,not recorded,English,,﻿St. Patrick's,,,,﻿Providence,﻿Providence,﻿RI,,41.83575689,-71.4171872,,,,,,,,,,,,﻿girl,"﻿girls, 180",,1864,﻿Hartford,Hartford
﻿har.ct.0002_02,﻿school,not recorded,English,,﻿St. Patrick's,,,,﻿Providence,﻿Providence,﻿RI,,41.83575689,-71.4171872,,,,,,,,,,,,﻿Sunday-school students,"﻿Sunday-school, 300",,1864,﻿Hartford,Hartford
﻿har.ct.0026_02,﻿school,not recorded,English,,,,,,﻿Pawtucket,﻿Pawtucket,﻿RI,,41.872245299999996,-71.38935749999999,,,,,,,,,,,,﻿boy,"﻿boys, 100",,1864,﻿Hartford,Hartford
﻿har.ct.0026_02,﻿school,not recorded,English,,,,,,﻿Pawtucket,﻿Pawtucket,﻿RI,,41.872245299999996,-71.38935749999999,,,,,,,,,,,,﻿girl,"﻿girls, 200",,1864,﻿Hartford,Hartford
﻿har.ct.0026_02,﻿school,not recorded,English,,,,,,﻿Pawtucket,﻿Pawtucket,﻿RI,,41.872245299999996,-71.38935749999999,,,,,,,,,,,,﻿Sunday-school students,"﻿Sunday-school, 400",,1864,﻿Hartford,Hartford
﻿har.ct.0035_02,﻿school,not recorded,English,,,,,,﻿Woonsocket,﻿Woonsocket,﻿RI,,42.008153799999995,-71.5139505,,,,,,,,,,,,﻿boy,"﻿boys, 120",,1864,﻿Hartford,Hartford
﻿har.ct.0035_02,﻿school,not recorded,English,,,,,,﻿Woonsocket,﻿Woonsocket,﻿RI,,42.008153799999995,-71.5139505,,,,,,,,,,,,﻿girl,"﻿girls, 150",,1864,﻿Hartford,Hartford
﻿har.ct.0035_02,﻿school,not recorded,English,,,,,,﻿Woonsocket,﻿Woonsocket,﻿RI,,42.008153799999995,-71.5139505,,,,,,,,,,,,﻿Sunday-school students,"﻿Sunday-school, 250",,1864,﻿Hartford,Hartford
﻿har.ct.0025_02,﻿school,not recorded,English,,,,,,﻿Newport,﻿Newport,﻿RI,,41.4838365,-71.3123959,,,,,,,,,,,,﻿boy,"﻿boys, 130",,1864,﻿Hartford,Hartford
﻿har.ct.0025_02,﻿school,not recorded,English,,,,,,﻿Newport,﻿Newport,﻿RI,,41.4838365,-71.3123959,,,,,,,,,,,,﻿girl,"﻿girls, 120",,1864,﻿Hartford,Hartford
﻿har.ct.0025_02,﻿school,not recorded,English,,,,,,﻿Newport,﻿Newport,﻿RI,,41.4838365,-71.3123959,,,,,,,,,,,,﻿Sunday-school students,"﻿Sunday-school, 300",,1864,﻿Hartford,Hartford
﻿har.ct.0097_02,﻿school,not recorded,English,,﻿St. Mary's,,,,﻿New-Haven,﻿New Haven,﻿CT,,41.31192070000001,-72.92382370000001,,,,,,,,,,,,﻿boy,"﻿boys, 250",,1864,﻿Hartford,Hartford
﻿har.ct.0097_02,﻿school,not recorded,English,,﻿St. Mary's,,,,﻿New-Haven,﻿New Haven,﻿CT,,41.31192070000001,-72.92382370000001,,,,,,,,,,,,﻿girl,"﻿girls, 330",,1864,﻿Hartford,Hartford
﻿har.ct.0097_02,﻿school,not recorded,English,,﻿St. Mary's,,,,﻿New-Haven,﻿New Haven,﻿CT,,41.31192070000001,-72.92382370000001,,,,,,,,,,,,﻿Sunday-school students,"﻿Sunday-school, 600",,1864,﻿Hartford,Hartford
﻿har.ct.0098_02,﻿school,not recorded,English,,﻿St. Patrick's,,,,﻿New-Haven,﻿New Haven,﻿CT,,41.2967151,-72.94313079999999,,,,,,,,,,,,﻿boy,"﻿boys, 300",,1864,﻿Hartford,Hartford
﻿har.ct.0098_02,﻿school,not recorded,English,,﻿St. Patrick's,,,,﻿New-Haven,﻿New Haven,﻿CT,,41.2967151,-72.94313079999999,,,,,,,,,,,,﻿girl,"﻿girls, 400",,1864,﻿Hartford,Hartford
﻿har.ct.0098_02,﻿school,not recorded,English,,﻿St. Patrick's,,,,﻿New-Haven,﻿New Haven,﻿CT,,41.2967151,-72.94313079999999,,,,,,,,,,,,﻿Sunday-school students,"﻿Sunday-school, 500",,1864,﻿Hartford,Hartford
﻿har.ct.0076_02,﻿school,not recorded,English,,﻿St. Patrick's,,,,﻿Hartford,﻿Hartford,﻿CT,,41.782096,-72.6828563,,,,,,,,,,,,﻿boy,"﻿boys, 300",,1864,﻿Hartford,Hartford
﻿har.ct.0076_02,﻿school,not recorded,English,,﻿St. Patrick's,,,,﻿Hartford,﻿Hartford,﻿CT,,41.782096,-72.6828563,,,,,,,,,,,,﻿girl,"﻿girls, 350",,1864,﻿Hartford,Hartford
﻿har.ct.0076_02,﻿school,not recorded,English,,﻿St. Patrick's,,,,﻿Hartford,﻿Hartford,﻿CT,,41.782096,-72.6828563,,,,,,,,,,,,﻿Sunday-school students,"﻿Sunday-schol, 800",,1864,﻿Hartford,Hartford
﻿har.ct.0077_02,﻿school,not recorded,English,,﻿St. Peter's,,,,﻿Hartford,﻿Hartford,﻿CT,,41.7573218,-72.6742811,,,,,,,,,,,,﻿boy,"﻿boys, 150",,1864,﻿Hartford,Hartford
﻿har.ct.0077_02,﻿school,not recorded,English,,﻿St. Peter's,,,,﻿Hartford,﻿Hartford,﻿CT,,41.7573218,-72.6742811,,,,,,,,,,,,﻿girl,"﻿girls, 180",,1864,﻿Hartford,Hartford
﻿har.ct.0077_02,﻿school,not recorded,English,,﻿St. Peter's,,,,﻿Hartford,﻿Hartford,﻿CT,,41.7573218,-72.6742811,,,,,,,,,,,,﻿Sunday-school students,"﻿Sunday-school, 400",,1864,﻿Hartford,Hartford
﻿har.ct.0133_02,﻿school,not recorded,English,,,,,,﻿Waterbury,﻿Waterbury,﻿CT,,41.558152500000006,-73.0514965,,,,,,,,,,,,﻿boy,"﻿boys, 300",,1864,﻿Hartford,Hartford
﻿har.ct.0133_02,﻿school,not recorded,English,,,,,,﻿Waterbury,﻿Waterbury,﻿CT,,41.558152500000006,-73.0514965,,,,,,,,,,,,﻿girl,"﻿girls, 450",,1864,﻿Hartford,Hartford
﻿har.ct.0133_02,﻿school,not recorded,English,,,,,,﻿Waterbury,﻿Waterbury,﻿CT,,41.558152500000006,-73.0514965,,,,,,,,,,,,﻿Sunday-school students,"﻿Sunday-school, 800",,1864,﻿Hartford,Hartford
﻿har.ct.0093_02,﻿school,not recorded,English,,,,,,﻿New-Britain,﻿New Britain,﻿CT,,41.66977803,-72.7854653,,,,,,,,,,,,﻿boy,"﻿boys, 100",,1864,﻿Hartford,Hartford
﻿har.ct.0093_02,﻿school,not recorded,English,,,,,,﻿New-Britain,﻿New Britain,﻿CT,,41.66977803,-72.7854653,,,,,,,,,,,,﻿girl,"﻿girls, 120",,1864,﻿Hartford,Hartford
﻿har.ct.0093_02,﻿school,not recorded,English,,,,,,﻿New-Britain,﻿New Britain,﻿CT,,41.66977803,-72.7854653,,,,,,,,,,,,﻿Sunday-school students,"﻿Sunday-school, 300",,1864,﻿Hartford,Hartford
﻿har.ct.0132_02,﻿school,not recorded,English,,,,,,﻿Wallingford,﻿Wallingford,﻿CT,,41.46252113,-72.82095100000001,,,,,,,,,,,,﻿boy,"﻿boys, 60",,1864,﻿Hartford,Hartford
﻿har.ct.0132_02,﻿school,not recorded,English,,,,,,﻿Wallingford,﻿Wallingford,﻿CT,,41.46252113,-72.82095100000001,,,,,,,,,,,,﻿girl,"﻿girls, 60",,1864,﻿Hartford,Hartford
﻿har.ct.0132_02,﻿school,not recorded,English,,,,,,﻿Wallingford,﻿Wallingford,﻿CT,,41.46252113,-72.82095100000001,,,,,,,,,,,,﻿Sunday-school students,"﻿Sunday-school, 120",,1864,﻿Hartford,Hartford
﻿har.ct.0086_02,﻿school,not recorded,English,,,,,,﻿Meriden,﻿Meriden,﻿CT,,41.5349562,-72.7930366,,,,,,,,,,,,﻿boy,"﻿boys, 60",,1864,﻿Hartford,Hartford
﻿har.ct.0086_02,﻿school,not recorded,English,,,,,,﻿Meriden,﻿Meriden,﻿CT,,41.5349562,-72.7930366,,,,,,,,,,,,﻿girl,"﻿girls, 70",,1864,﻿Hartford,Hartford
﻿har.ct.0086_02,﻿school,not recorded,English,,,,,,﻿Meriden,﻿Meriden,﻿CT,,41.5349562,-72.7930366,,,,,,,,,,,,﻿Sunday-school students,"﻿Sunday-school, 200",,1864,﻿Hartford,Hartford
﻿har.ct.0087_02,﻿school,not recorded,English,,,,,,﻿Middletown,﻿Middletown,﻿CT,,41.567417,-72.6528917,,,,,,,,,,,,﻿boy,"﻿boys, 120",,1864,﻿Hartford,Hartford
﻿har.ct.0087_02,﻿school,not recorded,English,,,,,,﻿Middletown,﻿Middletown,﻿CT,,41.567417,-72.6528917,,,,,,,,,,,,﻿girl,"﻿girls, 100",,1864,﻿Hartford,Hartford
﻿har.ct.0087_02,﻿school,not recorded,English,,,,,,﻿Middletown,﻿Middletown,﻿CT,,41.567417,-72.6528917,,,,,,,,,,,,﻿Sunday-school students,"﻿Sunday-school, 350",,1864,﻿Hartford,Hartford
﻿har.ct.0087_02,﻿school,not recorded,English,,,,,,﻿Portland,﻿Middletown,﻿CT,,41.567417,-72.6528917,,,,,,,,,,,,﻿boy,"﻿boys, 40",,1864,﻿Hartford,Hartford
﻿har.ct.0087_02,﻿school,not recorded,English,,,,,,﻿Portland,﻿Middletown,﻿CT,,41.567417,-72.6528917,,,,,,,,,,,,﻿girl,"﻿girls, 60",,1864,﻿Hartford,Hartford
﻿har.ct.0124_02,﻿school,not recorded,English,,,,,,﻿Stamford,﻿Stamford,﻿CT,,41.0517121,-73.54017490000001,,,,,,,,,,,,﻿boy,"﻿boys, 60",,1864,﻿Hartford,Hartford
﻿har.ct.0124_02,﻿school,not recorded,English,,,,,,﻿Stamford,﻿Stamford,﻿CT,,41.0517121,-73.54017490000001,,,,,,,,,,,,﻿girl,"﻿girls, 70",,1864,﻿Hartford,Hartford
﻿har.ct.0124_02,﻿school,not recorded,English,,,,,,﻿Stamford,﻿Stamford,﻿CT,,41.0517121,-73.54017490000001,,,,,,,,,,,,﻿Sunday-school students,"﻿Sunday-school, 175",,1864,﻿Hartford,Hartford
