instID,church_type,instName,language,instNote,placeName,region,county_orig,county_reg,city_orig,city_reg,state_orig,state_reg,latitude,longitude,attendingInstID,attendingChurch,attendingChurchFrequency,attendingChurchNote,persID,persTitle,persName,persSuffix,persRole,persNote,memberType,member,affiliated,year,diocese,diocese_reg
﻿nes.wa.0001,﻿church,﻿St. Augustine and St. James' Cathedral,English,,,,,﻿Clark County,﻿Vancouver,﻿Vancouver,﻿WA,,﻿#REF!,﻿#REF!,,,,,﻿a_m_blanchet_001,﻿Rt. Rev.,﻿A. M. A. Blanchet,,,,,,,1868,﻿Nesqualy,Nesqualy
﻿nes.wa.0001,﻿church,﻿St. Augustine and St. James' Cathedral,English,,,,,﻿Clark County,﻿Vancouver,﻿Vancouver,﻿WA,,﻿#REF!,﻿#REF!,,,,,﻿aeg_junger_001,﻿Rev.,﻿Aegidius Junger,,,,,,,1868,﻿Nesqualy,Nesqualy
﻿nes.wa.0001,﻿church,﻿St. Augustine and St. James' Cathedral,English,,,,,﻿Clark County,﻿Vancouver,﻿Vancouver,﻿WA,,﻿#REF!,﻿#REF!,,,,,﻿p_a_mans_001,﻿Rev.,﻿P. A. Mans,,,,,,,1868,﻿Nesqualy,Nesqualy
﻿nes.wa.0002,﻿church,not recorded,English,,,,,﻿Pacific County,﻿Cape Disappointment,﻿Cape Disappointment,﻿WA,,﻿#REF!,﻿#REF!,﻿nes.wa.0001,﻿attended from Vancouver,,,,,,,,,,,,1868,﻿Nesqualy,Nesqualy
﻿nes.wa.0003,﻿church,not recorded,English,,,,,﻿Pacific County,﻿Chinook Point,﻿Chinook Point,﻿WA,,﻿#REF!,﻿#REF!,﻿nes.wa.0001,﻿attended from Vancouver,,,,,,,,,,,,1868,﻿Nesqualy,Nesqualy
﻿nes.wa.0004,﻿church,not recorded,English,,,,,,﻿Cascades,,﻿WA,,﻿#REF!,﻿#REF!,﻿nes.wa.0001,﻿attended from Vancouver,,,,,,,,,,,,1868,﻿Nesqualy,Nesqualy
﻿nes.wa.0005,﻿church,﻿St. Joseph's,English,﻿Indian mission,,,,﻿Yakima County,﻿Yakama,﻿Yakima,﻿WA,,﻿#REF!,﻿#REF!,,,,,﻿ln_s_onge_001,﻿Rev.,﻿L.N. Stonge,,,,,,,1868,﻿Nesqualy,Nesqualy
﻿nes.wa.0006,﻿church,﻿St. Francis Xavier's,English,,,,,﻿Cowlitz County,﻿Cowlitz,,﻿WA,,﻿#REF!,﻿#REF!,,,,,﻿ch_a_richard_001,﻿Rev.,﻿Ch. A. Richard,,,,,,,1868,﻿Nesqualy,Nesqualy
﻿nes.wa.0007,﻿church,﻿Immaculate Conception,English,,,,,﻿Pierce County,﻿Steilacoom,﻿Steilacoom,﻿WA,,﻿#REF!,﻿#REF!,,,,,﻿j_b_brondel_001,﻿Rev.,﻿J. B. A. Brondel,,,,,,,1868,﻿Nesqualy,Nesqualy
﻿nes.wa.0008,﻿church,not recorded,English,,,,,﻿Grays Harbor County,﻿Gray's Harbor,﻿Hoquiam,﻿WA,,﻿#REF!,﻿#REF!,﻿nes.wa.0006,﻿attended from Cowlitz,,,,,,,,,,,,1868,﻿Nesqualy,Nesqualy
﻿nes.wa.0009,﻿church,﻿St. Michael's,English,,,,,﻿Thurston County,﻿Olympia,﻿Olympia,﻿WA,,﻿#REF!,﻿#REF!,﻿nes.wa.0007,﻿attended from Steilacoom,,,,,,,,,,,,1868,﻿Nesqualy,Nesqualy
﻿nes.wa.0010,﻿church,not recorded,English,,,,,﻿King County,﻿Seattle,﻿Seattle,﻿WA,,﻿#REF!,﻿#REF!,﻿nes.wa.0007,﻿attended from Steilacoom,,,,,,,,,,,,1868,﻿Nesqualy,Nesqualy
﻿nes.wa.0016,﻿church,not recorded,English,,,,,﻿Kitsap County,﻿Port-Madison,﻿Suquamish,﻿WA,,﻿#REF!,﻿#REF!,﻿nes.wa.0007,﻿attended from Steilacoom,,,,,,,,,,,,1868,﻿Nesqualy,Nesqualy
﻿nes.wa.0011,﻿church,not recorded,English,,,,,﻿Jefferson County,﻿Port Townsend,﻿Port Townsend,﻿WA,,﻿#REF!,﻿#REF!,,,,,﻿fx_préfontaine_001,﻿Rev.,﻿F.X. Préfontaine,,,,,,,1868,﻿Nesqualy,Nesqualy
﻿nes.wa.0012,﻿church,not recorded,English,,,,,﻿Clallam County,﻿New-Dungenness,﻿Dungeness,﻿WA,,﻿#REF!,﻿#REF!,﻿nes.wa.0011,﻿attended from Port Townsend,,,,,,,,,,,,1868,﻿Nesqualy,Nesqualy
﻿nes.wa.0013,﻿church,not recorded,English,,,,,﻿Clallam County,﻿Port Angeles,﻿Port Angeles,﻿WA,,﻿#REF!,﻿#REF!,﻿nes.wa.0011,﻿attended from Port Townsend,,,,,,,,,,,,1868,﻿Nesqualy,Nesqualy
﻿nes.wa.0014,﻿church,not recorded,English,,,,,﻿Island County,﻿Whitby Island,﻿Whidbey Island,﻿WA,,﻿#REF!,﻿#REF!,﻿nes.wa.0011,﻿attended from Port Townsend,,,,,,,,,,,,1868,﻿Nesqualy,Nesqualy
﻿nes.wa.0015,﻿church,not recorded,English,,,,,﻿Kitsap County,﻿Port Gamble,﻿Port Gamble,﻿WA,,﻿#REF!,﻿#REF!,﻿nes.wa.0011,﻿attended from Port Townsend,,,,,,,,,,,,1868,﻿Nesqualy,Nesqualy
﻿nes.wa.0017,﻿church,not recorded,English,,﻿San Juan Island,,,﻿San Juan County,﻿Penn's Cove,﻿Penn Cove,﻿WA,,﻿#REF!,﻿#REF!,﻿nes.wa.0011,﻿attended from Port Townsend,,,,,,,,,,,,1868,﻿Nesqualy,Nesqualy
﻿nes.wa.0018,﻿church,﻿St. Ann's,English,﻿Indian Reservation,,,,,﻿Tulalip,﻿Tulalip Bay,﻿WA,,﻿#REF!,﻿#REF!,,,,,﻿e_c_chirouze_001,﻿Rev.,﻿E. C. Chirouze,,,,,,,1868,﻿Nesqualy,Nesqualy
﻿nes.wa.0018,﻿church,﻿St. Ann's,English,﻿Indian Reservation,,,,,﻿Tulalip,﻿Tulalip Bay,﻿WA,,﻿#REF!,﻿#REF!,,,,,﻿‒_beaudre_001,﻿Rev.,﻿‒ Beaudre,﻿O.M.I.,,,,,,1868,﻿Nesqualy,Nesqualy
﻿nes.wa.0019,﻿church,﻿St. Joachim's,English,,﻿Lummy's Indian Reservation,,,﻿Whatcom County,,﻿Bellingham,﻿WA,,﻿#REF!,﻿#REF!,﻿nes.wa.0018,﻿attended from St. Ann's,,,,,,,,,,,,1868,﻿Nesqualy,Nesqualy
﻿nes.wa.0020,﻿church,﻿St. Peter's,English,,﻿Lummy's Indian Reservation,,,﻿Whatcom County,,﻿Deming,﻿WA,,﻿#REF!,﻿#REF!,﻿nes.wa.0018,﻿attended from St. Ann's,,,,,,,,,,,,1868,﻿Nesqualy,Nesqualy
﻿nes.wa.0021,﻿church,﻿St. Patrick's,English,,,,,﻿Walla Walla County,﻿Walla Walla,﻿Walla Walla,﻿WA,,﻿#REF!,﻿#REF!,,,,,﻿j_b_brouillet_001,﻿Very Rev.,﻿J. B. A. Brouillet,,﻿V.G.,,,,,1868,﻿Nesqualy,Nesqualy
﻿nes.wa.0022,﻿church,﻿St. Rosa's,English,,,,,﻿Walla Walla County,﻿Walla Walla,﻿Walla Walla,﻿WA,,﻿#REF!,﻿#REF!,﻿nes.wa.0021,﻿attended from Walla Walla,,,,,,,,,,,,1868,﻿Nesqualy,Nesqualy
﻿nes.wa.0036,﻿church,not recorded,English,,,,,﻿Nez Perce County,﻿Lewiston,﻿Lewiston,﻿WA,﻿ID,﻿#REF!,﻿#REF!,﻿nes.wa.0021,﻿attended from Walla Walla,,,,,,,,,,,,1868,﻿Nesqualy,Nesqualy
﻿nes.wa.0037,﻿church,not recorded,English,,,,,﻿Clearwater County,﻿Orofino,﻿Orofino,﻿WA,﻿ID,﻿#REF!,﻿#REF!,﻿nes.wa.0021,﻿attended from Walla Walla,,,,,,,,,,,,1868,﻿Nesqualy,Nesqualy
﻿nes.wa.0038,﻿church,not recorded,English,,,,,﻿Idaho County,﻿Elk City,﻿Elk City,﻿WA,﻿ID,﻿#REF!,﻿#REF!,﻿nes.wa.0021,﻿attended from Walla Walla,,,,,,,,,,,,1868,﻿Nesqualy,Nesqualy
﻿nes.wa.0039,﻿mission,﻿Sacred Heart,English,,﻿Coeur d'Alène Mission,,,﻿Kootenai County,﻿Coeur d'Alène,﻿Coeur d'Alène,﻿WA,﻿ID,﻿#REF!,﻿#REF!,,,,,﻿jm_caruana_001,﻿Rev.,﻿J.M. Caruana,,,,,,,1868,﻿Nesqualy,Nesqualy
﻿nes.wa.0039,﻿mission,﻿Sacred Heart,English,,﻿Coeur d'Alène Mission,,,﻿Kootenai County,﻿Coeur d'Alène,﻿Coeur d'Alène,﻿WA,,﻿#REF!,﻿#REF!,,,,,﻿g_gazzoli_001,﻿Rev.,﻿G. Gazzoli,﻿S.J.,,,,,,1868,﻿Nesqualy,Nesqualy
﻿nes.wa.0040,﻿mission,not recorded,English,,,,,,﻿Spokan,﻿Spokane,,,﻿#REF!,﻿#REF!,,﻿attended from Coeur d'Alène,,,,,,,,,,,,1868,﻿Nesqualy,Nesqualy
﻿nes.wa.0023,﻿church,﻿St. Paul's,English,﻿Indian Mission,,,,﻿Stevens County,﻿Colville,﻿Colville,﻿WA,,﻿#REF!,﻿#REF!,,,,,﻿j_joset_001,﻿Rev.,﻿J. Joset,﻿S.J.,,,,,,1868,﻿Nesqualy,Nesqualy
﻿nes.wa.0024,﻿church,﻿Immaculate Conception,English,,,,,﻿Stevens County,﻿Colville,﻿Colville,﻿WA,,﻿#REF!,﻿#REF!,,,,,﻿am_menotrey_001,﻿Rev.,﻿A.M. Menotrey,﻿S.J.,,,,,,1868,﻿Nesqualy,Nesqualy
﻿nes.wa.0025,﻿mission,﻿Old St. Ignatius' Mission,English,,,,,,﻿Kalispels,﻿Kalispell,﻿WA,﻿MT,﻿#REF!,﻿#REF!,﻿nes.wa.0024,﻿attended from Colville,﻿Went with Immaculate Conception because St. Paul's is an Indian Mission,,,,,,,,,,,1868,﻿Nesqualy,Nesqualy
﻿nes.wa.0041,﻿mission,﻿St. Ignatius',English,,﻿Pend'Oreille Mission,,,﻿Lake County,,﻿St. Ignatius,,﻿MT,﻿#REF!,﻿#REF!,,,,,﻿wj_grassi_001,﻿Very Rev.,﻿W.J. Grassi,,,,,,,1868,﻿Nesqualy,Nesqualy
﻿nes.wa.0041,﻿mission,﻿St. Ignatius',English,,﻿Pend'Oreille Mission,,,﻿Lake County,,﻿St. Ignatius,,,﻿#REF!,﻿#REF!,,,,,﻿jl_vanzina_001,﻿Rev.,﻿J.L. Vanzina,﻿S.J.,,,,,,1868,﻿Nesqualy,Nesqualy
﻿nes.wa.0042,﻿mission,﻿Cootenay Mission,English,﻿Mission,,,,﻿Boundary County,﻿Cootenay,﻿Bonners Ferry,,﻿ID,﻿#REF!,﻿#REF!,﻿nes.wa.0025,﻿attended from St. Ignatius,,,,,,,,,,,,1868,﻿Nesqualy,Nesqualy
﻿nes.wa.0043,﻿mission,﻿Blackfoot City Mission,English,﻿Mission,,,,,﻿Blackfoot City,,,,﻿#REF!,﻿#REF!,,,,,﻿r_de-ryckere_001,﻿Rev.,﻿R. De Ryckere,,,,,,,1868,﻿Nesqualy,Nesqualy
﻿nes.wa.0044,﻿mission,not recorded,English,,,,,,﻿Bitter Root,,,,﻿#REF!,﻿#REF!,,,,,﻿r_de-ryckere_001,﻿Rev.,﻿R. De Ryckere,,,,,,,1868,﻿Nesqualy,Nesqualy
﻿nes.wa.0045,﻿mission,not recorded,English,,,,,﻿Missoula County,﻿Hellgate,﻿Missoula,,﻿MT,﻿#REF!,﻿#REF!,,,,,﻿r_de-ryckere_001,﻿Rev.,﻿R. De Ryckere,,,,,,,1868,﻿Nesqualy,Nesqualy
﻿nes.wa.0046,﻿mission,not recorded,English,,,,,﻿Granite County,﻿Reynold City,﻿Drummond,,﻿MT,﻿#REF!,﻿#REF!,,,,,﻿r_de-ryckere_001,﻿Rev.,﻿R. De Ryckere,,,,,,,1868,﻿Nesqualy,Nesqualy
﻿nes.wa.0047,﻿mission,not recorded,English,,,,,﻿Powell County,﻿Deer Lodge City,﻿Deer Lodge,,﻿MT,﻿#REF!,﻿#REF!,,,,,﻿r_de-ryckere_001,﻿Rev.,﻿R. De Ryckere,,,,,,,1868,﻿Nesqualy,Nesqualy
﻿nes.wa.0026,﻿college,﻿Holy Angels' College,English,,,,,﻿Clark County,﻿Vancouver,﻿Vancouver,﻿WA,,﻿#REF!,﻿#REF!,,,,,﻿p_a_mans_001,﻿Rev.,﻿P. A. Mans,,﻿Prefect,,,,,1868,﻿Nesqualy,Nesqualy
﻿nes.wa.0026,﻿college,﻿Holy Angels' College,English,,,,,﻿Clark County,﻿Vancouver,﻿Vancouver,﻿WA,,﻿#REF!,﻿#REF!,,,,,﻿l_brant_001,﻿Mr.,﻿L. Boulet,,﻿Assistant,,,,,1868,﻿Nesqualy,Nesqualy
﻿nes.wa.0026,﻿college,﻿Holy Angels' College,English,,,,,﻿Clark County,﻿Vancouver,﻿Vancouver,﻿WA,,﻿#REF!,﻿#REF!,,,,,﻿alp_valois_001,﻿Mr.,﻿Alph. Valois,,﻿Assistant,,,,,1868,﻿Nesqualy,Nesqualy
﻿nes.wa.0034,﻿convent,﻿Convent of the Sisters of Charity of the House of Providence,English,,,,,﻿Clark County,﻿Vancouver,﻿Vancouver,﻿WA,,﻿#REF!,﻿#REF!,,,,,,,,,,,﻿sister,﻿35 sisters,,1868,﻿Nesqualy,Nesqualy
﻿nes.wa.0027,﻿school,﻿Providence School,English,,,,,﻿Clark County,﻿Vancouver,﻿Vancouver,﻿WA,,﻿#REF!,﻿#REF!,,,,,,,,,,,,,﻿Conducted by the Sisters of Charity,1868,﻿Nesqualy,Nesqualy
﻿nes.wa.0028,﻿hospital,﻿St. Joseph's Hospital,English,,,,,﻿Clark County,﻿Vancouver,﻿Vancouver,﻿WA,,﻿#REF!,﻿#REF!,,,,,,,,,,,,,﻿Conducted by the Sisters of Charity,1868,﻿Nesqualy,Nesqualy
﻿nes.wa.0029,﻿asylum,﻿St. Gonovefa Female Orphan Asylum,English,,,,,﻿Clark County,﻿Vancouver,﻿Vancouver,﻿WA,,﻿#REF!,﻿#REF!,,,,,,,,,,,﻿orphan,﻿63 females,﻿Conducted by the Sisters of Charity,1868,﻿Nesqualy,Nesqualy
﻿nes.wa.0030,﻿asylum,﻿St. Vincent's Male Orphan Asylum,English,,,,,﻿Clark County,﻿Vancouver,﻿Vancouver,﻿WA,,﻿#REF!,﻿#REF!,,,,,,,,,,,﻿orphan,﻿63 males,﻿Conducted by the Sisters of Charity,1868,﻿Nesqualy,Nesqualy
﻿nes.wa.0031,﻿academy,﻿St. Vincent's Academy,English,,,,,﻿Walla Walla County,﻿Walla Walla,﻿Walla Walla,﻿WA,,﻿#REF!,﻿#REF!,,,,,,,,,,,,,﻿Conducted by the Sisters of Charity,1868,﻿Nesqualy,Nesqualy
﻿nes.wa.0035,﻿school,﻿Providence School,English,,﻿Pend'Oreille Mission,,,﻿Lake County,,﻿St. Ignatius,,﻿MT,﻿#REF!,﻿#REF!,,,,,,,,,,,,,﻿Conducted by the Sisters of Charity,1868,﻿Nesqualy,Nesqualy
﻿nes.wa.0032,﻿academy,﻿St. Joseph's Academy,English,,,,,﻿Pierce County,﻿Steilacoom,﻿Steilacoom,﻿WA,,﻿#REF!,﻿#REF!,,,,,,,,,,,,,﻿Conducted by the Sisters of Charity,1868,﻿Nesqualy,Nesqualy
﻿nes.wa.0033,﻿school,not recorded,English,﻿School at the Snohomish Mission,,,,﻿Snohomish County,﻿Tulalip,﻿Tulalip Bay,﻿WA,,﻿#REF!,﻿#REF!,,,,,,,,,,,﻿boarders,﻿50 Indian boys,﻿Conducted by the Reverend Father Oblates and Sisters of Charity,1868,﻿Nesqualy,Nesqualy
﻿nes.wa.0033,﻿school,not recorded,English,﻿School at the Snohomish Mission,,,,﻿Snohomish County,﻿Tulalip,﻿Tulalip Bay,﻿WA,,﻿#REF!,﻿#REF!,,,,,,,,,,,﻿boarders,﻿Indian girls,﻿Conducted by the Reverend Father Oblates and Sisters of Charity,1868,﻿Nesqualy,Nesqualy
