instID,church_type,instName,language,instNote,placeName,region,county_orig,county_reg,city_orig,city_reg,state_orig,state_reg,latitude,longitude,attendingInstID,attendingPersID,attendingChurch,attendingChurchFrequency,attendingChurchNote,persID,persTitle,persName,persSuffix,persRole,persNote,memberType,member,affiliated,year,diocese,diocese_reg
﻿phi.pa.0005,﻿cathedral,﻿Cathedral of St. Mary,English,,﻿S. 4th St.,,,﻿Philadelphia County,﻿Philidelphia,﻿Philidelphia,﻿PA,﻿PA,39.9456428722341,-75.1485631318047,,,,,,﻿hen_conwell_901,﻿Right Rev.,﻿Henry Conwell,﻿D.D.,,,,,﻿under the direction of the Fathers of the Society of Jesus,1834,﻿Philadelphia,Philadelphia
﻿phi.pa.0005,﻿cathedral,﻿Cathedral of St. Mary,English,,﻿S. 4th St.,,,﻿Philadelphia County,﻿Philidelphia,﻿Philidelphia,﻿PA,,39.9456428722341,-75.1485631318047,,,,,,﻿fra_p_kenrick_901,﻿Right Rev.,﻿Francis P. Kenrick,﻿D.D.,﻿Coadj.,,,,﻿under the direction of the Fathers of the Society of Jesus,1834,﻿Philadelphia,Philadelphia
﻿phi.pa.0005,﻿cathedral,﻿Cathedral of St. Mary,English,,﻿S. 4th St.,,,﻿Philadelphia County,﻿Philidelphia,﻿Philidelphia,﻿PA,,39.9456428722341,-75.1485631318047,,,,,,﻿jer_keiley_901,﻿Rev.,﻿Jeremiah Keiley,,,,,,﻿under the direction of the Fathers of the Society of Jesus,1834,﻿Philadelphia,Philadelphia
﻿phi.pa.0005,﻿cathedral,﻿Cathedral of St. Mary,English,,﻿S. 4th St.,,,﻿Philadelphia County,﻿Philidelphia,﻿Philidelphia,﻿PA,,39.9456428722341,-75.1485631318047,,,,,,﻿tho_da-silva_901,﻿Rev.,﻿Thomas Da Silva,,,,,,﻿under the direction of the Fathers of the Society of Jesus,1834,﻿Philadelphia,Philadelphia
﻿phi.pa.0006,﻿church,﻿St. Joseph's,English,,﻿Willing's Al.,,,﻿Philadelphia County,﻿Philidelphia,﻿Philidelphia,﻿PA,﻿PA,39.9465537154355,-75.147570704557,,,,,,﻿ste_dubuisson_901,﻿Rev.,﻿Stephen Dubuisson,﻿S.J.,,,,,,1834,﻿Philadelphia,Philadelphia
﻿phi.pa.0006,﻿church,﻿St. Joseph's,English,,﻿Willing's Al.,,,﻿Philadelphia County,﻿Philidelphia,﻿Philidelphia,﻿PA,,39.9465537154355,-75.147570704557,,,,,,﻿rider_901,﻿Rev. Mr.,﻿Rider,﻿S.J.,,,,,,1834,﻿Philadelphia,Philadelphia
﻿phi.pa.0007,﻿church,﻿St. Augustine's,English,,﻿N. 4th Street,,,﻿Philadelphia County,﻿Philidelphia,﻿Philidelphia,﻿PA,﻿PA,39.9555271371024,-75.1465845042972,,,,,,﻿mic_hurley_901,﻿Rev.,﻿Michael Hurley,,,,,,,1834,﻿Philadelphia,Philadelphia
﻿phi.pa.0007,﻿church,﻿St. Augustine's,English,,﻿N. 4th Street,,,﻿Philadelphia County,﻿Philidelphia,﻿Philidelphia,﻿PA,,39.9555271371024,-75.1465845042972,,,,,,﻿n_odonnell_901,﻿Rev.,﻿N. O'Donnell,,,,,,,1834,﻿Philadelphia,Philadelphia
﻿phi.pa.0009,﻿church,﻿Holy Trinity,English,,﻿Corner of 6th & Spruce Sts.,,,﻿Philadelphia County,﻿Philadelphia,﻿Philidelphia,﻿PA,﻿PA,39.945508396058294,-75.1518946315092,,,,,,﻿p_c_braak_901,﻿Rev.,﻿P. C. Vander Braak,,,,,,,1834,﻿Philadelphia,Philadelphia
﻿phi.pa.0009,﻿church,﻿Holy Trinity,English,,﻿Corner of 6th & Spruce Sts.,,,﻿Philadelphia County,﻿Philadelphia,﻿Philidelphia,﻿PA,,39.945508396058294,-75.1518946315092,,,,,,﻿fra_guth_901,﻿Rev.,﻿Francis Guth,,,,,,,1834,﻿Philadelphia,Philadelphia
﻿phi.pa.0004,﻿church,﻿St. John Evan.,English,﻿Evan.,﻿S. 13th Street,,,﻿Philadelphia County,﻿Philidelphia,﻿Philidelphia,﻿PA,﻿PA,39.9512695407673,-75.16138095802879,,,,,,﻿joh_hughes_901,﻿Rev.,﻿John Hughes,,,,,,,1834,﻿Philadelphia,Philadelphia
﻿phi.pa.0004,﻿church,﻿St. John Evan.,English,﻿Evan.,﻿S. 13th Street,,,﻿Philadelphia County,﻿Philidelphia,﻿Philidelphia,﻿PA,,39.9512695407673,-75.16138095802879,,,,,,﻿f_x_gartland_901,﻿Rev.,﻿F. X. Gartland,,,,,,,1834,﻿Philadelphia,Philadelphia
﻿phi.pa.0010,﻿church,﻿St. Michael's,English,,,,,,﻿Philadelphia,﻿Philadelphia,﻿PA,﻿PA,39.97389081,-75.13848967,,,,,,﻿t_p_donaghue_901,﻿Rev.,﻿T. P. Donaghue,,,,,,,1834,﻿Philadelphia,Philadelphia
﻿pit.pa.0015,﻿church,﻿St. Thomas,English,,,,,﻿Bedford County,﻿Bedford,﻿Bedford,﻿PA,﻿PA,40.0176665419288,-78.5015180781284,,,,﻿thrice a month,,﻿t_heyden_901,﻿Rev.,﻿T. Heyden,,,,,,﻿under the direction of the Fathers of the Society of Jesus,1834,﻿Philadelphia,Philadelphia
﻿har.pa.0041,﻿church,﻿St. John Evang.,English,﻿Evang.,,,,﻿Centre County,﻿Bellefonte,﻿Bellefonte,﻿PA,﻿PA,40.9108136733584,-77.77627962085309,,,,﻿2nd Sund.,,﻿pat_leavy_901,﻿Rev.,﻿Patrick Leavy,,,﻿Dw. at Huntingdon,,,,1834,﻿Philadelphia,Philadelphia
﻿pit.pa.0019,﻿church,﻿SS. Simon and Jude,English,,,,,﻿Indiana County,﻿Blairsville,﻿Blairsville,﻿PA,﻿PA,40.4326307488603,-79.25841065842009,,,,﻿twice a month,,﻿jam_a_stillinger_901,﻿Rev.,﻿James A. Stillinger,,,,,,,1834,﻿Philadelphia,Philadelphia
﻿pit.pa.0026,﻿church,﻿St. Peter's,English,,,,,﻿Fayette County,﻿Brownsville,﻿Brownsville,﻿PA,﻿PA,40.0226437971498,-79.87755123370191,,,,﻿four times a year,,﻿j_a_stillinger_901,﻿Rev.,﻿J. A. Stillinger,,,,,,,1834,﻿Philadelphia,Philadelphia
﻿pit.pa.9000,﻿church,not recorded,English,,﻿Buffaloe Creek,,﻿Armstrong County,,,﻿Freeport,﻿PA,﻿PA,40.0226437971498,-79.87755123370191,,,,﻿twice a month,,﻿pat_oneill_901,﻿Rev.,﻿Patrick O'Neill,,,,,,,1834,﻿Philadelphia,Philadelphia
﻿pit.pa.9001,﻿church,﻿St. Peter's,English,,,,,,﻿Butler,,﻿PA,,40.0226437971498,-79.87755123370191,,,,﻿occasionally,,﻿pat_oneill_901,﻿Rev.,﻿Patrick O'Neill,,,,,,,1834,﻿Philadelphia,Philadelphia
﻿pit.pa.0029,﻿church,﻿St. Patrick's,English,,,,﻿Indiana County,﻿Indiana County,﻿Cameron's Bottom,﻿Heilwood,﻿PA,﻿PA,40.594486818351,-78.9159478317042,,,,﻿occasionally,,﻿jam_bradley_901,﻿Rev.,﻿James Bradley,,,﻿Dw. at Newry,,,,1834,﻿Philadelphia,Philadelphia
﻿scr.pa.0020,﻿church,not recorded,English,,,,,﻿Lackawanna County,﻿Carbondale,﻿Carbondale,﻿PA,﻿PA,41.5718821872581,-75.5011598971866,,,,,,,,,,,﻿Vacant,,,,1834,﻿Philadelphia,Philadelphia
﻿har.pa.0038,﻿church,﻿St. Patrick's,English,,,,,﻿Cumberland County,﻿Carlisle,﻿Carlisle,﻿PA,﻿PA,40.1750159891148,-77.202593387213,,,,﻿twice a month,,﻿p_j_dwen_901,﻿Rev.,﻿P. J. Dwen,,,,,,,1834,﻿Philadelphia,Philadelphia
﻿phi.pa.9000,﻿church,﻿St. Peter's,English,,,,,﻿Franklin County,﻿Chambersburg,﻿Chambersburg,﻿PA,﻿PA,40.1750159891148,-77.202593387213,,,,﻿twice a month,,﻿fer_mccosker_901,﻿Rev.,﻿Ferdinand McCosker,,,,,,,1834,﻿Philadelphia,Philadelphia
﻿erie.pa.0015,﻿church,﻿St. Francis of Assissium,English,,,,,﻿Clearfield County,﻿Clearfield,﻿Clearfield,﻿PA,﻿PA,41.0191382438473,-78.439124053973,,,,﻿5th Sunday or Holiday next approaching,,﻿p_leavy_901,﻿Rev.,﻿P. Leavy,,,,,,,1834,﻿Philadelphia,Philadelphia
﻿har.pa.0010,﻿church,﻿St. Peter's,English,,,,,﻿Lancaster County,﻿Columbia,﻿Columbia,﻿PA,﻿PA,40.0295720260006,-76.50186656104479,,,,﻿twice a month,,﻿b_keenan_901,﻿Rev.,﻿B. Keenan,,,,,,,1834,﻿Philadelphia,Philadelphia
﻿har.pa.0023,﻿church,﻿Sacred Heart,English,,,,,﻿Adams County,﻿Conewago,﻿Edgegrove,﻿PA,﻿PA,39.818757561126,-77.03791244951779,,,,,,﻿mat_lekeu_901,﻿Rev.,﻿Matthew Lekeu,,,,,,,1834,﻿Philadelphia,Philadelphia
﻿har.pa.0023,﻿church,﻿Sacred Heart,English,,,,,﻿Adams County,﻿Conewago,﻿Edgegrove,﻿PA,,39.818757561126,-77.03791244951779,,,,,,﻿pau_kohlman_901,﻿Rev.,﻿Paul Kohlman,,,,,,,1834,﻿Philadelphia,Philadelphia
﻿har.pa.0023,﻿church,﻿Sacred Heart,English,,,,,﻿Adams County,﻿Conewago,﻿Edgegrove,﻿PA,,39.818757561126,-77.03791244951779,,,,,,﻿mic_dougherty_901,﻿Rev.,﻿Michael Dougherty,,,,,,,1834,﻿Philadelphia,Philadelphia
﻿phi.pa.9001,﻿church,not recorded,English,,,,﻿Westmoreland County,,﻿Derry Township,,﻿PA,,39.818757561126,-77.03791244951779,,,,﻿occasionally,,﻿jam_a_stillinger_901,﻿Rev.,﻿James A. Stillinger,,,﻿Dw. at Blairsville,,,,1834,﻿Philadelphia,Philadelphia
﻿phi.pa.9001,﻿church,not recorded,English,,,,﻿Westmoreland County,,﻿Easton,,﻿PA,,39.818757561126,-77.03791244951779,,,,﻿twice a month,,﻿h_herzog_901,﻿Rev.,﻿H. Herzog,,,,,,,1834,﻿Philadelphia,Philadelphia
﻿pit.pa.0042,﻿church,not recorded,English,,,,,﻿Cambria County,﻿Ebensburg,﻿Ebensburg,﻿PA,﻿PA,40.4887859820315,-78.7264887019364,,,,﻿twice a month,,﻿jam_bradley_901,﻿Rev.,﻿James Bradley,,,,,,,1834,﻿Philadelphia,Philadelphia
﻿har.pa.0015,﻿church,﻿St. Peter's,English,,,,,﻿Lancaster County,﻿Elizabethtown,﻿Elizabethtown,﻿PA,﻿PA,40.1500281007293,-76.6037833371257,,,,﻿1st Sunday,,﻿mic_curran_901,﻿Rev.,﻿Michael Curran,,,﻿Dw. at Harrisburg,,,,1834,﻿Philadelphia,Philadelphia
﻿pit.pa.0046,﻿church,﻿B. V. Nativity,English,,,,,﻿Armstrong County,﻿Freeport,﻿Freeport,﻿PA,﻿PA,40.6740833572142,-79.68331683534579,,,,﻿once a month,,﻿p_oneill_901,﻿Rev.,﻿P. O'Neill,,,,,,,1834,﻿Philadelphia,Philadelphia
﻿scr.pa.0088,﻿church,not recorded,English,,,,,﻿Susquehanna County,﻿Friendvsville,﻿Friendvsville,﻿PA,﻿PA,41.9181450556672,-76.0479609461151,,,,,,,,,,,﻿Vacant,,,,1834,﻿Philadelphia,Philadelphia
﻿har.pa.0029,﻿church,﻿St. Francis Xavier,English,,,,,﻿Adams County,﻿Gettysburg,﻿Gettysburg,﻿PA,﻿PA,39.8287621036599,-77.2319782970075,,,,﻿1st Sunday,,﻿mic_dougherty_901,﻿Rev.,﻿Michael Dougherty,,,﻿from Conewago,,,,1834,﻿Philadelphia,Philadelphia
﻿phi.pa.0048,﻿church,﻿Most H. Sacrament,English,,,,,﻿Berks County,﻿Goshenhoppen,﻿Bally,﻿PA,﻿PA,40.3977637233359,-75.5811847552999,,,,﻿1st Sunday,,﻿bon_corvin_901,﻿Rev.,﻿Boniface Corvin,,,,,,,1834,﻿Philadelphia,Philadelphia
﻿pit.pa.0050,﻿church,﻿St. John Baptist,English,,﻿Harman's Bottom,,,﻿Somerset County,,﻿New Baltimore,﻿PA,﻿PA,39.983690252848604,-78.7754935502999,,,,﻿once a month,,﻿tho_heyden_901,﻿Rev.,﻿Thomas Heyden,,,,,,,1834,﻿Philadelphia,Philadelphia
﻿har.pa.0001,﻿church,﻿St. Patrick's,English,,,,,﻿Dauphin County,﻿Harrisburg,﻿Harrisburg,﻿PA,﻿PA,40.26360912273461,-76.88657526638809,,,,﻿2nd & 4th Sundays,,﻿mic_curran_901,﻿Rev.,﻿Michael Curran,,,,,,,1834,﻿Philadelphia,Philadelphia
﻿phi.pa.9002,﻿church,﻿St. Dennis,English,,,,,,﻿Hartford Township,,﻿PA,,40.26360912273461,-76.88657526638809,,,,﻿twice a month,,﻿w_whelan_901,﻿Rev.,﻿W. Whelan,,,,,,,1834,﻿Philadelphia,Philadelphia
﻿pit.pa.0051,﻿church,not recorded,English,,,,﻿Cambria County,﻿Cambria County,﻿Hart's Sleeping Place,﻿Patton,﻿PA,﻿PA,40.6333370121504,-78.7081497805475,,,,﻿occasionally,,﻿jam_bradley_901,﻿Rev.,﻿James Bradley,,,,,,,1834,﻿Philadelphia,Philadelphia
﻿phi.pa.0055,﻿church,not recorded,English,,,,,﻿Bucks County,﻿Haycock,﻿Ottsville,﻿PA,﻿PA,40.4996412716045,-75.2050256468265,,,,﻿once a month,,﻿joh_j_curtin_901,﻿Rev.,﻿John J. Curtin,,,,,,,1834,﻿Philadelphia,Philadelphia
﻿pit.pa.0054,﻿church,﻿Holy Trinity,English,,,,,﻿Huntingdon County,﻿Huntingdon,﻿Huntingdon,﻿PA,﻿PA,40.48607691989471,-78.0130167127448,,,,﻿1st Sunday,,﻿p_leavy_901,﻿Rev.,﻿P. Leavy,,,,,,,1834,﻿Philadelphia,Philadelphia
﻿har.pa.0008,﻿church,﻿St. Mary's,English,,,,,﻿Lancaster County,﻿Lancaster,﻿Lancaster,﻿PA,﻿PA,40.0359609047546,-76.3069516556277,,,,,,﻿ber_keenan_901,﻿Rev.,﻿Bernard Keenan,,,,,,,1834,﻿Philadelphia,Philadelphia
﻿har.pa.0005,﻿church,﻿St. Mary's,English,,,,,﻿Lebanon County,﻿Lebanon,﻿Lebanon,﻿PA,﻿PA,40.339628377135504,-76.4242668689659,,,,﻿3rd Sunday,,﻿mic_curran_901,﻿Rev.,﻿Michael Curran,,,﻿Resides at Harrisburg,,,,1834,﻿Philadelphia,Philadelphia
﻿har.pa.0039,﻿church,﻿All Saints,English,,,,,﻿Mifflin County,﻿Lewistown,﻿Lewistown,﻿PA,﻿PA,40.600230081157,-77.5731348003463,,,,﻿3rd Sunday,,﻿p_leavy_901,﻿Rev.,﻿P. Leavy,,,,,,,1834,﻿Philadelphia,Philadelphia
﻿har.pa.0025,﻿church,﻿St. Aloysius,English,,,,,﻿Adams County,﻿Littlestown,﻿Littlestown,﻿PA,﻿PA,39.7434236100763,-77.0880941978578,,,,﻿3rd Sunday,,﻿mic_dougherty_901,﻿Rev.,﻿Michael Dougherty,,,,,,,1834,﻿Philadelphia,Philadelphia
﻿har.pa.0017,﻿church,﻿St. Patrick's,English,,,,,﻿York County,﻿Little York,﻿York,﻿PA,﻿PA,39.958320620593604,-76.7276114516752,,,,﻿twice a month,,﻿pat_j_dwen_901,﻿Rev.,﻿Patrick J. Dwen,,,,,,,1834,﻿Philadelphia,Philadelphia
﻿pit.pa.9002,﻿church,﻿St. Michael's,English,,,,,﻿Cambria County,﻿Loretto,﻿Loretto,﻿PA,﻿PA,40.5024915197035,-78.6303399848403,,,,,,﻿dem_a_galitzin_901,﻿Rev.,﻿Demetrius A. Galitzin,,,,,,﻿under the charge of the Christian Brothers,1834,﻿Philadelphia,Philadelphia
﻿pit.pa.9002,﻿church,﻿St. Michael's,English,,,,,﻿Cambria County,﻿Loretto,﻿Loretto,﻿PA,,40.5024915197035,-78.6303399848403,,,,,,﻿tho_mgirr_901,﻿Rev.,﻿Thomas M'Girr,,,,,,﻿under the charge of the Christian Brothers,1834,﻿Philadelphia,Philadelphia
﻿phi.pa.0036,﻿church,﻿St. John Baptist,English,,,,,﻿Philadelphia County,﻿Manayunk,﻿Philadelphia,﻿PA,﻿PA,40.024886449411504,-75.2200613285847,,,,,,﻿cha_j_carter_901,﻿Rev.,﻿Charles J. Carter,,,,,,,1834,﻿Philadelphia,Philadelphia
﻿cle.oh.9001,﻿church,not recorded,English,,,,,,﻿Massillon,﻿Massillon,﻿PA,﻿OH,40.024886449411504,-75.2200613285847,,,,﻿once a month,,﻿bon_corvin_901,﻿Rev.,﻿Boniface Corvin,,,,,,,1834,﻿Philadelphia,Philadelphia
﻿har.pa.0058,﻿church,﻿St. Joseph's,English,,,,,﻿Northumberland County,﻿Milton,﻿Milton,﻿PA,﻿PA,41.020612591436795,-76.8512944602445,,,,﻿3 Sundays in the month,,﻿j_fitzpatrick_901,﻿Rev.,﻿J. Fitzpatrick,,,,,,,1834,﻿Philadelphia,Philadelphia
﻿pit.pa.9003,﻿church,﻿St. Ignatius,English,,,,,,﻿Mountain Church,,﻿PA,,41.020612591436795,-76.8512944602445,,,,﻿4th Sunday,,﻿m_dougherty_901,﻿Rev.,﻿M. Dougherty,,,,,,,1834,﻿Philadelphia,Philadelphia
﻿pit.pa.0078,﻿church,﻿St Patrick's,English,,,,,﻿Blair County,﻿Newry,﻿Newry,﻿PA,﻿PA,40.3926219901604,-78.4329669850409,,,,﻿twice a month,,﻿j_bradley_901,﻿Rev.,﻿J. Bradley,,,,,,,1834,﻿Philadelphia,Philadelphia
﻿har.pa.0021,﻿church,not recorded,English,﻿a private Chapel,,,,﻿York County,﻿Paradise,﻿Paradise,﻿PA,﻿PA,40.3926219901604,-78.4329669850409,,,,,,﻿joh_w_beschter_901,﻿Rev.,﻿John W. Beschter,,,,,,,1834,﻿Philadelphia,Philadelphia
﻿har.pa.0034,﻿church,not recorded,English,,,,,﻿Franklin County,﻿Path Valley,﻿Willow Hill,﻿PA,﻿PA,40.2135368026806,-77.7063775784998,,,,﻿once a month,,﻿f_mcosker_901,﻿Rev.,﻿F. M'Cosker,,,,,,,1834,﻿Philadelphia,Philadelphia
﻿pit.pa.0002,﻿church,﻿St. Patrick's,English,,,,,﻿Allegheny County,﻿Pittsburg,﻿Pittsburg,﻿PA,﻿PA,40.4495447256781,-79.9851240009699,,,,,,﻿j_oreilly_901,﻿Rev.,﻿J. O'Reilly,,,,,,,1834,﻿Philadelphia,Philadelphia
﻿pit.pa.0002,﻿church,﻿St. Patrick's,English,,,,,﻿Allegheny County,﻿Pittsburg,﻿Pittsburg,﻿PA,,40.4495447256781,-79.9851240009699,,,,,,﻿f_masqueld_901,﻿Rev.,﻿F. Masqueld,,,,,,,1834,﻿Philadelphia,Philadelphia
﻿pit.pa.0001,﻿church,﻿St. Paul's,English,﻿Unfinished,,,,﻿Allegheny County,﻿Pittsburg,﻿Pittsburg,﻿PA,﻿PA,40.4478341497819,-79.94997295570779,,,,,,,,,,,,,,,1834,﻿Philadelphia,Philadelphia
﻿phi.pa.0119,﻿church,﻿St. Patrick's,English,,,,,﻿Schuylkill County,﻿Pottsville,﻿Pottsville,﻿PA,﻿PA,40.683084687775604,-76.1972062881238,,,,﻿3 Sundays in the month,,﻿e_mccarthy_901,﻿Rev.,﻿E. McCarthy,,,,,,,1834,﻿Philadelphia,Philadelphia
﻿phi.pa.0043,﻿church,﻿St. Peter's,English,,,,,﻿Berks County,﻿Reading,﻿Reading,﻿PA,﻿PA,40.3300480434518,-75.9285936913626,,,,,,,,,,,,,,,1834,﻿Philadelphia,Philadelphia
﻿scr.pa.0081,﻿church,not recorded,English,,,,,﻿Susquehanna County,﻿Silver Lake,﻿Brackney,﻿PA,﻿PA,41.965040277027,-75.953881025411,,,,,,,,,,,﻿Vacant,,,,1834,﻿Philadelphia,Philadelphia
﻿pit.pa.9004,﻿church,﻿St. Francis,English,,,,,﻿Westmoreland County,﻿Sportsman's Hall,﻿Latrobe,﻿PA,,41.965040277027,-75.953881025411,,,,﻿twice a month,,﻿j_a_stillinger_901,﻿Rev.,﻿J. A. Stillinger,,,﻿Resides at Blairsville,,,,1834,﻿Philadelphia,Philadelphia
﻿pit.pa.0101,﻿church,not recorded,English,,,,﻿Franklin County,﻿Franklin County,﻿Waynesburg,﻿Waynesburg,﻿PA,﻿PA,39.8962348302239,-80.18364295251959,,,,﻿once a month,,﻿fer_mcosker_901,﻿Rev.,﻿Ferdinand M'Cosker,,,,,,,1834,﻿Philadelphia,Philadelphia
﻿pit.pa.0101,﻿church,not recorded,English,﻿Church not finished,,,﻿Greene County,﻿Greene County,﻿Waynesburg,﻿Waynesburg,﻿PA,﻿PA,39.8962136127732,-80.18363432220079,,,,,,,,,,,,,,,1834,﻿Philadelphia,Philadelphia
﻿phi.pa.0070,﻿church,﻿Christ Church,English,,,,,﻿Chester County,﻿West-Chester,﻿West Chester,﻿PA,﻿PA,39.959284518666,-75.60872374727221,,,,﻿3d Sunday,,﻿g_a_carrell_901,﻿Rev.,﻿G. A. Carrell,,,﻿Resides at Wilmington,,,,1834,﻿Philadelphia,Philadelphia
﻿pit.pa.9005,﻿church,not recorded,English,,,,,,﻿Williamsburg,,﻿PA,,39.959284518666,-75.60872374727221,,,,﻿alternately,,﻿p_leavy_901,﻿Rev.,﻿P. Leavy,,,,,,,1834,﻿Philadelphia,Philadelphia
﻿pit.pa.9006,﻿church,not recorded,English,,,,,,﻿Alexandria,,﻿PA,,39.959284518666,-75.60872374727221,,,,﻿alternately,,﻿p_l_p leavy _901,﻿Rev.,﻿P. Leavy,,,,,,,1834,﻿Philadelphia,Philadelphia
﻿wil.de.0001,﻿church,﻿St. Peter's Church,English,,,,,﻿New Castle County,﻿Wilmington,﻿Wilmington,﻿DE,﻿DE,39.744655,-75.54839090000002,,,,,,﻿pat_kenny_901,﻿Rev.,﻿Patrick Kenny,,,,,,,1834,﻿Philadelphia,Philadelphia
﻿wil.de.0001,﻿church,﻿St. Peter's Church,English,,,,,﻿New Castle County,﻿Wilmington,﻿Wilmington,﻿DE,,39.744655,-75.54839090000002,,,,,,﻿geo_a_carrell_901,﻿Rev.,﻿George A. Carrell,,,,,,,1834,﻿Philadelphia,Philadelphia
﻿wil.de.0006,﻿church,﻿St. Mary's,English,,,,,﻿New Castle County,﻿Coffey Run,﻿Hockessin,﻿DE,﻿DE,39.7690811,-75.6616973,,,,﻿twice a month,,﻿p_kenny_901,﻿Rev.,﻿P. Kenny,,,,,,,1834,﻿Philadelphia,Philadelphia
﻿wil.de.0007,﻿church,﻿St. Peter's,English,,,,,﻿New Castle County,﻿New Castle,﻿New Castle,﻿DE,﻿DE,39.6625154,-75.5646843,,,,﻿occas'ly,,﻿g_a_carrell_901,﻿Rev.,﻿G. A. Carrell,,,,,,,1834,﻿Philadelphia,Philadelphia
﻿new.nj.0003,﻿church,not recorded,English,,,,,﻿Essex County,﻿Newark,﻿Newark,﻿NJ,﻿NJ,40.737862295849794,-74.1660415669305,,,,,,﻿gre_pardow_901,﻿Rev.,﻿Gregory Pardow,,,,,,,1834,﻿Philadelphia,Philadelphia
﻿new.nj.0067,﻿church,not recorded,English,,,,,﻿Middlesex County,﻿New Brunswick,﻿New Brunswick,﻿NJ,﻿NJ,40.4975263169675,-74.4464554333341,,,,,,,,,,,,,,,1834,﻿Philadelphia,Philadelphia
﻿new.nj.0075,﻿church,not recorded,English,,,,,﻿Passaic County,﻿Patterson,﻿Paterson,﻿NJ,﻿NJ,40.912724856942,-74.1722794872928,,,,,,,,,,,,,,,1834,﻿Philadelphia,Philadelphia
﻿new.nj.9000,﻿church,﻿St. Mary's,English,,,,,﻿Atlantic County,﻿Pleasant Mills,﻿Mullica Township,﻿NJ,﻿NJ,39.6381602362355,-74.6465686167158,,,,﻿occasionally,,﻿w_wheelan_901,﻿Rev.,﻿W. Wheelan,,,﻿Resides at Philadelphia,,,,1834,﻿Philadelphia,Philadelphia
﻿new.nj.0102,﻿church,﻿St. John Baptist,English,,,,,﻿Mercer County,﻿Trenton,﻿Trenton,﻿NJ,﻿NJ,40.199086253341896,-74.7582005041814,,,,,,﻿w_wheelan_901,﻿Rev.,﻿W. Wheelan,,,,,,,1834,﻿Philadelphia,Philadelphia
﻿phi.pa.9003,﻿academy,﻿Academy for Young Gentlemen,English,﻿S. Fourth street,,,,﻿Philadelphia County,﻿Philadelphia,﻿Philadelphia,﻿PA,﻿PA,40.199086253341896,-74.7582005041814,,,,,,﻿jer_keily_901,﻿Rev.,﻿Jeremiah Keily,,,,,,,1834,﻿Philadelphia,Philadelphia
﻿phi.pa.9004,﻿academy,﻿Academy for Young Gentlemen,English,﻿S. Thirteenth street,,,,﻿Philadelphia County,﻿Philadelphia,﻿Philadelphia,﻿PA,﻿PA,40.199086253341896,-74.7582005041814,,,,,,﻿joh_hughes_901,﻿Rev.,﻿John Hughes,,,,,,,1834,﻿Philadelphia,Philadelphia
﻿pit.pa.9005,﻿convent,﻿St. Clare's Convent,English,,,,,,﻿Pittsburg,,﻿PA,,40.199086253341896,-74.7582005041814,,,,,,,,,,,,,,,1834,﻿Philadelphia,Philadelphia
﻿pit.pa.9005,﻿asylum,﻿St. Joseph's Asylum,English,,,,,,﻿Philadelphia,,﻿PA,,40.199086253341896,-74.7582005041814,,,,,,,,,,,,﻿sisters,﻿5 sisters,﻿Sisters of Charity,1834,﻿Philadelphia,Philadelphia
﻿pit.pa.9005,﻿asylum,﻿St. John's Asylum,English,,,,,,﻿Philadelphia,,﻿PA,,40.199086253341896,-74.7582005041814,,,,,,,,,,,,﻿sisters,﻿5 sisters,﻿Sisters of Charity,1834,﻿Philadelphia,Philadelphia
﻿pit.pa.9005,﻿day school,﻿St. John's Day School,English,,,,,,﻿Philadelphia,,﻿PA,,40.199086253341896,-74.7582005041814,,,,,,,,,,,,﻿sisters,﻿5 sisters,﻿Sisters of Charity,1834,﻿Philadelphia,Philadelphia
﻿pit.pa.9005,﻿school,﻿Sacred Heart School,English,,,,,,﻿Philadelphia,,﻿PA,,40.199086253341896,-74.7582005041814,,,,,,,,,,,,﻿sisters,﻿4 sisters,﻿Sisters of Charity,1834,﻿Philadelphia,Philadelphia
﻿pit.pa.9005,﻿school,﻿St. Mary's Free School,English,,,,,,﻿Philadelphia,,﻿PA,,40.199086253341896,-74.7582005041814,,,,,,,,,,,,﻿sisters,﻿3 sisters,﻿Sisters of Charity,1834,﻿Philadelphia,Philadelphia
﻿pit.pa.9005,﻿asylum,﻿St. Peter's Asylum,English,,,,,,﻿Wilmington,,﻿DE,,40.199086253341896,-74.7582005041814,,,,,,,,,,,,﻿sisters,﻿4 sisters,﻿Sisters of Charity,1834,﻿Philadelphia,Philadelphia
﻿pit.pa.9005,﻿day school,﻿St. Peter's Day School,English,,,,,,﻿Wilmington,,﻿DE,,40.199086253341896,-74.7582005041814,,,,,,,,,,,,﻿sisters,﻿4 sisters,﻿Sisters of Charity,1834,﻿Philadelphia,Philadelphia
