instID,church_type,instName,language,instNote,placeName,region,county_orig,county_reg,city_orig,city_reg,state_orig,state_reg,latitude,longitude,attendingInstID,attendingChurch,attendingChurchFrequency,attendingChurchNote,persID,persTitle,persName,persSuffix,persRole,persNote,memberType,member,affiliated,year,diocese,diocese_reg
﻿sanf.ca.0001,﻿Cathedral,﻿St. Mary's Cathedral,English,,﻿corner of California and Dupont streets,,,﻿County of San Francisco,﻿San Francisco,﻿San Francisco,﻿CA,,﻿#REF!,﻿#REF!,,,,,﻿jos_s_alemany_001,﻿Most Rev.,﻿Joseph S. Alemany,﻿D.D.,,,,,,1866,﻿SanFrancisco,SanFrancisco
﻿sanf.ca.0001,﻿Cathedral,﻿St. Mary's Cathedral,English,,﻿corner of California and Dupont streets,,,﻿County of San Francisco,﻿San Francisco,﻿San Francisco,﻿CA,,﻿#REF!,﻿#REF!,,,,,﻿jam_croke_001,﻿Very Rev.,﻿James Croke,﻿V.G.,﻿Rector,,,,,1866,﻿SanFrancisco,SanFrancisco
﻿sanf.ca.0001,﻿Cathedral,﻿St. Mary's Cathedral,English,,﻿corner of California and Dupont streets,,,﻿County of San Francisco,﻿San Francisco,﻿San Francisco,﻿CA,,﻿#REF!,﻿#REF!,,,,,﻿wil_bowman_001,﻿Rev.,﻿William Bowman,,﻿Secretary of Archbishop,,,,,1866,﻿SanFrancisco,SanFrancisco
﻿sanf.ca.0001,﻿Cathedral,﻿St. Mary's Cathedral,English,,﻿corner of California and Dupont streets,,,﻿County of San Francisco,﻿San Francisco,﻿San Francisco,﻿CA,,﻿#REF!,﻿#REF!,,,,,﻿joh_f_harrington_001,﻿Rev.,﻿John F. Harrington,,﻿Assistant Pastor,,,,,1866,﻿SanFrancisco,SanFrancisco
﻿sanf.ca.0001,﻿Cathedral,﻿St. Mary's Cathedral,English,,﻿corner of California and Dupont streets,,,﻿County of San Francisco,﻿San Francisco,﻿San Francisco,﻿CA,,﻿#REF!,﻿#REF!,,,,,﻿mic_oreilly_003,﻿Rev.,﻿Michael O'Reilly,﻿D.D.,﻿Assistant Pastor,,,,,1866,﻿SanFrancisco,SanFrancisco
﻿sanf.ca.0001,﻿Cathedral,﻿St. Mary's Cathedral,English,,﻿corner of California and Dupont streets,,,﻿County of San Francisco,﻿San Francisco,﻿San Francisco,﻿CA,,﻿#REF!,﻿#REF!,,,,,﻿pat_walsh_001,﻿Rev.,﻿Patrick Walsh,,,,,,,1866,﻿SanFrancisco,SanFrancisco
﻿sanf.ca.0002,﻿church,﻿St. Francis' Mission,English,,,,,﻿County of San Francisco,﻿San Francisco,﻿San Francisco,﻿CA,,﻿#REF!,﻿#REF!,,,,,﻿joh_j_prendergast_001,﻿Rev.,﻿John J. Prendergast,,﻿Pastor,,,,,1866,﻿SanFrancisco,SanFrancisco
﻿sanf.ca.0002,﻿church,﻿St. Francis' Mission,English,,,,,﻿County of San Francisco,﻿San Francisco,﻿San Francisco,﻿CA,,﻿#REF!,﻿#REF!,,,,,﻿tho_cushing_001,﻿Rev.,﻿Thomas Cushing,,﻿Assistant Pastor,,,,,1866,﻿SanFrancisco,SanFrancisco
﻿sanf.ca.0003,﻿church,﻿St. Francis of Assium,English,,﻿Vallejo sreet,,,﻿County of San Francisco,﻿San Francisco,﻿San Francisco,﻿CA,,﻿#REF!,﻿#REF!,,,,,﻿jam_h_aerden_001,﻿Rev.,﻿James H. Aerden,﻿O.S.D.,﻿Pastor,,,,,1866,﻿SanFrancisco,SanFrancisco
﻿sanf.ca.0003,﻿church,﻿St. Francis of Assium,English,,﻿Vallejo sreet,,,﻿County of San Francisco,﻿San Francisco,﻿San Francisco,﻿CA,,﻿#REF!,﻿#REF!,,,,,﻿hya_derham_001,﻿Rev.,﻿Hyacinth Derham,﻿O.S.D.,﻿Assistant Pastor,,,,,1866,﻿SanFrancisco,SanFrancisco
﻿sanf.ca.0004,﻿church,﻿St. Patrick's,English,,﻿Market street,,,﻿County of San Francisco,﻿San Francisco,﻿San Francisco,﻿CA,,﻿#REF!,﻿#REF!,,,,,﻿pet_j_grey_001,﻿Rev.,﻿Peter J. Grey,,﻿Pastor,,,,,1866,﻿SanFrancisco,SanFrancisco
﻿sanf.ca.0004,﻿church,﻿St. Patrick's,English,,﻿Market street,,,﻿County of San Francisco,﻿San Francisco,﻿San Francisco,﻿CA,,﻿#REF!,﻿#REF!,,,,,﻿tho_gibney_001,﻿Rev.,﻿Thomas Gibney,,﻿Assistant Pastor,,,,,1866,﻿SanFrancisco,SanFrancisco
﻿sanf.ca.0004,﻿church,﻿St. Patrick's,English,,﻿Market street,,,﻿County of San Francisco,﻿San Francisco,﻿San Francisco,﻿CA,,﻿#REF!,﻿#REF!,,,,,﻿pat_scanlon_001,﻿Rev.,﻿Patrick Scanlan,,﻿Assistant Pastor,,,,,1866,﻿SanFrancisco,SanFrancisco
﻿sanf.ca.0005,﻿church,﻿St. Ignatius',English,,﻿Market street,,,﻿County of San Francisco,﻿San Francisco,﻿San Francisco,﻿CA,,﻿#REF!,﻿#REF!,,,,,﻿n_congiato_001,﻿Very Rev.,﻿N. Congiato,﻿S.J.,﻿Pastor,﻿and others of thes same Society,,,,1866,﻿SanFrancisco,SanFrancisco
﻿sanf.ca.0006,﻿church,﻿Notre Dame des Victoires,﻿french,,﻿Bush Street,,,﻿County of San Francisco,﻿San Francisco,﻿San Francisco,﻿CA,,﻿#REF!,﻿#REF!,,,,,﻿joh_molinier_001,﻿Rev.,﻿John Molinier,,﻿Pastor,,,,,1866,﻿SanFrancisco,SanFrancisco
﻿sanf.ca.0007,﻿church,﻿St. Boniface's,English,,﻿Sutter street,,,﻿County of San Francisco,﻿San Francisco,﻿San Francisco,﻿CA,,﻿#REF!,﻿#REF!,,,,,﻿seb_wolf_001,﻿Rev.,﻿Sebastian Wolf,,﻿Pastor,,,,,1866,﻿SanFrancisco,SanFrancisco
﻿sanf.ca.0007,﻿church,﻿St. Boniface's,English,,﻿Sutter street,,,﻿County of San Francisco,﻿San Francisco,﻿San Francisco,﻿CA,,﻿#REF!,﻿#REF!,,,,,﻿and_andolshek_001,﻿Rev.,﻿Andrew Andolshek,,﻿Assistant Pastor,,,,,1866,﻿SanFrancisco,SanFrancisco
﻿sanf.ca.0008,﻿church,﻿St. Joseph's,English,,﻿corner of Tenth and Howard streets,,,﻿County of San Francisco,﻿San Francisco,﻿San Francisco,﻿CA,,﻿#REF!,﻿#REF!,,,,,﻿hug_p_gallagher_001,﻿Rev.,﻿Hugh P. Gallagher,,﻿Pastor,,,,,1866,﻿SanFrancisco,SanFrancisco
﻿sanf.ca.0008,﻿church,﻿St. Joseph's,English,,﻿corner of Tenth and Howard streets,,,﻿County of San Francisco,﻿San Francisco,﻿San Francisco,﻿CA,,﻿#REF!,﻿#REF!,,,,,﻿jos_a_gallagher_001,﻿Rev.,﻿Joseph A. Gallagher,,﻿Assistant Pastor,,,,,1866,﻿SanFrancisco,SanFrancisco
﻿sanf.ca.0010,﻿church,﻿St. Bridget's,English,,﻿corner of Vanness and Broadway,,,﻿County of San Francisco,﻿San Francisco,﻿San Francisco,﻿CA,,﻿#REF!,﻿#REF!,,,,,﻿tho_oneill_003,﻿Rev.,﻿Thomas O'Neill,﻿O.S.D.,﻿Pastor,,,,,1866,﻿SanFrancisco,SanFrancisco
﻿sanf.ca.0010,﻿church,﻿St. Bridget's,English,,﻿corner of Vanness and Broadway,,,﻿County of San Francisco,﻿San Francisco,﻿San Francisco,﻿CA,,﻿#REF!,﻿#REF!,,,,,﻿jor_caldwell_001,﻿Rev.,﻿Jordan Caldwell,﻿O.S.D.,﻿Assistant Pastor,,,,,1866,﻿SanFrancisco,SanFrancisco
﻿sanf.ca.0012,﻿church,not recorded,English,,,,﻿Alameda County,﻿Alameda County,﻿Alvarado,﻿Union City,﻿CA,,﻿#REF!,﻿#REF!,﻿sanf.ca.0058,﻿attended from Mission of San Jose,,,,,,,,,,,,1866,﻿SanFrancisco,SanFrancisco
﻿sanf.ca.0013,﻿church,﻿Most Holy Rosary,English,,,,﻿Contra Costa County,﻿Contra Costa County,﻿Antioch,﻿Antioch,﻿CA,,﻿#REF!,﻿#REF!,﻿sanf.ca.0016,﻿attended from Benicia,,,,,,,,,,,,1866,﻿SanFrancisco,SanFrancisco
﻿sanf.ca.0014,﻿church,﻿St. Michael's,English,,,,﻿Calaveras County,﻿Calaveras County,﻿Angels,﻿City of Angels,﻿CA,,﻿#REF!,﻿#REF!,﻿sanf.ca.0053,﻿attended from San Andreas,,,,,,,,,,,,1866,﻿SanFrancisco,SanFrancisco
﻿sanf.ca.0015,﻿church,﻿St. Teresa's,English,,,,﻿Placer County,﻿Placer County,﻿Auburn,﻿Auburn,﻿CA,,﻿#REF!,﻿#REF!,﻿sanf.ca.0025,﻿attended from Folsom,,,,,,,,,,,,1866,﻿SanFrancisco,SanFrancisco
﻿sanf.ca.0016,﻿church,﻿St. Dominic's,English,,,,﻿Solano County,﻿Solano County,﻿Benicia,﻿Benicia,﻿CA,,﻿#REF!,﻿#REF!,,,,,﻿fra_s_vilarrasa_001,﻿Very Rev.,﻿Francis S. Vilarrasa,﻿O.P.,﻿Pastor,﻿and others,,,,1866,﻿SanFrancisco,SanFrancisco
﻿sanf.ca.0017,﻿church,﻿Mount Carmel,English,,,,﻿Tuolumne County,﻿Tuolumne County,﻿Big Oak Flat,﻿Groveland-Big Oak Flat,﻿CA,,﻿#REF!,﻿#REF!,﻿sanf.ca.0068,﻿attended from Sonora,,,,,,,,,,,,1866,﻿SanFrancisco,SanFrancisco
﻿sanf.ca.0018,﻿church,﻿St. Teresa's,English,,,,﻿Sonoma County,﻿Sonoma County,﻿Bodega,﻿Bodega,﻿CA,,﻿#REF!,﻿#REF!,﻿sanf.ca.0075,﻿attended from Tomales,,,,,,,,,,,,1866,﻿SanFrancisco,SanFrancisco
﻿sanf.ca.0019,﻿church,﻿St. Martin's,English,,,,﻿Amador County,﻿Amador County,﻿Butte City,﻿Butte City,﻿CA,,﻿#REF!,﻿#REF!,﻿sanf.ca.0077,﻿attended from Volcano,,,,,,,,,,,,1866,﻿SanFrancisco,SanFrancisco
﻿sanf.ca.0120,﻿church,﻿St. James',English,,,,﻿Calaveras County,﻿Calaveras County,﻿Campo Seco,﻿Campo Seco,﻿CA,,﻿#REF!,﻿#REF!,﻿sanf.ca.0053,﻿attended from San Andreas,,,,,,,,,,,,1866,﻿SanFrancisco,SanFrancisco
﻿sanf.ca.0020,﻿church,﻿St. Francis Xavier's,English,,,,﻿Tuolumne County,﻿Tuolumne County,﻿Chinese Camp,﻿Chinese Camp,﻿CA,,﻿#REF!,﻿#REF!,﻿sanf.ca.0068,﻿attended from Sonora,,,,,,,,,,,,1866,﻿SanFrancisco,SanFrancisco
﻿sanf.ca.0021,﻿church,﻿St. John the Baptist's,English,,,,﻿El Dorado County,﻿El Dorado County,﻿Coloma,﻿Coloma,﻿CA,,﻿#REF!,﻿#REF!,﻿sanf.ca.0049,﻿attended from Placerville,,,,,,,,,,,,1866,﻿SanFrancisco,SanFrancisco
﻿sanf.ca.0022,﻿church,﻿St. Ann's,English,,,,﻿Tuolumne County,﻿Tuolumne County,﻿Columbia,﻿Columbia,﻿CA,,﻿#REF!,﻿#REF!,,,,,﻿ter_j_smith_001,﻿Rev.,﻿Terence J. Smith,,﻿Pastor,,,,,1866,﻿SanFrancisco,SanFrancisco
﻿sanf.ca.0023,﻿church,﻿St. Ignatius',English,,,,﻿Calaveras County,﻿Calaveras County,﻿Copperopolis,﻿Copperopolis,﻿CA,,﻿#REF!,﻿#REF!,﻿sanf.ca.0053,﻿attended from San Andreas,,,,,,,,,,,,1866,﻿SanFrancisco,SanFrancisco
﻿sanf.ca.0024,﻿church,﻿Immaculate Conception,English,,,,﻿Mariposa County,﻿Mariposa County,﻿Coulterville,﻿Coulterville,﻿CA,,﻿#REF!,﻿#REF!,﻿sanf.ca.0068,﻿attended from Sonora,,,,,,,,,,,,1866,﻿SanFrancisco,SanFrancisco
﻿sanf.ca.0121,﻿church,not recorded,English,,,,﻿Amador County,﻿Amador County,﻿Drytown,﻿Drytown,﻿CA,,﻿#REF!,﻿#REF!,﻿sanf.ca.0077,﻿attended from Volcano,,,,,,,,,,,,1866,﻿SanFrancisco,SanFrancisco
﻿sanf.ca.0025,﻿church,﻿St. John the Baptist's,English,,,,﻿Sacramento County,﻿Sacramento County,﻿Folsom,﻿Folsom,﻿CA,,﻿#REF!,﻿#REF!,,,,,﻿nea_gallagher_001,﻿Rev.,﻿Neal Gallagher,,﻿Pastor,,,,,1866,﻿SanFrancisco,SanFrancisco
﻿sanf.ca.0026,﻿church,﻿St. James',English,,,,﻿El Dorado County,﻿El Dorado County,﻿George Town,﻿Georgetown,﻿CA,,﻿#REF!,﻿#REF!,﻿sanf.ca.0049,﻿attended from Placerville,,,,,,,,,,,,1866,﻿SanFrancisco,SanFrancisco
﻿sanf.ca.0027,﻿church,﻿Immaculate Conception,English,,,,﻿El Dorado County,﻿El Dorado County,﻿Grizzly Flat,﻿Grizzly Flats,﻿CA,,﻿#REF!,﻿#REF!,﻿sanf.ca.0049,﻿attended from Placerville,,,,,,,,,,,,1866,﻿SanFrancisco,SanFrancisco
﻿sanf.ca.0028,﻿church,﻿St. John the Baptist's,English,,,,﻿Sonoma County,﻿Sonoma County,﻿Healdsburgh,﻿Healdsburg,﻿CA,,﻿#REF!,﻿#REF!,﻿sanf.ca.0075,﻿attended from Tomales,,,,,,,,,,,,1866,﻿SanFrancisco,SanFrancisco
﻿sanf.ca.0030,﻿church,﻿St. Patrick's,English,,,,﻿Amador County,﻿Amador County,﻿Jackson,﻿Jackson,﻿CA,,﻿#REF!,﻿#REF!,﻿sanf.ca.0077,﻿attended from Volcano,,,,,,,,,,,,1866,﻿SanFrancisco,SanFrancisco
﻿sanf.ca.0031,﻿church,﻿St. James',English,,,,﻿Tuolumne County,﻿Tuolumne County,﻿James Town,﻿Jamestown,﻿CA,,﻿#REF!,﻿#REF!,﻿sanf.ca.0068,﻿attended from Sonora,,,,,,,,,,,,1866,﻿SanFrancisco,SanFrancisco
﻿sanf.ca.0032,﻿church,﻿Most Holy Rosary,English,,,,﻿Calaveras County,﻿Tuolumne County,﻿Jeffersonville,﻿Sonora,﻿CA,,﻿#REF!,﻿#REF!,﻿sanf.ca.0022,﻿attended from Columbia,,,,,,,,,,,,1866,﻿SanFrancisco,SanFrancisco
﻿sanf.ca.0033,﻿church,﻿St. Joseph's,English,,,,﻿San Joaquin County,﻿Stanislaus County,﻿Knight's Ferry,﻿Knights Ferry,﻿CA,,﻿#REF!,﻿#REF!,﻿sanf.ca.0070,﻿attended from Stockton,,,,,,,,,,,,1866,﻿SanFrancisco,SanFrancisco
﻿sanf.ca.0034,﻿church,﻿St. Louis,English,,,,﻿Stanislaus County,﻿Stanislaus County,﻿La Grange,﻿La Grange,﻿CA,,﻿#REF!,﻿#REF!,﻿sanf.ca.0068,﻿attended from Sonora,,,,,,,,,,,,1866,﻿SanFrancisco,SanFrancisco
﻿sanf.ca.0036,﻿church,﻿St. Joseph's,English,,,,﻿Mariposa County,﻿Mariposa County,﻿Mariposa,﻿Mariposa,﻿CA,,﻿#REF!,﻿#REF!,﻿sanf.ca.0068,﻿attended from Sonora,,,,,,,,,,,,1866,﻿SanFrancisco,SanFrancisco
﻿sanf.ca.0037,﻿church,﻿St. Catharine's,English,,,,﻿Contra Costa County,﻿Contra Costa County,﻿Martinez,﻿Martinez,﻿CA,,﻿#REF!,﻿#REF!,﻿sanf.ca.0016,﻿attended from Benicia,,,,,,,,,,,,1866,﻿SanFrancisco,SanFrancisco
﻿sanf.ca.0039,﻿church,﻿St. Peter's,English,,,,﻿Calaveras County,﻿Calaveras County,﻿Mokelumne Hill,﻿Mokelumne Hill,﻿CA,,﻿#REF!,﻿#REF!,﻿sanf.ca.0077,﻿attended from Volcano,,,,,,,,,,,,1866,﻿SanFrancisco,SanFrancisco
﻿sanf.ca.0041,﻿church,not recorded,English,,,,﻿Calaveras County,﻿Calaveras County,﻿Murphy's,﻿Murphys,﻿CA,,﻿#REF!,﻿#REF!,﻿sanf.ca.0053,﻿attended from San Andreas,,,,,,,,,,,,1866,﻿SanFrancisco,SanFrancisco
﻿sanf.ca.0042,﻿church,﻿St. John the Baptist's,English,,,,﻿Napa County,﻿Napa County,﻿Napa,﻿Napa,﻿CA,,﻿#REF!,﻿#REF!,,,,,﻿pet_l_deyaert_001,﻿Rev.,﻿Peter L. Deyaert,,﻿Pastor,,,,,1866,﻿SanFrancisco,SanFrancisco
﻿sanf.ca.0043,﻿church,not recorded,English,,,,﻿Santa Clara County,﻿Santa Clara County,﻿New Almaden,﻿New Almaden,﻿CA,,﻿#REF!,﻿#REF!,﻿sanf.ca.0058,﻿attended from San Jose,,,,,,,,,,,,1866,﻿SanFrancisco,SanFrancisco
﻿sanf.ca.0045,﻿church,﻿St. Mary's,English,,,,﻿Alameda County,﻿Alameda County,﻿Oakland,﻿Oakland,﻿CA,,﻿#REF!,﻿#REF!,,,,,﻿mic_king_001,﻿Rev.,﻿Michael King,,﻿Pastor,,,,,1866,﻿SanFrancisco,SanFrancisco
﻿sanf.ca.0045,﻿church,﻿St. Mary's,English,,,,﻿Alameda County,﻿Alameda County,﻿Oakland,﻿Oakland,﻿CA,,﻿#REF!,﻿#REF!,,,,,﻿jam_byrne_001,﻿Rev.,﻿James Byrne,,﻿Assistant Pastor,,,,,1866,﻿SanFrancisco,SanFrancisco
﻿sanf.ca.0048,﻿church,﻿St. Vincent's,English,,,,﻿Sonoma County,﻿Sonoma County,﻿Petaluma,﻿Petaluma,﻿CA,,﻿#REF!,﻿#REF!,﻿sanf.ca.0063,﻿attended from San Rafael,,,,,,,,,,,,1866,﻿SanFrancisco,SanFrancisco
﻿sanf.ca.0049,﻿church,﻿St. Patrick's,English,,,,﻿El Dorado County,﻿El Dorado County,﻿Placerville,﻿Placerville,﻿CA,,﻿#REF!,﻿#REF!,,,,,﻿jam_largan_001,﻿Rev.,﻿James Largan,,﻿Pastor,,,,,1866,﻿SanFrancisco,SanFrancisco
﻿sanf.ca.0071,﻿church,﻿St. Denis',English,,,,﻿San Mateo County,﻿San Mateo County,﻿Redwoods,﻿Redwood City,﻿CA,,﻿#REF!,﻿#REF!,﻿sanf.ca.0061,﻿attended from San Mateo,,,,,,,,,,,,1866,﻿SanFrancisco,SanFrancisco
﻿sanf.ca.0052,﻿church,﻿St. Rose's,English,,,,﻿Sacramento County,﻿Sacramento County,﻿Sacramento,﻿Sacramento,﻿CA,,﻿#REF!,﻿#REF!,,,,,﻿jam_s_cotter_001,﻿Rev.,﻿James S. Cotter,,﻿Pastor,,,,,1866,﻿SanFrancisco,SanFrancisco
﻿sanf.ca.0052,﻿church,﻿St. Rose's,English,,,,﻿Sacramento County,﻿Sacramento County,﻿Sacramento,﻿Sacramento,﻿CA,,﻿#REF!,﻿#REF!,,,,,﻿mau_mcgrath_001,﻿Rev.,﻿Maurice McGrath,,﻿Assistant Pastor,,,,,1866,﻿SanFrancisco,SanFrancisco
﻿sanf.ca.0053,﻿church,﻿St. Andrew's,English,,,,﻿Calaveras County,﻿Calaveras County,﻿San Andres,﻿San Andreas,﻿CA,,﻿#REF!,﻿#REF!,,,,,﻿pat_hennebery_001,﻿Rev.,﻿Patrick Hennebery,﻿C.PP.S.,﻿Pastor,,,,,1866,﻿SanFrancisco,SanFrancisco
﻿sanf.ca.0058,﻿church,﻿St. Joseph's,English,,,,﻿Alameda County,﻿Alameda County,﻿San José Mission,﻿Fremont,﻿CA,,﻿#REF!,﻿#REF!,,,,,﻿jul_federy_001,﻿Rev.,﻿Julian Federy,,﻿Pastor,,,,,1866,﻿SanFrancisco,SanFrancisco
﻿sanf.ca.0059,﻿church,﻿St. Joseph's,English,,,,﻿Santa Clara County,﻿Santa Clara County,﻿San José Pueblo,﻿San Jose,﻿CA,,﻿#REF!,﻿#REF!,,,,,﻿dio_kenny_001,﻿Rev.,﻿Dionysius Kenny,﻿S.J.,﻿Pastor,,,,,1866,﻿SanFrancisco,SanFrancisco
﻿sanf.ca.0059,﻿church,﻿St. Joseph's,English,,,,﻿Santa Clara County,﻿Santa Clara County,﻿San José Pueblo,﻿San Jose,﻿CA,,﻿#REF!,﻿#REF!,,,,,﻿ant_goetz_001,﻿Rev.,﻿Anthony Goetz,﻿S.J.,﻿Assistant Pastor,,,,,1866,﻿SanFrancisco,SanFrancisco
﻿sanf.ca.0059,﻿church,﻿St. Joseph's,English,,,,﻿Santa Clara County,﻿Santa Clara County,﻿San José Pueblo,﻿San Jose,﻿CA,,﻿#REF!,﻿#REF!,,,,,﻿cha_messea_001,﻿Rev.,﻿Charles Messea,﻿S.J.,﻿Assistant Pastor,,,,,1866,﻿SanFrancisco,SanFrancisco
﻿sanf.ca.0060,﻿church,﻿St. Leander's,English,,,,﻿Alameda County,﻿Alameda County,﻿San Leandro,﻿San Leandro,﻿CA,,﻿#REF!,﻿#REF!,﻿sanf.ca.0045,﻿attended from Oakland,,,,,,,,,,,,1866,﻿SanFrancisco,SanFrancisco
﻿sanf.ca.0061,﻿church,﻿St. Mathew's,English,,,,﻿San Mateo County,﻿San Mateo County,﻿San Mateo,﻿San Mateo,﻿CA,,﻿#REF!,﻿#REF!,,,,,﻿den_f_dempsey_001,﻿Rev.,﻿Denis F. Dempsey,,﻿Pastor,,,,,1866,﻿SanFrancisco,SanFrancisco
﻿sanf.ca.0062,﻿church,﻿St. Paul's,English,,,,﻿Contra Costa County,﻿Contra Costa County,﻿San Pablo,﻿San Pablo,﻿CA,,﻿#REF!,﻿#REF!,﻿sanf.ca.0045,﻿attended from Oakland,,,,,,,,,,,,1866,﻿SanFrancisco,SanFrancisco
﻿sanf.ca.0063,﻿church,﻿St. Rafael's,English,,,,﻿Marin County,﻿Marin County,﻿San Rafael,﻿San Rafael,﻿CA,,﻿#REF!,﻿#REF!,,,,,﻿lou_lootens_001,﻿Rev.,﻿Louis Lootens,,﻿Pastor,,,,,1866,﻿SanFrancisco,SanFrancisco
﻿sanf.ca.0064,﻿church,﻿St. Raymond's,English,,,,﻿Alameda County,﻿Contra Costa County,﻿San Ramon,﻿San Ramon,﻿CA,,﻿#REF!,﻿#REF!,﻿sanf.ca.0045,﻿attended from Oakland,,,,,,,,,,,,1866,﻿SanFrancisco,SanFrancisco
﻿sanf.ca.0065,﻿church,﻿St. Clare's,English,,,,﻿Santa Clara County,﻿Santa Clara County,﻿Santa Clara,﻿Santa Clara,﻿CA,,﻿#REF!,﻿#REF!,,,,,﻿mic_accolti_001,﻿Rev.,﻿Michael Accolti,﻿S.J.,﻿Pastor,,,,,1866,﻿SanFrancisco,SanFrancisco
﻿sanf.ca.0065,﻿church,﻿St. Clare's,English,,,,﻿Santa Clara County,﻿Santa Clara County,﻿Santa Clara,﻿Santa Clara,﻿CA,,﻿#REF!,﻿#REF!,,,,,﻿lou_bosco_001,﻿Rev.,﻿Louis Bosco,﻿S.J.,﻿Assistant Pastor,,,,,1866,﻿SanFrancisco,SanFrancisco
﻿sanf.ca.0066,﻿church,﻿St. Rose's,English,,,,﻿Sonoma County,﻿Sonoma County,﻿Santa Rosa,﻿Santa Rosa,﻿CA,,﻿#REF!,﻿#REF!,﻿sanf.ca.0075,﻿attended from Tomales,,,,,,,,,,,,1866,﻿SanFrancisco,SanFrancisco
﻿sanf.ca.0067,﻿church,﻿St. Francis Solano,English,,,,﻿Sonoma County,﻿Sonoma County,﻿Sonoma,﻿Sonoma,﻿CA,,﻿#REF!,﻿#REF!,﻿sanf.ca.0056,﻿attended from Napa,,,,,,,,,,,,1866,﻿SanFrancisco,SanFrancisco
﻿sanf.ca.0068,﻿church,﻿St. Patrick's,English,,,,﻿Tuolumne County,﻿Tuolumne County,﻿Sonora,﻿Sonora,﻿CA,,﻿#REF!,﻿#REF!,,,,,﻿lou_a_auger_001,﻿Rev.,﻿Louis A. Auger,,﻿Pastor,,,,,1866,﻿SanFrancisco,SanFrancisco
﻿sanf.ca.0069,﻿church,﻿Nuestra Señora del Pilar,English,,,,﻿San Mateo County,﻿San Mateo County,﻿Spanish Town,﻿Half Moon Bay,﻿CA,,﻿#REF!,﻿#REF!,﻿sanf.ca.0061,﻿attended from San Mateo,,,,,,,,,,,,1866,﻿SanFrancisco,SanFrancisco
﻿sanf.ca.0070,﻿church,﻿St. Mary's,English,,,,﻿San Joaquin County,﻿San Joaquin County,﻿Stockton,﻿Stockton,﻿CA,,﻿#REF!,﻿#REF!,,,,,﻿jam_motter_001,﻿Rev.,﻿James Motter,﻿D.D.,﻿Pastor,,,,,1866,﻿SanFrancisco,SanFrancisco
﻿sanf.ca.0072,﻿church,﻿Most Holy Rosary,English,,,,﻿Marin County,﻿Marin County,﻿St. Vincent,﻿San Rafael,﻿CA,,﻿#REF!,﻿#REF!,,,,,﻿lou_lootens_001,﻿Rev.,﻿Louis Lootens,,﻿Pastor,,,,,1866,﻿SanFrancisco,SanFrancisco
﻿sanf.ca.0073,﻿church,﻿St. Alphonsus Toribius',English,,,,﻿Solano County,﻿Solano County,﻿Suisun,﻿Suisun City,﻿CA,,﻿#REF!,﻿#REF!,,﻿attended from Napa,,,,,,,,,,,,1866,﻿SanFrancisco,SanFrancisco
﻿sanf.ca.0074,﻿church,not recorded,English,,,,﻿Amador County,﻿Amador County,﻿Sutter Creek,﻿Sutter Creek,﻿CA,,﻿#REF!,﻿#REF!,﻿sanf.ca.0077,﻿attended from Volcano,,,,,,,,,,,,1866,﻿SanFrancisco,SanFrancisco
﻿sanf.ca.0075,﻿church,﻿The Assumption,English,,,,﻿Marin County,﻿Marin County,﻿Tomales,﻿Tomales,﻿CA,,﻿#REF!,﻿#REF!,,,,,﻿tho_fagan_002,﻿Rev.,﻿Thomas Fagan,,﻿Pastor,,,,,1866,﻿SanFrancisco,SanFrancisco
﻿sanf.ca.0076,﻿church,﻿St. Vincent Ferrer,English,,,,﻿Solano County,﻿Solano County,﻿Vallejo,﻿Vallejo,﻿CA,,﻿#REF!,﻿#REF!,﻿sanf.ca.0016,﻿attended from Benicia,,,,,,,,,,,,1866,﻿SanFrancisco,SanFrancisco
﻿sanf.ca.0077,﻿church,﻿St. Bridget's,English,,,,﻿Amador County,﻿Amador County,﻿Volcano,﻿Volcano,﻿CA,,﻿#REF!,﻿#REF!,,,,,﻿joh_hodges_001,﻿Rev.,﻿John Hodges,,﻿Pastor,,,,,1866,﻿SanFrancisco,SanFrancisco
﻿sanf.ca.0122,﻿seminary,﻿Diocesan Seminary of St. Thomas Aquinas,English,﻿20 students in colleges in Europe,,,,﻿County of San Francisco,﻿San Francisco,﻿San Francisco,﻿CA,,﻿#REF!,﻿#REF!,,,,,﻿joh_j_prendergast_001,﻿Rev.,﻿John J. Prendergast,,﻿President,,﻿student,﻿26 students,,1866,﻿SanFrancisco,SanFrancisco
﻿sanf.ca.0078,﻿college,﻿St. Mary's College,English,,,,,﻿County of San Francisco,﻿San Francisco,﻿San Francisco,﻿CA,,﻿#REF!,﻿#REF!,,,,,﻿pet_j_grey_001,﻿Rev.,﻿Peter J. Grey,,﻿President,,﻿student,﻿140 students,,1866,﻿SanFrancisco,SanFrancisco
﻿sanf.ca.0078,﻿college,﻿St. Mary's College,English,,,,,﻿County of San Francisco,﻿San Francisco,﻿San Francisco,﻿CA,,﻿#REF!,﻿#REF!,,,,,﻿ric_brennan_002,﻿Rev.,﻿Richard Brennan,,﻿Vice-President,,﻿student,﻿140 students,,1866,﻿SanFrancisco,SanFrancisco
﻿sanf.ca.0079,﻿asylum,﻿Female orphan asylum,English,﻿Attached there is a free school,,,,﻿County of San Francisco,﻿San Francisco,﻿San Francisco,﻿CA,,﻿#REF!,﻿#REF!,,,,,,﻿Sister,﻿Frances McEnnis,,﻿Superioress,,﻿sister,﻿12 Sisters,﻿Directed by the Sisters of Charity,1866,﻿SanFrancisco,SanFrancisco
﻿sanf.ca.0079,﻿asylum,﻿Female orphan asylum,English,﻿Attached there is a free school,,,,﻿County of San Francisco,﻿San Francisco,﻿San Francisco,﻿CA,,﻿#REF!,﻿#REF!,,,,,,,,,,,﻿orphan,﻿200 orphans,﻿Directed by the Sisters of Charity,1866,﻿SanFrancisco,SanFrancisco
﻿sanf.ca.0079,﻿asylum,﻿Female orphan asylum,English,﻿Attached there is a free school,,,,﻿County of San Francisco,﻿San Francisco,﻿San Francisco,﻿CA,,﻿#REF!,﻿#REF!,,,,,,,,,,,﻿pupil,﻿900 pupils,﻿Directed by the Sisters of Charity,1866,﻿SanFrancisco,SanFrancisco
﻿sanf.ca.0080,﻿asylum,﻿Mount St. Joseph's,English,,﻿Silver Terrace,,,﻿County of San Francisco,﻿San Francisco,﻿San Francisco,﻿CA,,﻿#REF!,﻿#REF!,,,,,,,,,,,﻿infants,﻿100 infants,﻿Conducted by the Sisters of Charity,1866,﻿SanFrancisco,SanFrancisco
﻿sanf.ca.0083,"﻿convent, school",﻿Presentation Convent and Free School,English,,﻿Powell street,,,﻿County of San Francisco,﻿San Francisco,﻿San Francisco,﻿CA,,﻿#REF!,﻿#REF!,,,,,,﻿Mother,﻿Mary Teresa Comerford,,﻿Superioress,,﻿professedSister,﻿10 Professed Sisters,,1866,﻿SanFrancisco,SanFrancisco
﻿sanf.ca.0083,"﻿convent, school",﻿Presentation Convent and Free School,English,,﻿Powell street,,,﻿County of San Francisco,﻿San Francisco,﻿San Francisco,﻿CA,,﻿#REF!,﻿#REF!,,,,,,,,,,,﻿novice,﻿5 novices,,1866,﻿SanFrancisco,SanFrancisco
﻿sanf.ca.0083,"﻿convent, school",﻿Presentation Convent and Free School,English,,﻿Powell street,,,﻿County of San Francisco,﻿San Francisco,﻿San Francisco,﻿CA,,﻿#REF!,﻿#REF!,,,,,,,,,,,﻿pupil,﻿950 pupils,,1866,﻿SanFrancisco,SanFrancisco
﻿sanf.ca.0084,﻿hospital,﻿Hospital and Mercy House,English,,﻿Corner of Bryant and First streets,,,﻿County of San Francisco,﻿San Francisco,﻿San Francisco,﻿CA,,﻿#REF!,﻿#REF!,,,,,,﻿Mother,﻿Mary B. Russell,,﻿Superioress,,﻿professedSister,﻿20 Professed Sisters,﻿Conducted by the Sisters of Mercy,1866,﻿SanFrancisco,SanFrancisco
﻿sanf.ca.0084,﻿hospital,﻿Hospital and Mercy House,English,,﻿Corner of Bryant and First streets,,,﻿County of San Francisco,﻿San Francisco,﻿San Francisco,﻿CA,,﻿#REF!,﻿#REF!,,,,,,,,,,,﻿novice,﻿4 novices,﻿Conducted by the Sisters of Mercy,1866,﻿SanFrancisco,SanFrancisco
﻿sanf.ca.0085,﻿school,﻿St. Rose's School,English,﻿for girls,﻿Corner of Fourth and Brennan streets,,,﻿County of San Francisco,﻿San Francisco,﻿San Francisco,﻿CA,,﻿#REF!,﻿#REF!,,,,,,,,,,,﻿sister,﻿6 Sisters of St. Dominic,﻿Conducted by the Sisters of St. Dominic,1866,﻿SanFrancisco,SanFrancisco
﻿sanf.ca.0085,﻿school,﻿St. Rose's School,English,﻿for girls,﻿Corner of Fourth and Brennan streets,,,﻿County of San Francisco,﻿San Francisco,﻿San Francisco,﻿CA,,﻿#REF!,﻿#REF!,,,,,,,,,,,﻿pupil,﻿300 pupils,﻿Conducted by the Sisters of St. Dominic,1866,﻿SanFrancisco,SanFrancisco
﻿sanf.ca.0087,﻿asylum,﻿Magdalen Asylum,English,,﻿On the old San Bruno road,,,﻿County of San Francisco,﻿San Francisco,﻿San Francisco,﻿CA,,﻿#REF!,﻿#REF!,,,,,,,,,,,﻿sister,﻿6 Sisters of Mercy,﻿Conducted by the Sisters of Mercy,1866,﻿SanFrancisco,SanFrancisco
﻿sanf.ca.0087,﻿asylum,﻿Magdalen Asylum,English,,﻿On the old San Bruno road,,,﻿County of San Francisco,﻿San Francisco,﻿San Francisco,﻿CA,,﻿#REF!,﻿#REF!,,,,,,,,,,,﻿inmate,﻿50 inmates,﻿Conducted by the Sisters of Mercy,1866,﻿SanFrancisco,SanFrancisco
﻿sanf.ca.0082,﻿school,﻿Free School,English,,"﻿attached to St. Mary's Cathedral, corner of California and Dupont Streets",,,﻿County of San Francisco,﻿San Francisco,﻿San Francisco,﻿CA,,﻿#REF!,﻿#REF!,,,,,,﻿Brother,﻿John McMahon,,﻿Principal,,﻿pupil,﻿350 pupils,﻿Conducted by the Franciscan Brothers,1866,﻿SanFrancisco,SanFrancisco
﻿sanf.ca.0088,﻿school,﻿Free school,English,,"﻿attached to the Church of St. Francis, Vallejo street",,,﻿County of San Francisco,﻿San Francisco,﻿San Francisco,﻿CA,,﻿#REF!,﻿#REF!,,,,,,,,,,,﻿pupil,﻿125 pupils,,1866,﻿SanFrancisco,SanFrancisco
﻿sanf.ca.0089,﻿school,﻿Free school,English,,"﻿attached to St. Patrick's, Market street",,,﻿County of San Francisco,﻿San Francisco,﻿San Francisco,﻿CA,,﻿#REF!,﻿#REF!,,,,,,,,,,,﻿pupil,﻿200 pupils,,1866,﻿SanFrancisco,SanFrancisco
﻿sanf.ca.0091,﻿college,﻿St. Ignatius' College,English,,﻿Market street,,,﻿County of San Francisco,﻿San Francisco,﻿San Francisco,﻿CA,,﻿#REF!,﻿#REF!,,,,,﻿n_congiato_001,﻿Very Rev.,﻿N. Congiato,﻿S.J.,﻿Superior,,﻿pupil,﻿350 pupils,﻿Conducted by the Fathers of the Society of Jesus,1866,﻿SanFrancisco,SanFrancisco
﻿sanf.ca.0092,﻿school,﻿German Free school,﻿German,,"﻿attached to St. Boniface's Church, Sutter street",,,﻿County of San Francisco,﻿San Francisco,﻿San Francisco,﻿CA,,﻿#REF!,﻿#REF!,,,,,,,,,,,﻿pupil,﻿50 pupils,,1866,﻿SanFrancisco,SanFrancisco
﻿sanf.ca.0093,﻿asylum,﻿Male orphan asylum,English,,,,﻿Marin County,﻿Marin County,﻿San Rafael,﻿San Rafael,﻿CA,,﻿#REF!,﻿#REF!,,,,,﻿lou_lootens_001,﻿Rev.,﻿Louis Lootens,,,,﻿orphan,﻿133 orphans,,1866,﻿SanFrancisco,SanFrancisco
﻿sanf.ca.0095,﻿college,﻿Santa Clara College,English,,,,,﻿Santa Clara County,﻿Santa Clara,﻿Santa Clara,﻿CA,,﻿#REF!,﻿#REF!,,,,,﻿a_masnata_001,﻿Very Rev.,﻿A. Masnata,﻿S.J.,﻿President,,﻿student,﻿130 students,﻿Conducted by the Fathers of the Society of Jesus,1866,﻿SanFrancisco,SanFrancisco
﻿sanf.ca.0094,﻿convent,﻿Dominican convent,English,,,,,﻿Solano County,﻿Benicia,﻿Benicia,﻿CA,,﻿#REF!,﻿#REF!,,,,,﻿fra_s_vilarrasa_001,﻿Very Rev.,﻿Francis S. Vilarrasa,﻿O.P.,﻿Superior,,﻿layBrothers,﻿4 lay brothers,,1866,﻿SanFrancisco,SanFrancisco
﻿sanf.ca.0094,﻿convent,﻿Dominican convent,English,,,,,﻿Solano County,﻿Benicia,﻿Benicia,﻿CA,,﻿#REF!,﻿#REF!,,,,,﻿vin_vinyes_001,﻿Rev.,﻿Vincent Vinyes,﻿O.P.,,,﻿layBrothers,﻿4 lay brothers,,1866,﻿SanFrancisco,SanFrancisco
﻿sanf.ca.0094,﻿convent,﻿Dominican convent,English,,,,,﻿Solano County,﻿Benicia,﻿Benicia,﻿CA,,﻿#REF!,﻿#REF!,,,,,﻿f_migliorini_001,﻿Rev.,﻿F. Migliorini,﻿O.P.,,,﻿layBrothers,﻿4 lay brothers,,1866,﻿SanFrancisco,SanFrancisco
﻿sanf.ca.0094,﻿convent,﻿Dominican convent,English,,,,,﻿Solano County,﻿Benicia,﻿Benicia,﻿CA,,﻿#REF!,﻿#REF!,,,,,﻿lou_daniels_001,﻿Rev.,﻿Louis Daniel,﻿O.P.,,,﻿layBrothers,﻿4 lay brothers,,1866,﻿SanFrancisco,SanFrancisco
﻿sanf.ca.0094,﻿convent,﻿Dominican convent,English,,,,,﻿Solano County,﻿Benicia,﻿Benicia,﻿CA,,﻿#REF!,﻿#REF!,,,,,﻿pat_callaghan_001,﻿Rev.,﻿Patrick Callaghan,﻿O.P.,,,﻿layBrothers,﻿4 lay brothers,,1866,﻿SanFrancisco,SanFrancisco
﻿sanf.ca.0094,﻿convent,﻿Dominican convent,English,,,,,﻿Solano County,﻿Benicia,﻿Benicia,﻿CA,,﻿#REF!,﻿#REF!,,,,,﻿man_doogan_001,﻿Rev.,﻿Manes Doogan,﻿O.P.,,,﻿layBrothers,﻿4 lay brothers,,1866,﻿SanFrancisco,SanFrancisco
﻿sanf.ca.0096,"﻿convent, academy",﻿St. Catharine's Convent and Female Academy,English,,,,,﻿Solano County,﻿Benicia,﻿Benicia,﻿CA,,﻿#REF!,﻿#REF!,,,,,,,,,,,﻿sister,﻿20 Professed Sisters,﻿Under the care of the Sisters of St. Dominic,1866,﻿SanFrancisco,SanFrancisco
﻿sanf.ca.0096,"﻿convent, academy",﻿St. Catharine's Convent and Female Academy,English,,,,,﻿Solano County,﻿Benicia,﻿Benicia,﻿CA,,﻿#REF!,﻿#REF!,,,,,,,,,,,﻿novice,﻿2 novices,﻿Under the care of the Sisters of St. Dominic,1866,﻿SanFrancisco,SanFrancisco
﻿sanf.ca.0097,"﻿convent, academy",﻿Convent and Academy of Notre Dame,English,,,,,﻿Santa Clara County,﻿Pueblo of San José,﻿San Jose,﻿CA,,﻿#REF!,﻿#REF!,,,,,,﻿Sister,﻿Mary Cornelia,,﻿Superioress,,﻿sister,﻿20 professed Sisters,﻿Conducted by the Sisters of Notre Dame,1866,﻿SanFrancisco,SanFrancisco
﻿sanf.ca.0097,"﻿convent, academy",﻿Convent and Academy of Notre Dame,English,,,,,﻿Santa Clara County,﻿Pueblo of San José,﻿San Jose,﻿CA,,﻿#REF!,﻿#REF!,,,,,,,,,,,﻿novice,﻿6 novices,﻿Conducted by the Sisters of Notre Dame,1866,﻿SanFrancisco,SanFrancisco
﻿sanf.ca.0102,﻿school,﻿Free school,English,﻿for boys,﻿attached to St. Mary's Church,,,﻿Alameda County,﻿Oakland,﻿Oakland,﻿CA,,﻿#REF!,﻿#REF!,,,,,,,,,,,﻿pupil,﻿40 pupils,,1866,﻿SanFrancisco,SanFrancisco
﻿sanf.ca.0103,﻿school,﻿Free school,English,﻿for boys,﻿attached to St. Rose's Church,,,﻿Sacramento County,﻿Sacramento,﻿Sacramento,﻿CA,,﻿#REF!,﻿#REF!,,,,,,,,,,,﻿pupil,﻿100 pupils,,1866,﻿SanFrancisco,SanFrancisco
﻿sanf.ca.0104,﻿school,﻿Free school,English,﻿for girls,,,,﻿Sacramento County,﻿Sacramento,﻿Sacramento,﻿CA,,﻿#REF!,﻿#REF!,,,,,,,,,,,﻿pupil,﻿250 pupils,﻿Conducted by the Sisters of Mercy,1866,﻿SanFrancisco,SanFrancisco
﻿sanf.ca.0105,﻿school,﻿Free school,English,﻿for girls,,,,﻿Santa Clara County,﻿Pueblo of San José,﻿San Jose,﻿CA,,﻿#REF!,﻿#REF!,,,,,,,,,,,﻿pupil,﻿60 pupils,﻿Conducted by the Sisters of Notre Dame,1866,﻿SanFrancisco,SanFrancisco
﻿sanf.ca.0106,﻿school,﻿Free school,English,,﻿attached to St. Ann's Church,,﻿Tuolumne County,﻿Tuolumne County,﻿Columbia,﻿Columbia,﻿CA,,﻿#REF!,﻿#REF!,,,,,,,,,,,﻿pupil,﻿80 pupils,,1866,﻿SanFrancisco,SanFrancisco
﻿sanf.ca.0107,﻿school,﻿Free school,English,﻿for boys,,,,﻿Tuolumne County,﻿Sonora,﻿Sonora,﻿CA,,﻿#REF!,﻿#REF!,,,,,,,,,,,﻿pupil,﻿75 pupils,,1866,﻿SanFrancisco,SanFrancisco
﻿sanf.ca.0118,﻿school,﻿Free school,English,,,,,﻿El Dorado County,﻿Placerville,﻿Placerville,﻿CA,,﻿#REF!,﻿#REF!,,,,,,,,,,,﻿pupil,﻿50 pupils,,1866,﻿SanFrancisco,SanFrancisco
﻿sanf.ca.0108,﻿school,﻿Free school,English,,﻿attached to St. Mary's Church,,﻿San Joaquin County,﻿San Joaquin County,﻿Stockton,﻿Stockton,﻿CA,,﻿#REF!,﻿#REF!,,,,,,,,,,,﻿pupil,﻿60 pupils,,1866,﻿SanFrancisco,SanFrancisco
﻿sanf.ca.0109,﻿school,﻿Free school,English,,,,,﻿Calaveras County,﻿San Andres,﻿San Andreas,﻿CA,,﻿#REF!,﻿#REF!,,,,,,,,,,,﻿pupil,﻿50 pupils,,1866,﻿SanFrancisco,SanFrancisco
﻿sanf.ca.0110,﻿school,﻿Free school,English,﻿for boys,﻿at the Mission,,,﻿County of San Francisco,﻿San Francisco,﻿San Francisco,﻿CA,,﻿#REF!,﻿#REF!,,,,,,,,,,,﻿pupil,﻿100 pupils,,1866,﻿SanFrancisco,SanFrancisco
﻿sanf.ca.0119,﻿school,﻿Free school,English,﻿for girls,,,,﻿Santa Clara County,﻿Santa Clara,﻿Santa Clara,﻿CA,,﻿#REF!,﻿#REF!,,,,,,,,,,,﻿pupil,﻿50 pupils,﻿conducted by the Sister of Notre Dame,1866,﻿SanFrancisco,SanFrancisco
﻿sanf.ca.0112,﻿school,﻿Free school,English,,,,,﻿Solano County,﻿Vallejo,﻿Vallejo,﻿CA,,﻿#REF!,﻿#REF!,,,,,,,,,,,﻿pupil,﻿60 pupils,,1866,﻿SanFrancisco,SanFrancisco
﻿sanf.ca.0117,﻿school,﻿Free school,English,﻿for boys,,,,﻿Solano County,﻿Benicia,﻿Benicia,﻿CA,,﻿#REF!,﻿#REF!,,,,,,,,,,,﻿pupil,﻿40 pupils,,1866,﻿SanFrancisco,SanFrancisco
﻿sanf.ca.0113,﻿school,﻿Free school,English,,,,,﻿Sonoma County,﻿Petaluma,﻿Petaluma,﻿CA,,﻿#REF!,﻿#REF!,,,,,,,,,,,﻿pupil,﻿60 pupils,,1866,﻿SanFrancisco,SanFrancisco
﻿sanf.ca.0115,﻿school,﻿Free school,English,,,,,﻿Sacramento County,﻿Folsom,﻿Folsom,﻿CA,,﻿#REF!,﻿#REF!,,,,,,,,,,,﻿pupil,﻿50 pupils,,1866,﻿SanFrancisco,SanFrancisco
﻿sanf.ca.0116,﻿school,﻿Free school,English,,,,,﻿Amador County,﻿Sutter Creek,﻿Sutter Creek,﻿CA,,﻿#REF!,﻿#REF!,,,,,,,,,,,﻿pupil,﻿40 pupils,,1866,﻿SanFrancisco,SanFrancisco
