instID,church_type,instName,language,instNote,placeName,region,county_orig,county_reg,city_orig,city_reg,state_orig,state_reg,latitude,longitude,attendingInstID,attendingChurch,attendingChurchFrequency,attendingChurchNote,persID,persTitle,persName,persSuffix,persRole,persNote,memberType,member,affiliated,year,diocese
﻿san.nm.0001,﻿cathedral,﻿Cathedral of San Francisco de Assis,English,,,﻿Santa Fé,,,﻿Santa Fé,﻿Santa Fé,﻿NM,,,,,,,,﻿j_b_lamy_001,﻿Rt. Rev.,﻿J. B. Lamy,﻿D.D.,,,,,,1865.0,SantaFe
﻿san.nm.0001,﻿cathedral,﻿Cathedral of San Francisco de Assis,English,,,﻿Santa Fé,,,﻿Santa Fé,﻿Santa Fé,﻿NM,,,,,,,,,﻿Very. Rev.,﻿Peter Eguillon,,﻿Rector,,,,,1865.0,SantaFe
﻿san.nm.0001,﻿cathedral,﻿Cathedral of San Francisco de Assis,English,,,﻿Santa Fé,,,﻿Santa Fé,﻿Santa Fé,﻿NM,,,,,,,,﻿pet_martin_001,﻿Rev.,﻿Peter Martin,,﻿Assistant,,,,,1865.0,SantaFe
﻿san.nm.0001,﻿cathedral,﻿Cathedral of San Francisco de Assis,English,,,﻿Santa Fé,,,﻿Santa Fé,﻿Santa Fé,﻿NM,,,,,,,,,﻿Rev.,﻿Joseph M. Merle,,,,,,,1865.0,SantaFe
﻿san.nm.0002,﻿chapel,﻿Chapel of N. Sen. del Rosario,English,,,﻿Santa Fé,,,﻿Santa Fé,﻿Santa Fé,﻿NM,,,,﻿san.nm.0001,﻿Attended by the clergy of the Cathedral,,,,,,,,,,,,1865.0,SantaFe
﻿san.nm.0003,﻿chapel,﻿Chapel of Na. Senora de Guadelupe,English,,,﻿Santa Fé,,,﻿Santa Fé,﻿Santa Fé,﻿NM,,,,﻿san.nm.0001,﻿Attended by the clergy of the Cathedral,,,,,,,,,,,,1865.0,SantaFe
﻿san.nm.0004,﻿chapel,﻿Chapel of San Miguel,English,,,﻿Santa Fé,,,﻿Santa Fé,﻿Santa Fé,﻿NM,,,,﻿san.nm.0001,﻿Attended by the clergy of the Cathedral,,,,,,,,,,,,1865.0,SantaFe
﻿san.nm.0005,﻿chapel,﻿Chapel of Na. Señora de la Luz,English,,,﻿Santa Fé,,,﻿Santa Fé,﻿Santa Fé,﻿NM,,,,﻿san.nm.0001,﻿Attended by the clergy of the Cathedral,,,,,,,,,,,,1865.0,SantaFe
﻿san.nm.0006,﻿chapel,﻿Chapel of San Isidro,English,,,﻿Santa Fé,,,﻿Aguafria,﻿Aguafria,﻿NM,,,,﻿san.nm.0001,﻿Attended by the clergy of the Cathedral,,,,,,,,,,,,1865.0,SantaFe
﻿san.nm.0007,﻿chapel,﻿Chapel of San José,English,,,﻿Santa Fé,,,﻿Cienega,﻿Cienega,﻿NM,,,,﻿san.nm.0001,﻿Attended by the clergy of the Cathedral,,,,,,,,,,,,1865.0,SantaFe
﻿san.nm.0008,﻿chapel,﻿Chapel of N. Sen. de los Remedios,English,,,﻿Santa Fé,,,﻿Galisteo,﻿Galisteo,﻿NM,,,,﻿san.nm.0001,﻿Attended by the clergy of the Cathedral,,,,,,,,,,,,1865.0,SantaFe
﻿san.nm.0009,﻿chapel,﻿Chapel of N. Sen. de los Angeles,English,,,﻿Santa Fé,,,﻿Pecos,﻿Pecos,﻿NM,,,,﻿san.nm.0001,﻿Attended by the clergy of the Cathedral,,,,,,,,,,,,1865.0,SantaFe
﻿san.nm.0009,﻿chapel,﻿Chapel of N. Sen. de los Angeles,English,,,﻿Peña Blanca,,,﻿Placer de Dolores,﻿Pecos,﻿NM,,,,,﻿Attended from Santo Domingo,,,,,,,,,,,,1865.0,SantaFe
﻿san.nm.0124,﻿chapel,﻿Chapel of San Buenaventura,English,,,﻿Peña Blanca,,,﻿Placer de San Francisco,,﻿NM,,,,,﻿Attended from Santo Domingo,,,,,,,,,,,,1865.0,SantaFe
﻿san.nm.0010,﻿chapel,﻿Chapel of San Isidro,English,,,﻿Santa Fé,,,﻿Rio Tesuque,﻿Tesuque,﻿NM,,,,﻿san.nm.0001,﻿Attended by the clergy of the Cathedral,,,,,,,,,,,,1865.0,SantaFe
﻿san.nm.0011,﻿chapel,﻿Chapel of San Diego,English,﻿Pueblo Indians,,﻿Santa Fé,,,﻿Tesque,﻿Tesuque,﻿NM,,,,﻿san.nm.0001,﻿Attended by the clergy of the Cathedral,,,,,,,,,,,,1865.0,SantaFe
﻿san.nm.0013,﻿church,﻿Santa Rosa's Chapel,English,,,﻿Abiquiu,,,﻿Abiquiu,﻿Abiquiu,﻿NM,,,,,,,,,﻿Rev.,﻿P. Bernall,,,,,,,1865.0,SantaFe
﻿san.nm.0014,﻿chapel,not recorded,English,,,﻿Abiquiu,,,﻿El Rito,,﻿NM,,,,﻿san.nm.0012,﻿Attended from Abiquiu,,,,,,,,,,,,1865.0,SantaFe
﻿san.nm.0014,﻿chapel,not recorded,English,,,﻿Abiquiu,,,﻿San Juan Nepomuceno,,﻿NM,,,,﻿san.nm.0012,﻿Attended from Abiquiu,,,,,,,,,,,,1865.0,SantaFe
﻿san.nm.0015,﻿chapel,not recorded,English,,,﻿Abiquiu,,,﻿Los Ancones,﻿Ancones,﻿NM,,,,﻿san.nm.0012,﻿Attended from Abiquiu,,,,,,,,,,,,1865.0,SantaFe
﻿san.nm.0016,﻿chapel,not recorded,English,,,﻿Abiquiu,,,﻿Servieta,,﻿NM,,,,﻿san.nm.0012,﻿Attended from Abiquiu,,,,,,,,,,,,1865.0,SantaFe
﻿san.nm.0016,﻿chapel,not recorded,English,,,﻿Abiquiu,,,﻿El Jo Caliente,,﻿NM,,,,﻿san.nm.0012,﻿Attended from Abiquiu,,,,,,,,,,,,1865.0,SantaFe
﻿san.nm.0022,﻿church,﻿Parish Church of San Felipe de Neri,English,,,﻿Albuquerque,,,﻿Albuquerque,﻿Albuquerque,﻿NM,,,,,,,,,﻿Rev.,﻿John Augustine Truchard,,,,,,,1865.0,SantaFe
﻿san.nm.0022,﻿church,﻿Parish Church of San Felipe de Neri,English,,,﻿Albuquerque,,,﻿Albuquerque,﻿Albuquerque,﻿NM,,,,,,,,,﻿Rev.,﻿Damaso Taladrid,,﻿Assistant,,,,,1865.0,SantaFe
﻿san.nm.0023,﻿chapel,﻿Chapel of San José,English,,,﻿Albuquerque,,,﻿Ranchos de Albuq.,﻿Los Ranchos de Albuquerque,﻿NM,,,,﻿san.nm.0022,﻿Attended from Albuquerque,,,,,,,,,,,,1865.0,SantaFe
﻿san.nm.0024,﻿chapel,﻿Chapel of Na. Sen. de Carmel,English,,,﻿Albuquerque,,,﻿El Rancho,﻿Albuquerque,﻿NM,,,,﻿san.nm.0022,﻿Attended from Albuquerque,,,,,,,,,,,,1865.0,SantaFe
﻿san.nm.0025,﻿chapel,﻿Chapel of La Natividad,English,,,﻿Albuquerque,,,﻿Lalameda,﻿Alameda,﻿NM,,,,﻿san.nm.0022,﻿Attended from Albuquerque,,,,,,,,,,,,1865.0,SantaFe
﻿san.nm.0026,﻿chapel,﻿San Antonio's Chapel,English,,,﻿Albuquerque,,,﻿San Antonio,﻿San Antonio,﻿NM,,,,﻿san.nm.0022,﻿Attended from Albuquerque,,,,,,,,,,,,1865.0,SantaFe
﻿san.nm.0027,﻿chapel,﻿Chapel of San José,English,,,﻿Albuquerque,,,﻿Los Barelos,﻿Albuquerque,﻿NM,,,,﻿san.nm.0022,﻿Attended from Albuquerque,,,,,,,,,,,,1865.0,SantaFe
﻿san.nm.0029,﻿chapel,﻿Chapel of San José,English,,,﻿Abiquiu,,,﻿Rancheros de Atrisco,﻿Albuquerque,﻿NM,,,,﻿san.nm.0022,﻿Attended from Albuquerque,,,,,,,,,,,,1865.0,SantaFe
﻿san.nm.0151,﻿church,﻿Church of Na. en. de Doloress,English,,,﻿Taos,,,﻿Arroyo Hondo,﻿Arroyo Hondo,﻿NM,,,,,﻿Attended from Taos,,,,,,,,,,,,1865.0,SantaFe
﻿san.nm.0153,﻿chapel,﻿Chapel of La SSma. Trinidad,English,,,﻿Taos,,,﻿Arroyo Seco,﻿Arroyo Seco,﻿NM,,,,,﻿Attended from Taos,,,,,,,,,,,,1865.0,SantaFe
﻿san.nm.0143,﻿chapel,﻿San Antonio's,English,,,,,,﻿San Antonio,﻿San Antonio,﻿NM,,,,,﻿Attended from Taos,,,,,,,,,,,,1865.0,SantaFe
﻿san.nm.0143,﻿chapel,﻿San Antonio's,English,﻿two chapels,,,﻿Costilla County,﻿Costilla County,﻿Rio Colorado,﻿San Antonio,﻿CO,﻿CO,,,,,,,,﻿Rev.,﻿J. Fialon,,,,,,,1865.0,SantaFe
﻿den.co.0024,﻿church,not recorded,English,,,,﻿Costilla County,﻿Costilla County,﻿La Costilla,,﻿CO,﻿CO,,,,,,,,﻿Rev.,﻿J. Fialon,,,,,,,1865.0,SantaFe
﻿den.co.0029,﻿church,not recorded,English,,,,﻿Costilla County,﻿Costilla County,﻿La Culebra,﻿San Acasio,﻿CO,﻿CO,,,,,,,,﻿Rev.,﻿J. Fialon,,,,,,,1865.0,SantaFe
﻿san.nm.0030,﻿church,not recorded,English,﻿new church building,,﻿Antonchico,,,﻿Antonchico,﻿Anton Chico,﻿NM,,,,,,,,,﻿Rev.,﻿John B. Fayet,,,,,,,1865.0,SantaFe
﻿san.nm.0032,﻿chapel,not recorded,English,,﻿Chapel,﻿Antonchico,,,﻿Chaperito,,﻿NM,,,,﻿san.nm.0030,﻿Attended from Antonchico,,,,,,,,,,,,1865.0,SantaFe
﻿san.nm.0033,﻿chapel,﻿Chapel of San Augustin,English,,,﻿Antonchico,,,﻿Valles,﻿San Augustin,﻿NM,,,,﻿san.nm.0030,﻿Attended from Antonchico,,,,,,,,,,,,1865.0,SantaFe
﻿san.nm.0038,﻿church,﻿Parish Church of Na. Senora de Belen,English,,,﻿Antonchico,,,﻿Belen,﻿Belen,﻿NM,,,,,,,,﻿eug_paulet_001,﻿Rev.,﻿Eugenio Paulet,,,,,,,1865.0,SantaFe
﻿san.nm.0038,﻿chapel,﻿Parish Church of Na. Senora de Belen,English,,,﻿Sabinal,,,﻿San Juan Nepomuceno,﻿Belen,﻿NM,,,,﻿san.nm.0038,﻿Attended from Belen,,,,,,,,,,,,1865.0,SantaFe
﻿san.nm.0039,﻿chapel,not recorded,English,,﻿Chapel,﻿Antonchico,,,﻿El Sauzal,,﻿NM,,,,﻿san.nm.0038,﻿Attended from Belen,,,,,,,,,,,,1865.0,SantaFe
﻿san.nm.0040,﻿chapel,not recorded,English,,﻿Chapel,﻿Antonchico,,,﻿Los Chavez,﻿Los Chavez,﻿NM,,,,﻿san.nm.0038,﻿Attended from Belen,,,,,,,,,,,,1865.0,SantaFe
﻿san.nm.0041,﻿church,﻿Parish Church of Na. Sen. de los Dolores,English,,,﻿Bernalillo,,,﻿Bernalillo,﻿Bernalillo,﻿NM,,,,,,,,,﻿Rev.,﻿Thos. Hayes,,,,,,,1865.0,SantaFe
﻿san.nm.0042,﻿chapel,﻿Chapel of Santa Familia,English,,,﻿Bernalillo,,,﻿San Jose,﻿San Jose,﻿NM,,,,﻿san.nm.0041,﻿Attended from Bernalillo,,,,,,,,,,,,1865.0,SantaFe
﻿san.nm.0043,﻿chapel,﻿Chapel of San Antonio,English,,﻿Indian Pueblo,﻿Bernalillo,,,﻿Sandia,﻿Sandia Pueblo,﻿NM,,,,﻿san.nm.0041,﻿Attended from Bernalillo,,,,,,,,,,,,1865.0,SantaFe
﻿san.nm.0045,﻿chapel,not recorded,English,,﻿Chapel,﻿Bernalillo,,,﻿Algodones,﻿Algodones,﻿NM,,,,﻿san.nm.0041,﻿Attended from Bernalillo,,,,,,,,,,,,1865.0,SantaFe
﻿san.nm.0046,﻿chapel,not recorded,English,,﻿Chapel,﻿Bernalillo,,,﻿El Tejon,﻿Placitas,﻿NM,,,,﻿san.nm.0041,﻿Attended from Bernalillo,,,,,,,,,,,,1865.0,SantaFe
﻿san.nm.0047,﻿church,﻿Parish Church of Na. Sen. de los Dolores,English,,,﻿Cevoyeta,,,﻿Cevoyeta,﻿Seboyeta,﻿NM,,,,,,,,﻿aug_redon_001,﻿Rev.,﻿Aug. Redon,,,,,,,1865.0,SantaFe
﻿san.nm.0049,﻿chapel,not recorded,English,,﻿Chapel,﻿Cevoyeta,,,﻿Cubero,﻿Cubero,﻿NM,,,,﻿san.nm.0047,﻿Chapel attended from Cevoyeta,,,,,,,,,,,,1865.0,SantaFe
﻿san.nm.0050,﻿chapel,﻿St. Joseph's Chapel,English,,﻿Indian Pueblo,﻿Cevoyeta,,,﻿La Laguna,﻿Laguna,﻿NM,,,,﻿san.nm.0047,﻿Chapel attended from Cevoyeta,,,,,,,,,,,,1865.0,SantaFe
﻿san.nm.0051,﻿chapel,﻿St. Joseph's Chapel,English,,﻿Indian Pueblo,﻿Cevoyeta,,,﻿Acoma,﻿Acoma,﻿NM,,,,﻿san.nm.0047,﻿Chapel attended from Cevoyeta,,,,,,,,,,,,1865.0,SantaFe
﻿san.nm.0054,﻿chapel,not recorded,English,,"﻿Chapel, Indian Pueblo",﻿Cevoyeta,,,﻿Zuni,﻿Zuni Pueblo,﻿NM,,,,﻿san.nm.0047,﻿Chapel attended from Cevoyeta,,,,,,,,,,,,1865.0,SantaFe
﻿den.co.0031,﻿church,not recorded,English,,,,﻿Conejos County,﻿Conejos County,﻿Los Conejos,﻿Antonito,﻿CO,﻿CO,,,,,,,﻿mig_vigil_001,﻿Rev.,﻿Miguel Vigil,,,,,,,1865.0,SantaFe
﻿den.co.0031,﻿church,not recorded,English,,,,﻿Conejos County,﻿Conejos County,﻿San Antonio,﻿Antonito,﻿CO,,,,﻿den.co.0031,﻿Attended from Los Conejos,,,,,,,,,,,,1865.0,SantaFe
﻿den.co.0031,﻿church,not recorded,English,,,,﻿Conejos County,﻿Conejos County,﻿San Francisco,﻿Antonito,﻿CO,,,,﻿den.co.0031,﻿Attended from Los Conejos,,,,,,,,,,,,1865.0,SantaFe
﻿den.co.0031,﻿church,not recorded,English,,,,﻿Conejos County,﻿Conejos County,﻿La Cueva,﻿Antonito,﻿CO,,,,﻿den.co.0031,﻿Attended from Los Conejos,,,,,,,,,,,,1865.0,SantaFe
﻿san.nm.0055,﻿church,﻿Parish Church of San Augustin,English,,﻿Indian Pueblo,﻿Isleta,,,﻿Isleta,﻿Isleta Village,﻿NM,,,,,,,,﻿f_jouvet_001,﻿Rev.,﻿F. Jouvet,,,,,,,1865.0,SantaFe
﻿san.nm.0056,﻿chapel,﻿Chapel of San José,English,,,﻿Isleta,,,﻿Padillas,﻿Albuquerque,﻿NM,,,,﻿san.nm.0055,﻿Chapel attended from Isleta,,,,,,,,,,,,1865.0,SantaFe
﻿san.nm.0057,﻿chapel,﻿Chapel of San Rafael,English,,,﻿Isleta,,,﻿Pajarito,,﻿NM,,,,﻿san.nm.0022,﻿Attended from Albuquerque,,,,,,,,,,,,1865.0,SantaFe
﻿san.nm.0058,﻿chapel,not recorded,English,,,﻿Isleta,,,﻿Los Lunas,﻿Los Lunas,﻿NM,,,,﻿san.nm.0038,﻿Attended from Belen,,,,,,,,,,,,1865.0,SantaFe
﻿san.nm.0059,﻿church,﻿Parish Church of Santiago,English,,﻿Indian Pueblo,﻿Jemes,,,﻿Jemes,﻿Jemez Pueblo,﻿NM,,,,,﻿attended from Bernalillo,,,﻿n_valencia_001,﻿Rev.,﻿Nicholas Valenica,,,,,,,1865.0,SantaFe
﻿san.nm.0059,﻿church,﻿N. Señora de Guadalupe,English,,﻿Indian Pueblo,﻿Jemes,,,﻿El Cañon de Jemes,﻿Jemez Pueblo,﻿NM,,,,,﻿attended from Bernalillo,,,,,,,,,,,,1865.0,SantaFe
﻿san.nm.0060,﻿chapel,﻿San Isidro's Chapel,English,,,,,,,,﻿NM,,,,,﻿attended from Bernalillo,,,,,,,,,,,,1865.0,SantaFe
﻿san.nm.0061,﻿chapel,not recorded,English,,﻿Indian Pueblo,﻿Jemes,,,﻿Silla,,﻿NM,,,,,﻿attended from Bernalillo,,,,,,,,,,,,1865.0,SantaFe
﻿san.nm.0062,﻿chapel,not recorded,English,,"﻿Chapel, Indian Pueblo",﻿Jemes,,,﻿Santa Anna,﻿Santa Ana Pueblo,﻿NM,,,,,﻿attended from Bernalillo,,,,,,,,,,,,1865.0,SantaFe
﻿san.nm.0068,﻿church,﻿Asuncion de N. Señora,English,,,﻿Las Vegas,,,﻿Las Vegas,﻿Las Vegas,﻿NM,,,,,,,,﻿j_m_coudert_001,﻿Rev.,﻿J. M. Coudert,,,,,,,1865.0,SantaFe
﻿san.nm.0068,﻿chapel,﻿Asuncion de N. Señora,English,,,﻿Las Vegas,,,﻿Tecolote,﻿Tecolote,﻿NM,,,,﻿san.nm.0068,﻿attended from Las Vegas,,,,,,,,,,,,1865.0,SantaFe
﻿san.nm.0126,﻿church,not recorded,English,,,﻿Sapello,,,﻿Sapello,﻿Sapello,﻿NM,,,,,,,,﻿f_jouvenceau_001,﻿Rev.,﻿M. Juvenceau,,,,,,,1865.0,SantaFe
﻿san.nm.0127,﻿chapel,not recorded,English,,﻿Chapel,﻿Sapello,,,﻿Monton de Alamos,﻿Sapello,﻿NM,,,,﻿san.nm.0126,﻿Attended from Sapello,,,,,,,,,,,,1865.0,SantaFe
﻿san.nm.0130,﻿chapel,not recorded,English,,﻿Chapel,﻿Sapello,,,﻿Las Golondrinas,﻿Golondrinas,﻿NM,,,,﻿san.nm.0126,﻿Attended from Sapello,,,,,,,,,,,,1865.0,SantaFe
﻿san.nm.0131,﻿chapel,not recorded,English,,﻿Chapel,﻿Sapello,,,﻿Rincon del Terolote,﻿Rociada,﻿NM,,,,﻿san.nm.0126,﻿Attended from Sapello,,,,,,,,,,,,1865.0,SantaFe
﻿san.nm.0078,﻿church,﻿Parish Church of Santa Gertrudis,English,,,﻿Mora,,,﻿Mora,﻿Mora,﻿NM,,,,,,,,﻿j_salpointe_001,﻿Rev.,﻿J. Salpointe,,,,,,,1865.0,SantaFe
﻿san.nm.0078,﻿church,﻿Parish Church of Santa Gertrudis,English,,,﻿Mora,,,﻿Mora,﻿Mora,﻿NM,,,,,,,,,﻿Rev.,﻿P. Bermingham,,,,,,,1865.0,SantaFe
﻿san.nm.0080,﻿chapel,not recorded,English,,﻿Chapel,﻿Mora,,,﻿Guadalupita,﻿Guadalupita,﻿NM,,,,﻿san.nm.0068,﻿attended from Las Vegas,,,,,,,,,,,,1865.0,SantaFe
﻿san.nm.0086,﻿chapel,not recorded,English,,﻿Chapel,﻿Mora,,,﻿La Cuera,﻿La Cuera,﻿NM,,,,﻿san.nm.0068,﻿attended from Las Vegas,,,,,,,,,,,,1865.0,SantaFe
﻿san.nm.0083,﻿chapel,not recorded,English,,﻿Chapel,﻿Mora,,,﻿Agua Negra,﻿Holman,﻿NM,,,,﻿san.nm.0068,﻿attended from Las Vegas,,,,,,,,,,,,1865.0,SantaFe
﻿san.nm.0084,﻿chapel,not recorded,English,,﻿Chapel,﻿Mora,,,﻿San Antonio,﻿San Antonio,﻿NM,,,,﻿san.nm.0068,﻿attended from Las Vegas,,,,,,,,,,,,1865.0,SantaFe
﻿san.nm.0074,﻿church,not recorded,English,﻿parish church vacant,﻿Parish Church,﻿Manzano,,,﻿Mausano,﻿Manzano,﻿NM,,,,,,,,,,,,,,,,,1865.0,SantaFe
﻿san.nm.0075,﻿chapel,not recorded,English,,﻿Chapel,﻿Manzano,,,﻿Chilili,﻿Chilili,﻿NM,,,,﻿san.nm.0074,﻿Chapel attended from Mausano,,,,,,,,,,,,1865.0,SantaFe
﻿san.nm.0076,﻿chapel,not recorded,English,,﻿Chapel,﻿Manzano,,,﻿Torreon,﻿Torreon,﻿NM,,,,﻿san.nm.0074,﻿Chapel attended from Mausano,,,,,,,,,,,,1865.0,SantaFe
﻿san.nm.0077,﻿chapel,not recorded,English,,﻿Chapel,﻿Manzano,,,﻿Tajique,﻿Tajique,﻿NM,,,,﻿san.nm.0074,﻿Chapel attended from Mausano,,,,,,,,,,,,1865.0,SantaFe
﻿san.nm.0077,﻿chapel,not recorded,English,,﻿Chapel,﻿Manzano,,,﻿La Cienega,﻿La Cienega,﻿NM,,,,﻿san.nm.0074,﻿Chapel attended from Mausano,,,,,,,,,,,,1865.0,SantaFe
﻿san.nm.0088,﻿church,﻿Church of San Lorenzo,English,,﻿Indian Pueblo,﻿Picuries,,,﻿Picuries,﻿Picuris Pueblo,﻿NM,,,,,,,,﻿j_s_tafoya_001,﻿Rev.,﻿Tafoya,,,,,,,1865.0,SantaFe
﻿san.nm.0090,﻿chapel,﻿Chapel of Na. Senora,English,,,﻿Picuries,,,﻿El Llano Largo,﻿Llano Largo,﻿NM,,,,﻿san.nm.0088,﻿Attended from Picuries,,,,,,,,,,,,1865.0,SantaFe
﻿san.nm.0091,﻿chapel,not recorded,English,,﻿Chapel,﻿Picuries,,,﻿San Juan Nepomuceno,,﻿NM,,,,﻿san.nm.0088,﻿Attended from Picuries,,,,,,,,,,,,1865.0,SantaFe
﻿san.nm.0092,﻿chapel,﻿Na. Senora de Dolores,English,,,﻿Picuries,,,﻿Santa Barbara,﻿Hatch,﻿NM,,,,﻿san.nm.0088,﻿Attended from Picuries,,,,,,,,,,,,1865.0,SantaFe
﻿san.nm.0093,﻿chapel,﻿Chapel of San José,English,,,﻿Picuries,,,﻿Las Trampas,﻿Trampas,﻿NM,,,,﻿san.nm.0088,﻿Attended from Picuries,,,,,,,,,,,,1865.0,SantaFe
﻿san.nm.0094,﻿chapel,not recorded,English,,﻿Chapel,﻿Picuries,,,﻿El Chamizal,﻿Chamisal,﻿NM,,,,﻿san.nm.0088,﻿Attended from Picuries,,,,,,,,,,,,1865.0,SantaFe
﻿san.nm.0063,﻿church,﻿Parish Church of Santa Cruz,English,,,﻿La Cañada,,,﻿La Cañada,﻿Santa Cruz,﻿NM,,,,,,,,﻿jua_d_trujillo_001,﻿Rev.,﻿Juan de Jesus Trujillo,,,,,,,1865.0,SantaFe
﻿san.nm.0064,﻿chapel,﻿Sanctuario del Sr. de Esquipula,English,,,﻿La Cañada,,,,﻿Chimayo,﻿NM,,,,﻿san.nm.0063,﻿Attended from Santa Cruz,,,,,,,,,,,,1865.0,SantaFe
﻿san.nm.0065,﻿chapel,﻿Chapel of San Francisco,English,,﻿Indian Pueblo,﻿La Cañada,,,﻿Nambé,﻿Nambé Pueblo,﻿NM,,,,﻿san.nm.0063,﻿Attended from Santa Cruz,,,,,,,,,,,,1865.0,SantaFe
﻿san.nm.0066,﻿chapel,﻿San Antonio's Chapel,English,,,﻿La Cañada,,,﻿El Quemado,﻿Cordova,﻿NM,,,,﻿san.nm.0063,﻿Attended from Santa Cruz,,,,,,,,,,,,1865.0,SantaFe
﻿san.nm.0067,﻿chapel,﻿Chapel of N. Senora,English,,,﻿La Cañada,,,﻿Las Truchas,﻿Truchas,﻿NM,,,,﻿san.nm.0063,﻿Attended from Santa Cruz,,,,,,,,,,,,1865.0,SantaFe
﻿san.nm.0067,﻿church,﻿Chapel of N. Senora,English,,﻿Indian Pueblo,﻿La Cañada,,,﻿Santo Domingo,﻿Truchas,﻿NM,,,,,,,,﻿m_chavez_001,﻿Rev.,﻿M. Chavez,,,,,,,1865.0,SantaFe
﻿san.nm.0120,﻿church,﻿Na. Señ. de Guadalupe,English,,﻿chapel,﻿Peña Blanca,,,﻿Peña Blanca,﻿Peña Blanca,﻿NM,,,,,﻿attended from Santo Domingo,,,,,,,,,,,,1865.0,SantaFe
﻿san.nm.0121,﻿chapel,﻿Santa Rosa,English,,﻿Chapel,﻿Peña Blanca,,,﻿Cubero,﻿Cubero,﻿NM,,,,,﻿attended from Santo Domingo,,,,,,,,,,,,1865.0,SantaFe
﻿san.nm.0122,﻿chapel,not recorded,English,,"﻿Chapel, Indian Pueblo",﻿Peña Blanca,,,﻿San Felipe,﻿San Felipe Pueblo,﻿NM,,,,,﻿attended from Santo Domingo,,,,,,,,,,,,1865.0,SantaFe
﻿san.nm.0123,﻿chapel,﻿Chapel of San Buenaventura,English,,﻿Indian Pueblo,﻿Peña Blanca,,,﻿Cochiti,﻿Cochiti Pueblo,﻿NM,,,,,﻿attended from Santo Domingo,,,,,,,,,,,,1865.0,SantaFe
﻿san.nm.0099,﻿chapel,not recorded,English,,,,,,﻿Santa Clara,﻿Santa Clara Pueblo,﻿NM,,,,,,,,﻿r_medina_001,﻿Rev.,﻿Ramon Medina,,,,,,,1865.0,SantaFe
﻿san.nm.0101,﻿chapel,not recorded,English,,﻿Chapel,﻿San Ildefonzo,,,﻿Los Ranchitos,﻿Española,﻿NM,,,,﻿san.nm.0099,﻿Attended from Santa Clara,,,,,,,,,,,,1865.0,SantaFe
﻿san.nm.0098,﻿church,not recorded,English,,"﻿Parish Church, Indian Pueblo",﻿San Ildefonzo,,,﻿San Ildefonzo,﻿San Ildefonzo Pueblo,﻿NM,,,,﻿san.nm.0099,﻿Attended from Santa Clara,,,,,,,,,,,,1865.0,SantaFe
﻿san.nm.0104,﻿chapel,not recorded,English,,"﻿Chapel, Indian Pueblo",﻿San Ildefonzo,,,﻿Pohuaque,﻿Pojoaque,﻿NM,,,,﻿san.nm.0099,﻿Attended from Santa Clara,,,,,,,,,,,,1865.0,SantaFe
﻿san.nm.0105,﻿church,not recorded,English,,"﻿Parish Church, Indian Pueblo",﻿San Juan de los Cavalleros,,,﻿San Juan de los Cavalleros,﻿Ohkay Owingeh,﻿NM,,,,,,,,﻿f_boucard_001,﻿Rev.,﻿F. Boucard,,,,,,,1865.0,SantaFe
﻿san.nm.0107,﻿chapel,﻿Chapel of Na. Sen. de la Soledad,English,,,﻿San Juan de los Cavalleros,,,﻿La Villita,﻿La Villita,﻿NM,,,,﻿san.nm.0091,﻿Attended from San Juan,,,,,,,,,,,,1865.0,SantaFe
﻿san.nm.0109,﻿chapel,﻿Chapel of Na. Sen. de Guadalupe,English,,,﻿San Juan de los Cavalleros,,,﻿La Jolla,﻿La Joya,﻿NM,,,,﻿san.nm.0091,﻿Attended from San Juan,,,,,,,,,,,,1865.0,SantaFe
﻿san.nm.0109,﻿chapel,﻿Chapel of Na. Sen. de Guadalupe,English,,,﻿San Juan de los Cavalleros,,,﻿San Antonio,﻿San Antonio,﻿NM,,,,﻿san.nm.0091,﻿Attended from San Juan,,,,,,,,,,,,1865.0,SantaFe
﻿san.nm.0112,﻿chapel,not recorded,English,,﻿Chapel,﻿San Juan de los Cavalleros,,,﻿El Embudo,﻿Embudo,﻿NM,,,,﻿san.nm.0091,﻿Attended from San Juan,,,,,,,,,,,,1865.0,SantaFe
﻿san.nm.0111,﻿chapel,not recorded,English,,﻿Chapel,﻿San Juan de los Cavalleros,,,﻿Chamita,﻿Chamita,﻿NM,,,,﻿san.nm.0091,﻿Attended from San Juan,,,,,,,,,,,,1865.0,SantaFe
﻿san.nm.0113,﻿church,not recorded,English,,﻿Parish Church,﻿San Miguel del Vado,,,﻿San Miguel del Vado,﻿Ribera/San Miguel del Vado,﻿NM,,,,,,,,﻿joh_guérin_001,﻿Rev.,﻿Juan Guerin,,,,,,,1865.0,SantaFe
﻿san.nm.0114,﻿chapel,not recorded,English,,﻿Chapel,﻿San Miguel del Vado,,,﻿San José,﻿San Jose,﻿NM,,,,﻿san.nm.0133,﻿Attended from San Miguel,,,,,,,,,,,,1865.0,SantaFe
﻿san.nm.0115,﻿chapel,﻿Chapel of San Antonio,English,,,﻿San Miguel del Vado,,,﻿El Pueblo,﻿Pueblo/Ribera,﻿NM,,,,﻿san.nm.0133,﻿Attended from San Miguel,,,,,,,,,,,,1865.0,SantaFe
﻿san.nm.0116,﻿chapel,not recorded,English,,﻿Chapel,﻿San Miguel del Vado,,,﻿El Puertecito,,﻿NM,,,,﻿san.nm.0133,﻿Attended from San Miguel,,,,,,,,,,,,1865.0,SantaFe
﻿san.nm.0118,﻿chapel,not recorded,English,,﻿Chapel,﻿San Miguel del Vado,,,﻿Bernal,﻿Bernal,﻿NM,,,,﻿san.nm.0133,﻿Attended from San Miguel,,,,,,,,,,,,1865.0,SantaFe
﻿san.nm.0119,﻿chapel,not recorded,English,,﻿Chapel,﻿San Miguel del Vado,,,﻿Los Placitas del Rio Pecos,,﻿NM,,,,﻿san.nm.0133,﻿Attended from San Miguel,,,,,,,,,,,,1865.0,SantaFe
﻿san.nm.0133,﻿church,﻿Parish Church of San Miguel,English,,,﻿Socorro,,,﻿Socorro,﻿Socorro,﻿NM,,,,,,,,﻿ben_bernard_001,﻿Rev.,﻿Benito Bernard,,﻿Assistant,,,,,1865.0,SantaFe
﻿san.nm.0133,﻿church,﻿Parish Church of San Miguel,English,,,﻿Socorro,,,﻿San Lorenzo,﻿Socorro,﻿NM,,,,﻿san.nm.0133,﻿Attended from Socorro,,,,,,,,,,,,1865.0,SantaFe
﻿san.nm.0133,﻿church,﻿Parish Church of San Miguel,English,,,﻿Socorro,,,﻿La Jolla,﻿Socorro,﻿NM,,,,﻿san.nm.0133,﻿Attended from Socorro,,,,,,,,,,,,1865.0,SantaFe
﻿san.nm.0133,﻿church,﻿Parish Church of San Miguel,English,,,﻿Socorro,,,﻿La Jollita,﻿Socorro,﻿NM,,,,﻿san.nm.0133,﻿Attended from Socorro,,,,,,,,,,,,1865.0,SantaFe
﻿san.nm.0136,﻿chapel,not recorded,English,,﻿Chapel,﻿Socorro,,,﻿El Sabino,,﻿NM,,,,﻿san.nm.0133,﻿Attended from Socorro,,,,,,,,,,,,1865.0,SantaFe
﻿san.nm.0136,﻿chapel,not recorded,English,,﻿Chapel,﻿Socorro,,,﻿Valverde,,﻿NM,,,,﻿san.nm.0133,﻿Attended from Socorro,,,,,,,,,,,,1865.0,SantaFe
﻿san.nm.0136,﻿chapel,not recorded,English,,﻿Chapel,﻿Socorro,,,﻿San Antonio,,﻿NM,,,,﻿san.nm.0133,﻿Attended from Socorro,,,,,,,,,,,,1865.0,SantaFe
﻿san.nm.0141,﻿church,﻿San Fernando,English,,,﻿Taos,,,﻿Taos,﻿Taos,﻿NM,,,,,,,,﻿gab_ussel_001,﻿Rev.,﻿Gabriel Ussel,,,,,,,1865.0,SantaFe
﻿san.nm.0141,﻿church,﻿San Fernando,English,,,﻿Taos,,,﻿Taos,﻿Taos,﻿NM,,,,,,,,,﻿Rev.,﻿R. Rodriguez,,,,,,,1865.0,SantaFe
﻿san.nm.0144,﻿chapel,﻿San Hieronimo,English,,"﻿Chapel, Indian Pueblo",﻿Taos,,,,,﻿NM,,,,﻿san.nm.0141,﻿attended from Taos,,,,,,,,,,,,1865.0,SantaFe
﻿san.nm.0145,﻿chapel,﻿San Francisco,English,,,﻿Taos,,,﻿El Rancho,﻿El Rancho,﻿NM,,,,﻿san.nm.0141,﻿attended from Taos,,,,,,,,,,,,1865.0,SantaFe
﻿san.nm.0147,﻿chapel,not recorded,English,,,﻿Taos,,,﻿El Ronchito,,﻿NM,,,,﻿san.nm.0141,﻿attended from Taos,,,,,,,,,,,,1865.0,SantaFe
﻿san.nm.0150,﻿chapel,not recorded,English,,,﻿Taos,,,﻿Los Luceros,﻿Los Luceros,﻿NM,,,,﻿san.nm.0141,﻿attended from Taos,,,,,,,,,,,,1865.0,SantaFe
﻿san.nm.0155,﻿church,﻿Natividad de Na. Señora,English,,,﻿Tome,,,﻿Tome,﻿Tome,﻿NM,,,,,,,,﻿j_b_raillère_001,﻿Rev.,﻿J. B. Raillère,,,,,,,1865.0,SantaFe
﻿san.nm.0155,﻿church,﻿Natividad de Na. Señora,English,,,﻿Tome,,,﻿Bosque de Los Pinos,﻿Tome,﻿NM,,,,﻿san.nm.0155,﻿Attended from Tome,,,,,,,,,,,,1865.0,SantaFe
﻿san.nm.0155,﻿chapel,﻿Natividad de Na. Señora,English,,,﻿Tome,,,﻿San José,﻿Tome,﻿NM,,,,﻿san.nm.0155,﻿Attended from Tome,,,,,,,,,,,,1865.0,SantaFe
﻿san.nm.0156,﻿chapel,﻿Sangre de Cristo,English,,,﻿Tome,,,﻿Valencia,﻿Valencia,﻿NM,,,,﻿san.nm.0155,﻿Attended from Tome,,,,,,,,,,,,1865.0,SantaFe
﻿san.nm.0158,﻿chapel,not recorded,English,,﻿Chapel,﻿Tome,,,﻿Casa Colorada,﻿Casa Colorada,﻿NM,,,,﻿san.nm.0155,﻿Attended from Tome,,,,,,,,,,,,1865.0,SantaFe
﻿san.nm.0158,﻿chapel,not recorded,English,,﻿Chapel,﻿Tome,,,﻿La. Peralta,﻿Casa Colorada,﻿NM,,,,﻿san.nm.0155,﻿Attended from Tome,,,,,,,,,,,,1865.0,SantaFe
﻿san.nm.0158,﻿chapel,not recorded,English,,﻿Chapel,﻿Tome,,,﻿Las Cruces,﻿Casa Colorada,﻿AZ,,,,,,,,,﻿Rev.,﻿J.J. Vaca,,,,,,,1865.0,SantaFe
﻿den.co.0001,﻿church,﻿Church of the Immaculate Conception,English,,,,,﻿City and County of Denver,﻿Denver City,﻿Denver,﻿CO,,,,,,,,,﻿Very Rev.,﻿J.P. Macheboeuf,﻿V.G.,﻿Pastor,,,,,1865.0,SantaFe
﻿den.co.0001,﻿church,﻿Church of the Immaculate Conception,English,,,,,﻿City and County of Denver,﻿Denver City,﻿Denver,﻿CO,,,,,,,,,﻿Rev.,﻿J.B. Raverdy,,﻿Assistant,,,,,1865.0,SantaFe
﻿den.co.0016,﻿church,﻿St. Patrick's,English,,,,,﻿Gilpin County,﻿Central City,﻿Central City,﻿CO,,,,,,,,,﻿Rev.,﻿Thomas A. Smith,,,,,,,1865.0,SantaFe
﻿den.co.0016,﻿church,﻿St. Patrick's,English,﻿Mexican population,﻿church building on a beautiful farm given to the church,,﻿Huerfano Co.,﻿Huerfano County,﻿Central City,﻿Central City,﻿CO,,,,,﻿Attended from Denver,,,,,,,,,,,,1865.0,SantaFe
﻿den.co.0037,﻿chapel,﻿Chapel of the Holy Trinity,English,﻿Mexican population,,,﻿Las Animas Co.,﻿Las Animas County,﻿Trinidad,,﻿CO,,,,,﻿Attended from Mora,,,,,,,,,,,,1865.0,SantaFe
﻿den.co.0012,﻿chapel,﻿Chapel of St. Joseph,English,,,,,﻿Jefferson County,﻿Golden City,﻿Golden,﻿CO,,,,,﻿Attended from Denver,,,,,,,,,,,,1865.0,SantaFe
﻿den.co.0004,﻿chapel,not recorded,English,,,,,﻿Boulder County,﻿South Boulder,﻿Boulder,﻿CO,,,,,﻿Attended from Denver,,,,,,,,,,,,1865.0,SantaFe
﻿den.co.0007,﻿chapel,not recorded,English,,,,,﻿Lake County,﻿California Gulch,﻿Leadville,,﻿CO,,,,﻿Attended from Denver,﻿occasionally,,,,,,,,,,,1865.0,SantaFe
﻿den.co.0007,﻿chapel,not recorded,English,,,,,﻿Lake County,﻿Lorette,﻿Leadville,,,,,,﻿Attended from Denver,﻿occasionally,,,,,,,,,,,1865.0,SantaFe
﻿den.co.0007,﻿chapel,not recorded,English,,,,,﻿Lake County,﻿Montgomery in South-Park,﻿Leadville,,,,,,﻿Attended from Denver,﻿occasionally,,,,,,,,,,,1865.0,SantaFe
﻿den.co.0017,﻿chapel,not recorded,English,,,,,﻿Gilpin County,﻿Black Hawk,﻿Black Hawk,﻿CO,,,,,﻿Attended from Central City,,,,,,,,,,,,1865.0,SantaFe
﻿den.co.0023,﻿chapel,not recorded,English,,,,,﻿Gilpin County,﻿Nevada City,﻿Nevadaville,,﻿CO,,,,﻿Attended from Central City,,,,,,,,,,,,1865.0,SantaFe
﻿den.co.0020,﻿chapel,not recorded,English,,,,,﻿Clear Creek County,﻿Idaho,﻿Idaho Springs,,,,,,﻿Attended from Central City,,,,,,,,,,,,1865.0,SantaFe
﻿den.co.0019,﻿chapel,not recorded,English,,,,,﻿Clear Creek County,﻿Empire City,﻿Empire,﻿CO,,,,,﻿Attended from Central City,,,,,,,,,,,,1865.0,SantaFe
﻿den.co.0019,﻿church,﻿San Agusten,English,,,,,﻿Clear Creek County,﻿Tucson,﻿Tucson,﻿AZ,,,,,,,,,﻿Rev.,﻿L. Bosco,﻿S.J.,,,,,,1865.0,SantaFe
﻿den.co.0019,﻿church,﻿San Xavier,English,"﻿attended by several hundred Catholic Indian families, called Papagos, of the Pima tribe",,,,﻿Clear Creek County,﻿San Xavier del Bac,﻿Tucson,﻿AZ,,,,,,,,,﻿Rev.,﻿C. Messea,﻿S.J.,,,,,,1865.0,SantaFe
﻿den.co.0019,﻿church,﻿San Xavier,English,"﻿attended by several hundred Catholic Indian families, called Papagos, of the Pima tribe",,,,﻿Clear Creek County,﻿La Paz,﻿Tucson,﻿AZ,,,,,﻿Attended from Tucson,,,,,,,,,,,,1865.0,SantaFe
﻿den.co.0019,﻿mission,﻿Navajo Mission,English,"﻿attended by several hundred Catholic Indian families, called Papagos, of the Pima tribe",,,,﻿Clear Creek County,﻿Bosque Redondo,﻿Tucson,﻿AZ,,,,,,,,,﻿Rev.,﻿M. Fleurant,,,,,,,1865.0,SantaFe
﻿den.co.0019,﻿mission,﻿Navajo Mission,English,"﻿attended by several hundred Catholic Indian families, called Papagos, of the Pima tribe",,,,﻿Clear Creek County,﻿Bosque Redondo,﻿Tucson,﻿AZ,,,,,,,,,,,,,,﻿Navajo,,,1865.0,SantaFe
﻿den.co.0019,﻿mission,﻿Navajo Mission,English,"﻿attended by several hundred Catholic Indian families, called Papagos, of the Pima tribe",,,,﻿Clear Creek County,﻿Bosque Redondo,﻿Tucson,﻿AZ,,,,,,,,,,,,,,﻿Navajo,﻿8000 Navajo,,1865.0,SantaFe
﻿den.co.0019,﻿mission,﻿Navajo Mission,English,"﻿attended by several hundred Catholic Indian families, called Papagos, of the Pima tribe",,,,﻿Clear Creek County,﻿Bosque Redondo,﻿Tucson,﻿AZ,,,,,,,,,,,,,,﻿Mescalero Apache,﻿8000 Navajo,,1865.0,SantaFe
﻿den.co.0019,﻿mission,﻿Navajo Mission,English,"﻿attended by several hundred Catholic Indian families, called Papagos, of the Pima tribe",,,,﻿Clear Creek County,﻿Bosque Redondo,﻿Tucson,﻿AZ,,,,,,,,,,,,,,﻿Mescalero Apache,﻿400 Mescalero Apaches,,1865.0,SantaFe
﻿den.co.0019,﻿seminary,﻿Preparatory Seminary of San Francisco,English,"﻿attended by several hundred Catholic Indian families, called Papagos, of the Pima tribe",,,,﻿Clear Creek County,﻿Bosque Redondo,﻿Tucson,﻿AZ,,,,,,,,,,,,,,﻿seminarian,﻿400 Mescalero Apaches,,1865.0,SantaFe
﻿den.co.0019,﻿seminary,﻿Preparatory Seminary of San Francisco,English,"﻿attended by several hundred Catholic Indian families, called Papagos, of the Pima tribe",,,,﻿Clear Creek County,﻿Bosque Redondo,﻿Tucson,﻿AZ,,,,,,,,,,,,,,﻿seminarian,﻿5 seminarians,,1865.0,SantaFe
﻿den.co.0019,﻿college,﻿San Miguel College,English,"﻿attended by several hundred Catholic Indian families, called Papagos, of the Pima tribe",,,,﻿Clear Creek County,﻿Bosque Redondo,﻿Tucson,﻿AZ,,,,,,,,,﻿Brother,﻿Hilarien,,﻿Director,,﻿pupils,﻿5 seminarians,﻿under the direction of six Brothers of the Christian Doctrine,1865.0,SantaFe
﻿den.co.0019,﻿college,﻿San Miguel College,English,"﻿attended by several hundred Catholic Indian families, called Papagos, of the Pima tribe",,,,﻿Clear Creek County,﻿Bosque Redondo,﻿Tucson,﻿AZ,,,,,,,,,,,,,,﻿pupils,﻿130 pupils,﻿under the direction of six Brothers of the Christian Doctrine,1865.0,SantaFe
﻿den.co.0019,﻿college,﻿San Miguel College,English,"﻿attended by several hundred Catholic Indian families, called Papagos, of the Pima tribe",,,,﻿Clear Creek County,﻿Bosque Redondo,﻿Tucson,﻿AZ,,,,,,,,,,,,,,﻿brother,﻿130 pupils,﻿under the direction of six Brothers of the Christian Doctrine,1865.0,SantaFe
﻿den.co.0019,﻿college,﻿San Miguel College,English,"﻿attended by several hundred Catholic Indian families, called Papagos, of the Pima tribe",,,,﻿Clear Creek County,﻿Bosque Redondo,﻿Tucson,﻿AZ,,,,,,,,,,,,,,﻿brother,﻿6 brothers,﻿under the direction of six Brothers of the Christian Doctrine,1865.0,SantaFe
﻿den.co.0019,﻿school,﻿San Miguel College,English,"﻿attended by several hundred Catholic Indian families, called Papagos, of the Pima tribe",,,,﻿Clear Creek County,﻿Santa Fe,﻿Santa Fe,﻿NM,,,,,,,,,,,,,,﻿children,﻿6 brothers,﻿under the direction of six Brothers of the Christian Doctrine,1865.0,SantaFe
﻿den.co.0019,﻿school,﻿San Miguel College,English,"﻿attended by several hundred Catholic Indian families, called Papagos, of the Pima tribe",,,,﻿Clear Creek County,﻿Santa Fe,﻿Santa Fe,﻿NM,,,,,,,,,,,,,,﻿children,﻿500 children,﻿under the direction of six Brothers of the Christian Doctrine,1865.0,SantaFe
﻿den.co.0019,﻿convent,﻿Convent of our Lady of Light,English,"﻿attended by several hundred Catholic Indian families, called Papagos, of the Pima tribe",,,,﻿Clear Creek County,﻿Santa Fe,﻿Santa Fe,﻿NM,,,,,,,,,﻿Mother,﻿Mary Magdalen Hayden,,﻿Superior,,﻿boarder,﻿500 children,﻿under the direction of the Sisters of Loretto,1865.0,SantaFe
﻿den.co.0019,﻿convent,﻿Convent of our Lady of Light,English,"﻿attended by several hundred Catholic Indian families, called Papagos, of the Pima tribe",,,,﻿Clear Creek County,﻿Santa Fe,﻿Santa Fe,﻿NM,,,,,,,,,,,,,,﻿boarder,﻿40 boarders,﻿under the direction of the Sisters of Loretto,1865.0,SantaFe
﻿den.co.0019,﻿convent,﻿Convent of our Lady of Light,English,"﻿attended by several hundred Catholic Indian families, called Papagos, of the Pima tribe",,,,﻿Clear Creek County,﻿Santa Fe,﻿Santa Fe,﻿NM,,,,,,,,,,,,,,﻿extern,﻿40 boarders,﻿under the direction of the Sisters of Loretto,1865.0,SantaFe
﻿den.co.0019,﻿convent,﻿Convent of our Lady of Light,English,"﻿attended by several hundred Catholic Indian families, called Papagos, of the Pima tribe",,,,﻿Clear Creek County,﻿Santa Fe,﻿Santa Fe,﻿NM,,,,,,,,,,,,,,﻿extern,﻿100 externs,﻿under the direction of the Sisters of Loretto,1865.0,SantaFe
﻿den.co.0019,﻿convent,﻿Convent and School of the Sisters of Loretto,English,"﻿attended by several hundred Catholic Indian families, called Papagos, of the Pima tribe",,,,﻿Clear Creek County,﻿Mora,﻿Mora,﻿NM,,,,,,,,,,,,,,﻿pupil,﻿100 externs,﻿under the direction of the Sisters of Loretto,1865.0,SantaFe
﻿den.co.0019,﻿convent,﻿Convent and School of the Sisters of Loretto,English,"﻿attended by several hundred Catholic Indian families, called Papagos, of the Pima tribe",,,,﻿Clear Creek County,﻿Mora,﻿Mora,﻿NM,,,,,,,,,,,,,,﻿pupil,﻿100 pupils,﻿under the direction of the Sisters of Loretto,1865.0,SantaFe
﻿den.co.0054,﻿convent,﻿St. Mary's Convent and Academy,English,,,,,,﻿Denver,﻿Denver,﻿CO,,,,,,,,,,,,,,,,﻿Sisters of Loretto,1865.0,SantaFe
﻿den.co.0054,﻿school,﻿St. Patrick's Boys School,English,,,,,,﻿Central City,﻿Central City,﻿CO,,,,,,,,,,,,,,,,﻿Sisters of Loretto,1865.0,SantaFe
