instID,church_type,instName,language,instNote,placeName,region,county_orig,county_reg,city_orig,city_reg,state_orig,state_reg,latitude,longitude,attendingInstID,attendingChurch,attendingChurchFrequency,attendingChurchNote,persID,persTitle,persName,persSuffix,persRole,persNote,memberType,member,affiliated,year,diocese,diocese_reg
﻿stp.mn.0001,﻿cathedral,﻿Cathedral of St. Paul,English,,,,﻿Ramsey County,﻿Ramsey County,﻿St. Paul,﻿St. Paul,﻿MN,,﻿#REF!,﻿#REF!,,,,,﻿tho_l_grace_001,﻿Right Rev.,﻿Thomas L. Grace,,,,,,,1869,﻿StPaul,StPaul
﻿stp.mn.0001,﻿cathedral,﻿Cathedral of St. Paul,English,,,,﻿,﻿,﻿St. Paul,﻿St. Paul,﻿MN,,﻿#REF!,﻿#REF!,,,,,﻿a_ravoux_001,﻿Very Rev.,﻿A. Ravoux,,,,,,,1869,﻿StPaul,StPaul
﻿stp.mn.0001,﻿cathedral,﻿Cathedral of St. Paul,English,,,,﻿,﻿,﻿St. Paul,﻿St. Paul,﻿MN,,﻿#REF!,﻿#REF!,,,,,﻿joh_ireland_001,﻿Rev.,﻿John Ireland,,﻿Pastor of the Parish,,,,,1869,﻿StPaul,StPaul
﻿stp.mn.0002,﻿church,﻿Assumption Church,﻿German,,,,﻿Ramsey County,﻿Ramsey County,﻿St. Paul,﻿St. Paul,﻿MN,,﻿#REF!,﻿#REF!,,,,,﻿cle_staub_001,﻿Rev.,﻿Clement Staub,﻿O.S.B.,,,,,,1869,﻿StPaul,StPaul
﻿stp.mn.0002,﻿church,﻿Assumption Church,﻿German,,,,﻿,﻿,﻿St. Paul,﻿St. Paul,﻿MN,,﻿#REF!,﻿#REF!,,,,,﻿oth_wirz_001,﻿Rev.,﻿Othman Wirz,﻿O.S.B.,,,,,,1869,﻿StPaul,StPaul
﻿stp.mn.0003,﻿church,﻿St. Mary's Church,English,,,,﻿Ramsey County,﻿Ramsey County,﻿St. Paul,﻿St. Paul,﻿MN,,﻿#REF!,﻿#REF!,,,,,﻿l_caillet_001,﻿Rev.,﻿L. Caillet,,,,,,,1869,﻿StPaul,StPaul
﻿stp.mn.0004,﻿church,﻿St. Louis' Church,﻿French,,,,﻿Ramsey County,﻿Ramsey County,﻿St. Paul,﻿St. Paul,﻿MN,,﻿#REF!,﻿#REF!,,,,,﻿a_schmirer_001,﻿Rev.,﻿A. Schmirer,,,,,,,1869,﻿StPaul,StPaul
﻿stp.mn.0005,﻿chapel,﻿Chapel of St. Joseph,English,,,,﻿Ramsey County,﻿Ramsey County,﻿St. Paul,﻿St. Paul,﻿MN,,﻿#REF!,﻿#REF!,,,,,﻿dem_marogna_001,﻿Rev.,﻿Demetrius Marogna,,,,,,,1869,﻿StPaul,StPaul
﻿stp.mn.0006,﻿church,﻿St. Michael's Church,English,,﻿West St. Paul,,﻿Ramsey County,﻿Ramsey County,﻿St. Paul,﻿St. Paul,﻿MN,,﻿#REF!,﻿#REF!,﻿stp.mn.0001,﻿Attended from the Cathedral,,,,,,,,,,,,1869,﻿StPaul,StPaul
﻿stp.mn.0007,﻿church,﻿St. John's Church,English,,,,,﻿Ramsey County,﻿New-Canada,﻿Little Canada,﻿MN,,﻿#REF!,﻿#REF!,,﻿,,,﻿j_goiffon_001,﻿Rev.,﻿J. Goiffon,,,,,,,1869,﻿StPaul,StPaul
﻿stp.mn.0070,﻿church,﻿Church of St. Anthony of Padua,﻿English,,,,﻿Hennepin County,﻿Hennepin County,﻿St. Anthony,﻿St. Anthony,﻿MN,,﻿#REF!,﻿#REF!,,﻿,,,﻿f_tissot_001,﻿Rev.,﻿F. Tissot,,,,,,,1869,﻿StPaul,StPaul
﻿stp.mn.0071,﻿church,﻿St. Boniface,﻿German,,,,﻿Hennepin County,﻿Hennepin County,﻿St. Anthony,﻿St. Anthony,﻿MN,,﻿#REF!,﻿#REF!,,﻿,,,﻿jos_hilmer_001,﻿Rev.,﻿Joseph Hilmer,,,,,,,1869,﻿StPaul,StPaul
﻿stp.mn.0072,﻿church,not recorded,English,,,,﻿Hennepin County,﻿Hennepin County,﻿Minneapolis,﻿Minneapolis,﻿MN,,﻿#REF!,﻿#REF!,,﻿,,,﻿jam_mcgolrick_001,﻿Rev.,﻿James McGolrick,,,,,,,1869,﻿StPaul,StPaul
﻿stp.mn.0073,﻿church,﻿Church of St. John the Baptist,English,,,,﻿Hennepin County,﻿Hennepin County,﻿Dayton,﻿Dayton,﻿MN,,﻿#REF!,﻿#REF!,,﻿,,,﻿pro_maurer_001,﻿Rev.,﻿Prosper Maurer,,,,,,,1869,﻿StPaul,StPaul
﻿stp.mn.0074,﻿church,﻿Church of St. Walburga,﻿German,,,,﻿Hennepin County,﻿Hennepin County,﻿Corcoran,﻿Corcoran,﻿MN,,﻿#REF!,﻿#REF!,﻿stp.mn.0174,﻿Visited by Rev. J. Koering,,,,,,,,,,,,1869,﻿StPaul,StPaul
﻿stp.mn.0075,﻿church,﻿St. Mary,English,,,,﻿Hennepin County,﻿Hennepin County,﻿Corcoran,﻿Corcoran,﻿MN,,﻿#REF!,﻿#REF!,﻿stp.mn.0073,﻿Visited by Rev. Prosper Maurer,,,,,,,,,,,,1869,﻿StPaul,StPaul
﻿stp.mn.0076,﻿church,﻿Church of St. Louis,English,,,,﻿Hennepin County,﻿Hennepin County,﻿Osseo,﻿Osseo,﻿MN,,﻿#REF!,﻿#REF!,﻿stp.mn.0073,﻿Visited by Rev. Prosper Maurer,,,,,,,,,,,,1869,﻿StPaul,StPaul
﻿stp.mn.0077,﻿church,not recorded,English,,,,﻿Hennepin County,﻿Hennepin County,﻿Crystal Lake,﻿Robbinsdale,﻿MN,,﻿#REF!,﻿#REF!,﻿stp.mn.0073,﻿Visited by Rev. Prosper Maurer,,,,,,,,,,,,1869,﻿StPaul,StPaul
﻿stp.mn.0078,﻿church,﻿Church of Holy Name,English,,,,﻿Hennepin County,﻿Hennepin County,﻿Medina,﻿Medina,﻿MN,,﻿#REF!,﻿#REF!,﻿stp.mn.0070,﻿Visited from St. Anthony,,,,,,,,,,,,1869,﻿StPaul,StPaul
﻿stp.mn.0079,﻿church,﻿SS. Peter and Paul,English,,,,﻿Hennepin County,﻿Hennepin County,,﻿Loretto,﻿MN,,﻿#REF!,﻿#REF!,﻿stp.mn.0070,﻿Visited from St. Anthony,,,,,,,,,,,,1869,﻿StPaul,StPaul
﻿stp.mn.0080,﻿church,not recorded,English,,,,﻿Hennepin County,﻿Hennepin County,﻿St. Boniface,﻿St. Bonifacius,﻿MN,,﻿#REF!,﻿#REF!,﻿stp.mn.0019,"﻿Visited by Rev. F. Stern, of Waconia",,,,,,,,,,,,1869,﻿StPaul,StPaul
﻿stp.mn.0081,﻿station,not recorded,English,,,,﻿Hennepin County,﻿Hennepin County,﻿Maple Grove,﻿Maple Grove,﻿MN,,﻿#REF!,﻿#REF!,﻿stp.mn.0073,﻿Visited by Rev. Prosper Maurer,,,,,,,,,,,,1869,﻿StPaul,StPaul
﻿stp.mn.0082,﻿station,not recorded,English,,,,﻿Hennepin County,﻿Hennepin County,﻿Cahiltown,﻿Edina,﻿MN,,﻿#REF!,﻿#REF!,﻿stp.mn.0072,﻿Visited by Rev. Jas. McGolrick,,,,,,,,,,,,1869,﻿StPaul,StPaul
﻿stp.mn.0008,﻿church,﻿Church of St. Stephen,English,,,,﻿Anoka County,﻿Anoka County,﻿Anoka,﻿Anoka,﻿MN,,﻿#REF!,﻿#REF!,﻿stp.mn.0073,"﻿Visited by Rev. Prosper Maurer, of Dayton",,,,,,,,,,,,1869,﻿StPaul,StPaul
﻿stp.mn.0009,﻿church,﻿Church of St. Genevieve,English,,,,﻿Anoka County,﻿Anoka County,﻿Centreville,﻿Centerville,﻿MN,,﻿#REF!,﻿#REF!,﻿stp.mn.0007,"﻿Visited by Rev. Joseph Goiffon, of Little Canada",,,,,,,,,,,,1869,﻿StPaul,StPaul
﻿stp.mn.0010,﻿station,not recorded,English,,,,﻿Anoka County,﻿Anoka County,﻿St. Francis,﻿St. Francis,﻿MN,,﻿#REF!,﻿#REF!,﻿stp.mn.0073,﻿Visited by Rev. Prosper Maurer,,,,,,,,,,,,1869,﻿StPaul,StPaul
﻿stp.mn.0032,﻿church,﻿Church of Guardian Angels,English,,,,﻿Dakota County,﻿Dakota County,﻿Hastings,﻿Hastings,﻿MN,,﻿#REF!,﻿#REF!,,﻿,,,﻿fra_hurth_001,﻿Rev.,﻿Francis Hurth,,,,,,,1869,﻿StPaul,StPaul
﻿stp.mn.0033,﻿church,﻿Church of St. Peter,English,,,,﻿Dakota County,﻿Dakota County,﻿Mendota,﻿Mendota,﻿MN,,﻿#REF!,﻿#REF!,,﻿,,,﻿c_genis_001,﻿Rev.,﻿C. Genis,,,,,,,1869,﻿StPaul,StPaul
﻿stp.mn.0034,﻿church,﻿Church of St. John,English,,,,﻿Dakota County,﻿Dakota County,﻿Burnsville,﻿Burnsville,﻿MN,,﻿#REF!,﻿#REF!,,﻿,,,﻿a_oster_001,﻿Rev.,﻿A. Oster,,,,,,,1869,﻿StPaul,StPaul
﻿stp.mn.0035,﻿church,﻿Church of the Blessed Virgin,English,,,,﻿Dakota County,﻿Dakota County,﻿New-Treves,﻿New Trier,﻿MN,,﻿#REF!,﻿#REF!,,﻿,,,﻿p_bayer_001,﻿Rev.,﻿P. Bayer,,,,,,,1869,﻿StPaul,StPaul
﻿stp.mn.0036,﻿church,﻿Church of St. Patrick,English,,,,﻿Dakota County,﻿Dakota County,﻿Invergrove,﻿Inver Grove Heights,﻿MN,,﻿#REF!,﻿#REF!,﻿stp.mn.0033,﻿Visited by Rev. C. Genis,,,,,,,,,,,,1869,﻿StPaul,StPaul
﻿stp.mn.0037,﻿church,not recorded,English,,,,﻿Dakota County,﻿Dakota County,﻿Bellwood,﻿Marshan Township,﻿MN,,﻿#REF!,﻿#REF!,﻿stp.mn.0032,﻿Visited by Rev. F. Hurth,,,,,,,,,,,,1869,﻿StPaul,StPaul
﻿stp.mn.0038,﻿church,not recorded,English,,,,﻿Dakota County,﻿Dakota County,﻿Lakeville,﻿Lakeville,﻿MN,,﻿#REF!,﻿#REF!,﻿stp.mn.0034,﻿Visited by Rev. A. Oster,,,,,,,,,,,,1869,﻿StPaul,StPaul
﻿stp.mn.0039,﻿station,not recorded,English,,,,﻿Dakota County,﻿Dakota County,﻿Lewiston,﻿Sciota Township,﻿MN,,﻿#REF!,﻿#REF!,﻿stp.mn.0035,﻿Visited by Rev. P. Bayer,,,,,,,,,,,,1869,﻿StPaul,StPaul
﻿stp.mn.0040,﻿station,not recorded,English,,,,﻿Dakota County,﻿Dakota County,﻿Farmington,﻿Farmington,﻿MN,,﻿#REF!,﻿#REF!,﻿stp.mn.0032,﻿Visited by Rev. F. Hurth,,,,,,,,,,,,1869,﻿StPaul,StPaul
﻿stp.mn.0203,﻿church,﻿Church of St. Michael,English,,,,﻿Washington County,﻿Washington County,﻿Stillwater,﻿Stillwater,﻿MN,,﻿#REF!,﻿#REF!,,﻿,,,﻿tho_murray_001,﻿Rev.,﻿Thomas Murray,,,,,,,1869,﻿StPaul,StPaul
﻿stp.mn.0204,﻿church,﻿St. Mary,﻿German,,,,﻿Washington County,﻿Washington County,﻿Stillwater,﻿Stillwater,﻿MN,,﻿#REF!,﻿#REF!,,﻿,,,﻿wil_lette_001,﻿Rev.,﻿William Lette,,,,,,,1869,﻿StPaul,StPaul
﻿stp.mn.0205,﻿station,not recorded,English,,,,﻿Washington County,﻿Washington County,﻿Oakdale,﻿Oakdale,﻿MN,,﻿#REF!,﻿#REF!,﻿stp.mn.0204,﻿Visited by Rev. William Lette,,,,,,,,,,,,1869,﻿StPaul,StPaul
﻿stp.mn.0206,﻿station,not recorded,English,,,,﻿Washington County,﻿Washington County,﻿Malone,﻿Cottage Grove,﻿MN,,﻿#REF!,﻿#REF!,﻿stp.mn.0203,﻿Visited by Rev. Thomas Murray,,,,,,,,,,,,1869,﻿StPaul,StPaul
﻿stp.mn.0112,﻿station,not recorded,English,,"﻿Chisago, Isanti, Pine, and Kennebec",,,﻿Mille Lacs and Sherburne Counties,﻿Princeton,﻿Princeton,﻿MN,,45.569965,-93.5816278,﻿stp.mn.0073,﻿Visited by Rev. Prosper Maurer,,,,,,,,,,,,1869,﻿StPaul,StPaul
﻿stp.mn.0027,﻿station,not recorded,English,,"﻿Chisago, Isanti, Pine, and Kennebec",,﻿Chisago County,﻿Chisago County,﻿Taylor's Falls,﻿Taylors Falls,﻿MN,,﻿#REF!,﻿#REF!,﻿stp.mn.0203,﻿Visited by Rev. Thomas Murray,,,,,,,,,,,,1869,﻿StPaul,StPaul
﻿stp.mn.0028,﻿station,not recorded,English,,"﻿Chisago, Isanti, Pine, and Kennebec",,﻿Chisago County,﻿Chisago County,﻿Sunrise,﻿Sunrise,﻿MN,,﻿#REF!,﻿#REF!,﻿stp.mn.0203,﻿Visited by Rev. Thomas Murray,,,,,,,,,,,,1869,﻿StPaul,StPaul
﻿stp.mn.0030,﻿station,not recorded,English,,"﻿Chisago, Isanti, Pine, and Kennebec",,﻿Chisago County,﻿Chisago County,﻿Rusheba,﻿Rushseba Township,﻿MN,,﻿#REF!,﻿#REF!,﻿stp.mn.0203,﻿Visited by Rev. Thomas Murray,,,,,,,,,,,,1869,﻿StPaul,StPaul
﻿stp.mn.0149,﻿church,﻿Church of St. Mark,﻿German,,,,﻿Scott County,﻿Scott County,﻿Shakopee,﻿Shakopee,﻿MN,,﻿#REF!,﻿#REF!,,﻿,,,﻿geo_sherer_001,﻿Rev.,﻿George Sherer,﻿O.S.B.,,,,,,1869,﻿StPaul,StPaul
﻿stp.mn.0150,﻿church,﻿St. Mary,English,,,,﻿Scott County,﻿Scott County,﻿Shakopee,﻿Shakopee,﻿MN,,﻿#REF!,﻿#REF!,﻿stp.mn.0034,﻿Visited by Rev. A. Oster  of Burnsville,,,,,,,,,,,,1869,﻿StPaul,StPaul
﻿stp.mn.0151,﻿church,﻿Church of St. Martin,English,,,,﻿Scott County,﻿Scott County,﻿Belle Plaine,﻿Belle Plaine,﻿MN,,﻿#REF!,﻿#REF!,,﻿,,,﻿ale_berghold_001,﻿Rev.,﻿Alex. Berghold,,,,,,,1869,﻿StPaul,StPaul
﻿stp.mn.0153,﻿church,﻿Church of St. Wenceslaus,English,,,,﻿Scott County,﻿Scott County,﻿New Prague,﻿New Prague,﻿MN,,﻿#REF!,﻿#REF!,,﻿,,,﻿hon_povoling_001,﻿Rev.,﻿Honoratus Povoling,,,,,,,1869,﻿StPaul,StPaul
﻿stp.mn.0156,﻿church,﻿Church of Purification of B.V.M.,English,,,,﻿Scott County,﻿Scott County,﻿Marystown,﻿Marystown,﻿MN,,﻿#REF!,﻿#REF!,﻿stp.mn.0149,﻿Visited by Rev. George Sherer,,,,,,,,,,,,1869,﻿StPaul,StPaul
﻿stp.mn.0154,﻿church,﻿Church of Saint Patrick,English,,,,﻿Scott County,﻿Scott County,﻿Cedar Lake,﻿Cedar Lake Township,﻿MN,,﻿#REF!,﻿#REF!,,﻿,,,﻿aug_wirth_001,﻿Rev.,﻿Augustin Wirth,,,,,,,1869,﻿StPaul,StPaul
﻿stp.mn.0155,﻿church,not recorded,English,,,,﻿Scott County,﻿Scott County,﻿Jordan,﻿Jordan,﻿MN,,﻿#REF!,﻿#REF!,﻿stp.mn.0151,﻿Visited by Rev. A. Berghold,,,,,,,,,,,,1869,﻿StPaul,StPaul
﻿stp.mn.0157,﻿church,not recorded,English,,,,﻿Scott County,﻿Scott County,﻿Clary Settlement,﻿Shakopee,,,﻿#REF!,﻿#REF!,﻿stp.mn.0034,﻿Visited by Rev. A. Oster,,,,,,,,,,,,1869,﻿StPaul,StPaul
﻿stp.mn.0158,﻿church,﻿Church of St. Nicholas,English,,,,﻿Scott County,﻿Scott County,﻿Newmarket,﻿Elko New Market,﻿MN,,﻿#REF!,﻿#REF!,﻿stp.mn.0035,﻿Visited by Rev. P. Bayer,,,,,,,,,,,,1869,﻿StPaul,StPaul
﻿stp.mn.0160,﻿church,﻿Church of St. Catharine,English,,,,﻿Scott County,﻿Scott County,﻿Spring Lake,﻿Spring Lake Township,﻿MN,,﻿#REF!,﻿#REF!,﻿stp.mn.0154,﻿Visited by Rev. Augustin Wirth,,,,,,,,,,,,1869,﻿StPaul,StPaul
﻿stp.mn.0161,﻿church,not recorded,English,,,,﻿Scott County,﻿Scott County,﻿St. Benedict,﻿Helena Township,﻿MN,,﻿#REF!,﻿#REF!,﻿stp.mn.0153,﻿Visited by Rev. H. Povoling,,,,,,,,,,,,1869,﻿StPaul,StPaul
﻿stp.mn.0162,﻿church,not recorded,English,,,,﻿Scott County,﻿Scott County,﻿St. Joseph,﻿Sand Creek Township,﻿MN,,﻿#REF!,﻿#REF!,﻿stp.mn.0151,﻿Visited by Rev. A. Berghold,,,,,,,,,,,,1869,﻿StPaul,StPaul
﻿stp.mn.0163,﻿church,not recorded,English,,,,﻿Scott County,﻿Scott County,﻿St. Scholastica,,,,﻿#REF!,﻿#REF!,﻿stp.mn.0151,﻿Visited by Rev. A. Berghold,,,,,,,,,,,,1869,﻿StPaul,StPaul
﻿stp.mn.0092,﻿church,not recorded,English,,,,﻿Le Sueur County,﻿Le Sueur County,﻿Le Sueur,﻿Le Sueur,﻿MN,,﻿#REF!,﻿#REF!,﻿stp.mn.0164,"﻿Visited by Rev. T. Venn, of Henderson",,,,,,,,,,,,1869,﻿StPaul,StPaul
﻿stp.mn.0093,﻿church,﻿Church of the Nativity,English,,,,﻿Le Sueur County,﻿Le Sueur County,﻿Cleveland,﻿Cleveland,﻿MN,,﻿#REF!,﻿#REF!,﻿stp.mn.0094,"﻿Visited by Rev. P. Maly, of Marysburgh",,,,,,,,,,,,1869,﻿StPaul,StPaul
﻿stp.mn.0094,﻿church,﻿Church of St. Patrick,English,,,,﻿Le Sueur County,﻿Le Sueur County,﻿Marysburgh,﻿Marysburg,﻿MN,,﻿#REF!,﻿#REF!,,,,,﻿p_maly_001,﻿Rev.,﻿P. Maly,,,,,,,1869,﻿StPaul,StPaul
﻿stp.mn.0095,﻿church,not recorded,English,,,,﻿Le Sueur County,﻿Le Sueur County,﻿St. Henry,﻿Sharon Township,﻿MN,,﻿#REF!,﻿#REF!,﻿stp.mn.0094,﻿Visited by Rev. P. Maly,,,,,,,,,,,,1869,﻿StPaul,StPaul
﻿stp.mn.0253,﻿church,not recorded,English,,,,﻿Le Sueur County,﻿Le Sueur County,﻿St. John,,,,﻿#REF!,﻿#REF!,﻿stp.mn.0151,﻿Visited by Rev. A. Berghold,,,,,,,,,,,,1869,﻿StPaul,StPaul
﻿stp.mn.0096,﻿church,not recorded,English,,,,﻿Le Sueur County,﻿Le Sueur County,﻿St. Thomas,﻿Derrynane Township,﻿MN,,﻿#REF!,﻿#REF!,﻿stp.mn.0151,﻿Visited by Rev. A. Berghold,,,,,,,,,,,,1869,﻿StPaul,StPaul
﻿stp.mn.0097,﻿station,not recorded,English,,,,﻿Le Sueur County,﻿Le Sueur County,﻿Kilkenny,﻿Kilkenny,﻿MN,,﻿#REF!,﻿#REF!,﻿stp.mn.0130,"﻿Visited by Rev. A. Seel, of Shieldsville, Rice Co.",,,,,,,,,,,,1869,﻿StPaul,StPaul
﻿stp.mn.0098,﻿station,not recorded,English,,,,﻿Le Sueur County,﻿Le Sueur County,﻿Lexington,﻿Lexington Township,﻿MN,,﻿#REF!,﻿#REF!,﻿stp.mn.0153,﻿Visited by Rev. H. Povoling,,,,,,,,,,,,1869,﻿StPaul,StPaul
﻿stp.mn.0099,﻿station,not recorded,English,,,,﻿Le Sueur County,﻿Le Sueur County,﻿Montgomery,﻿Montgomery,﻿MN,,﻿#REF!,﻿#REF!,﻿stp.mn.0130,﻿Visited by Rev. A. Seel,,,,,,,,,,,,1869,﻿StPaul,StPaul
﻿stp.mn.0100,﻿station,not recorded,English,,,,﻿Le Sueur County,﻿Le Sueur County,﻿Waterville,﻿Waterville,﻿MN,,﻿#REF!,﻿#REF!,﻿stp.mn.0129,"﻿Visited by Rev. Geo. Keller, of Faribault",,,,,,,,,,,,1869,﻿StPaul,StPaul
﻿stp.mn.0019,﻿church,﻿Church of St. Joseph,English,,,,﻿Carver County,﻿Carver County,﻿Waconia,﻿Waconia,﻿MN,,﻿#REF!,﻿#REF!,,﻿,,,﻿f_stern_001,﻿Rev.,﻿F. Stern,,,,,,,1869,﻿StPaul,StPaul
﻿stp.mn.0020,﻿church,﻿Church of Guardian Angels,English,,,,﻿Carver County,﻿Carver County,﻿Chaska,﻿Chaska,﻿MN,,﻿#REF!,﻿#REF!,,﻿,,,﻿m_mayer_001,﻿Rev.,﻿M. Mayer,,,,,,,1869,﻿StPaul,StPaul
﻿stp.mn.0022,﻿church,﻿Church of St. Bernard,English,,,,﻿Carver County,﻿Carver County,﻿Benton,﻿Benton Township,﻿MN,,﻿#REF!,﻿#REF!,﻿stp.mn.0020,﻿Visited by Rev. M. Mayer,,,,,,,,,,,,1869,﻿StPaul,StPaul
﻿stp.mn.0021,﻿church,﻿Church of Immaculate Conception,English,,,,﻿Carver County,﻿Carver County,﻿Watertown,﻿Watertown,﻿MN,,﻿#REF!,﻿#REF!,,﻿,,,﻿c_robert_001,﻿Rev.,﻿C. Robert,,,,,,,1869,﻿StPaul,StPaul
﻿stp.mn.0023,﻿church,﻿Church of St. Hubert,English,,,,﻿Carver County,﻿Carver County,﻿Chanhassan,﻿Chanhassan,﻿MN,,﻿#REF!,﻿#REF!,﻿stp.mn.0020,﻿Visited by Rev. M. Mayer,,,,,,,,,,,,1869,﻿StPaul,StPaul
﻿stp.mn.0024,﻿church,﻿Church of St. Victoria,English,,,,﻿Carver County,﻿Carver County,﻿Laketown,﻿Laketown Township,﻿MN,,﻿#REF!,﻿#REF!,﻿stp.mn.0020,﻿Visited by Rev. M. Mayer,,,,,,,,,,,,1869,﻿StPaul,StPaul
﻿stp.mn.0025,﻿station,﻿Young America station,English,,,,﻿Carver County,﻿Carver County,,﻿Norwood Young American,﻿MN,,﻿#REF!,﻿#REF!,﻿stp.mn.0019,﻿Visited by Rev. F. Stern,,,,,,,,,,,,1869,﻿StPaul,StPaul
﻿stp.mn.0254,﻿station,﻿San Francisco station,English,,,,﻿Carver County,,﻿San Francisco,,,,﻿#REF!,﻿#REF!,﻿stp.mn.0020,﻿Visited by Rev. M. Mayer,,,,,,,,,,,,1869,﻿StPaul,StPaul
﻿stp.mn.0108,﻿church,﻿Church of St. Peter and Paul,English,,,,﻿McLeod County,﻿McLeod County,﻿Glencoe,﻿Glencoe,﻿MN,,﻿#REF!,﻿#REF!,﻿stp.mn.0019,﻿Visited by Rev. F. Stern,,,,,,,,,,,,1869,﻿StPaul,StPaul
﻿stp.mn.0109,﻿station,not recorded,English,,,,﻿McLeod County,﻿McLeod County,﻿Winsted,﻿Winsted,﻿MN,,﻿#REF!,﻿#REF!,﻿stp.mn.0021,﻿Visited by Rev. C. Robert,,,,,,,,,,,,1869,﻿StPaul,StPaul
﻿stp.mn.0110,﻿station,not recorded,English,,,,﻿McLeod County,﻿McLeod County,﻿Hutchinson,﻿Hutchinson,﻿MN,,﻿#REF!,﻿#REF!,﻿stp.mn.0021,﻿Visited by Rev. C. Robert,,,,,,,,,,,,1869,﻿StPaul,StPaul
﻿stp.mn.0111,﻿station,not recorded,English,,,,﻿McLeod County,﻿McLeod County,﻿Fremont,﻿Silver Lake,﻿MN,,﻿#REF!,﻿#REF!,﻿stp.mn.0019,﻿Visited by Rev. F. Stern,,,,,,,,,,,,1869,﻿StPaul,StPaul
﻿stp.mn.0164,﻿church,﻿Church of St. Thomas,English,,,,﻿Sibley County,﻿Sibley County,﻿Jessenland,﻿Jessenland Township,﻿MN,,﻿#REF!,﻿#REF!,,﻿,,,﻿the_venn_001,﻿Rev.,﻿Theodore Venn,,,,,,,1869,﻿StPaul,StPaul
﻿stp.mn.0166,﻿church,﻿Church of St. Joseph,English,,,,﻿Sibley County,﻿Sibley County,﻿Henderson,﻿Henderson,﻿MN,,﻿#REF!,﻿#REF!,﻿stp.mn.0164,﻿Vistied by Rev. Theodore Venn,,,,,,,,,,,,1869,﻿StPaul,StPaul
﻿stp.mn.0165,﻿church,﻿Church of the Assumption,English,,,,﻿Sibley County,﻿Sibley County,﻿Washington Lake,﻿Washingon Lake Township,﻿MN,,﻿#REF!,﻿#REF!,﻿stp.mn.0164,﻿Visited by Rev. Theodore Venn,,,,,,,,,,,,1869,﻿StPaul,StPaul
﻿stp.mn.0167,﻿church,not recorded,English,,,,﻿Sibley County,﻿Sibley County,﻿St. John's,﻿Belle Plaine,﻿MN,,﻿#REF!,﻿#REF!,﻿stp.mn.0164,﻿Visited by Rev. Theodore Venn,,,,,,,,,,,,1869,﻿StPaul,StPaul
﻿stp.mn.0169,﻿church,not recorded,English,,,,﻿Sibley County,﻿Sibley County,﻿Arlington,﻿Arlington,﻿MN,,﻿#REF!,﻿#REF!,﻿stp.mn.0164,﻿Visited by Rev. T. Venn,,,,,,,,,,,,1869,﻿StPaul,StPaul
﻿stp.mn.0116,﻿church,﻿Church of St. Peter,English,,,,﻿Nicolet County,﻿Nicollet County,﻿St. Peter,﻿St. Peter,﻿MN,,﻿#REF!,﻿#REF!,,﻿,,,﻿j_zuzek_001,﻿Rev.,﻿J. Zuzek,,,,,,,1869,﻿StPaul,StPaul
﻿stp.mn.0117,﻿church,﻿Church of Visitation,English,,,,﻿Nicolet County,﻿Nicollet County,﻿Granby,﻿Granby Township,﻿MN,,﻿#REF!,﻿#REF!,﻿stp.mn.0116,﻿Visited by Rev. J. Zuzek,,,,,,,,,,,,1869,﻿StPaul,StPaul
﻿stp.mn.0118,﻿church,﻿Church of St. Michael,English,,,,﻿Nicolet County,﻿Nicollet County,﻿Belgrade,﻿Belgrade Township,﻿MN,,﻿#REF!,﻿#REF!,﻿stp.mn.0116,﻿Visited by Rev. J. Zuzek,,,,,,,,,,,,1869,﻿StPaul,StPaul
﻿stp.mn.0119,﻿church,﻿Church of St. George,English,,,,﻿Nicolet County,﻿Nicollet County,﻿West-Newton,,﻿MN,,﻿#REF!,﻿#REF!,﻿stp.mn.0017,﻿Visited by Rev. Wm. Kibler,,,,,,,,,,,,1869,﻿StPaul,StPaul
﻿stp.mn.0137,﻿station,not recorded,English,,,,﻿Renville County,﻿Nicollet County,﻿Fort Ridgly,﻿Fort Ridgely,﻿MN,,﻿#REF!,﻿#REF!,﻿stp.mn.0017,﻿Visited by Rev. Wm. Kibler,,,,,,,,,,,,1869,﻿StPaul,StPaul
﻿stp.mn.0012,﻿church,﻿Church of St. Philip,English,,,,﻿Blue Earth County,﻿Blue Earth County,﻿Mankato,﻿Mankato,﻿MN,,﻿#REF!,﻿#REF!,,﻿,,,﻿v_sommereisen_001,﻿Rev.,﻿V. Sommereisen,,,,,,,1869,﻿StPaul,StPaul
﻿stp.mn.0048,﻿church,﻿Church of St. John Baptist,English,,,,﻿Blue Earth County,﻿Faribault County,﻿Minnesota Lake,﻿Minnesota Lake,﻿MN,,43.8409654,-93.831085,﻿stp.mn.0012,﻿Visited by Rev. V. Sommereisen,,,,,,,,,,,,1869,﻿StPaul,StPaul
﻿stp.mn.0013,﻿station,not recorded,English,,﻿Agency,,﻿Blue Earth County,﻿Faribault County,﻿Winnebago,﻿Winnebago,﻿MN,,﻿#REF!,﻿#REF!,﻿stp.mn.0012,﻿Visited by Rev. V. Sommereisen,,,,,,,,,,,,1869,﻿StPaul,StPaul
﻿stp.mn.0014,﻿station,not recorded,English,,,,﻿Blue Earth County,﻿Blue Earth County,﻿Watowan,﻿St. James,﻿MN,,﻿#REF!,﻿#REF!,﻿stp.mn.0012,﻿Visited by Rev. V. Sommereisen,,,,,,,,,,,,1869,﻿StPaul,StPaul
﻿stp.mn.0017,﻿church,﻿Church of the Holy Trinity,English,,,,﻿Brown County,﻿Brown County,﻿New-Ulm,﻿New Ulm,﻿MN,,﻿#REF!,﻿#REF!,,﻿,,,﻿wm_kibler_001,﻿Rev.,﻿Wm. Kibler,,,,,,,1869,﻿StPaul,StPaul
﻿stp.mn.0018,﻿church,﻿Church of St. Lambert,English,,,,﻿Brown County,﻿Brown County,﻿Cottonwood,﻿Cottonwood Township,﻿MN,,﻿#REF!,﻿#REF!,﻿stp.mn.0017,﻿Visited by Rev. Wm. Kibler,,,,,,,,,,,,1869,﻿StPaul,StPaul
﻿stp.mn.0046,﻿church,﻿Church of Our Lady of Mount Carmel,English,,,,﻿Faribault County,﻿Faribault County,﻿Wisner's Grove,﻿Barber Township,﻿MN,,﻿#REF!,﻿#REF!,﻿stp.mn.0012,﻿Visited by Rev. V. Sommereisen,,,,,,,,,,,,1869,﻿StPaul,StPaul
﻿stp.mn.0047,﻿church,﻿Church of SS. Peter and Paul,English,,,,﻿Faribault County,﻿Faribault County,﻿Blue Earth City,﻿Blue Earth,﻿MN,,﻿#REF!,﻿#REF!,﻿stp.mn.0012,﻿Visited by Rev. V. Sommereisen,,,,,,,,,,,,1869,﻿StPaul,StPaul
﻿stp.mn.0101,﻿station,not recorded,English,"﻿New county, scattering stations",,,﻿Martin County,﻿Martin County,,,,,﻿#REF!,﻿#REF!,﻿stp.mn.0012,﻿Visited by Rev. V. Sommereisen,,,,,,,,,,,,1869,﻿StPaul,StPaul
﻿stp.mn.0129,﻿church,﻿Church of the Immaculate Conception,English,,,,﻿Rice County,﻿Rice County,﻿Faribault,﻿Faribault,﻿MN,,﻿#REF!,﻿#REF!,,﻿,,,﻿geo_keller_001,﻿Rev.,﻿Geo. Keller,,,,,,,1869,﻿StPaul,StPaul
﻿stp.mn.0131,﻿church,﻿Church of the Annunciation,English,,,,﻿Rice County,﻿Rice County,﻿Webster,﻿Webster,﻿MN,,﻿#REF!,﻿#REF!,﻿stp.mn.0035,﻿Visited by Rev. P. Bayer,,,,,,,,,,,,1869,﻿StPaul,StPaul
﻿stp.mn.0130,﻿church,﻿Church of St. Patrick,English,,,,﻿Rice County,﻿Rice County,﻿Shieldsville,﻿Shieldsville,﻿MN,,﻿#REF!,﻿#REF!,,﻿,,,﻿a_seel_001,﻿Rev.,﻿A. Seel,,,,,,,1869,﻿StPaul,StPaul
﻿stp.mn.0132,﻿church,﻿Church of St. Louis,English,,,,﻿Rice County,﻿Rice County,﻿Wheatland,﻿Wheatland,﻿MN,,﻿#REF!,﻿#REF!,﻿stp.mn.0130,﻿Visited by Rev. A. Seel,,,,,,,,,,,,1869,﻿StPaul,StPaul
﻿stp.mn.0133,﻿station,not recorded,English,,,,﻿Rice County,﻿Rice County,﻿East-Prairie,,,,﻿#REF!,﻿#REF!,﻿stp.mn.0129,﻿Visited by Rev. Geo. Keller,,,,,,,,,,,,1869,﻿StPaul,StPaul
﻿stp.mn.0134,﻿church,not recorded,English,,,,﻿Rice County,﻿Rice County,﻿Erin,﻿Erin Township,﻿MN,,﻿#REF!,﻿#REF!,﻿stp.mn.0130,﻿Visited by Rev. A. Seel,,,,,,,,,,,,1869,﻿StPaul,StPaul
﻿stp.mn.0135,﻿church,not recorded,English,,,,﻿Rice County,﻿Rice County,﻿Northfield,﻿Northfield,﻿MN,,﻿#REF!,﻿#REF!,﻿stp.mn.0129,﻿Visited by Rev. Geo. Keller,,,,,,,,,,,,1869,﻿StPaul,StPaul
﻿stp.mn.0182,﻿church,﻿Church of the Nativity,English,,,,﻿Waseca County,﻿Waseca County,﻿St. Mary's,﻿St. Mary's,﻿MN,,﻿#REF!,﻿#REF!,,,,,﻿joh_mcdermott_002,﻿Rev.,﻿John McDermott,,,,,,,1869,﻿StPaul,StPaul
﻿stp.mn.0183,﻿station,not recorded,English,,,,﻿Waseca County,﻿Waseca County,﻿Bloomington,﻿Blooming Grove Township maybe?,﻿MN,,﻿#REF!,﻿#REF!,﻿stp.mn.0182,﻿Visited by Rev. J. McDermott,,,,,,,,,,,,1869,﻿StPaul,StPaul
﻿stp.mn.0184,﻿station,not recorded,English,,,,﻿Waseca County,﻿Waseca County,﻿Okoman,﻿Janesville Township,﻿MN,,﻿#REF!,﻿#REF!,﻿stp.mn.0182,﻿Visited by Rev. J. McDermott,,,,,,,,,,,,1869,﻿StPaul,StPaul
﻿stp.mn.0185,﻿station,not recorded,English,,,,﻿Waseca County,﻿Waseca County,﻿Janesville,﻿Janesville Township,﻿MN,,﻿#REF!,﻿#REF!,﻿stp.mn.0182,﻿Visited by Rev. J. McDermott,,,,,,,,,,,,1869,﻿StPaul,StPaul
﻿stp.mn.0147,﻿station,not recorded,English,,,,﻿Steele County,﻿Steele County,﻿Owatonna,﻿Owatonna,﻿MN,,﻿#REF!,﻿#REF!,﻿stp.mn.0129,﻿Visited by Rev. Geo. Keller,,,,,,,,,,,,1869,﻿StPaul,StPaul
﻿stp.mn.0148,﻿station,not recorded,English,,,,﻿Steele County,﻿Steele County,﻿Juno or Mulloy Settlement,﻿Blooming Prairie,﻿MN,,﻿#REF!,﻿#REF!,﻿stp.mn.0129,﻿Visited by Rev. Geo. Keller,,,,,,,,,,,,1869,﻿StPaul,StPaul
﻿stp.mn.0041,﻿church,not recorded,English,﻿church in course of erection,,,﻿Dodge County,﻿Dodge County,﻿Mantorville,﻿Mantorville,﻿MN,,﻿#REF!,﻿#REF!,﻿stp.mn.0120,﻿Visited by Rev. Thomas O'Gorman,,,,,,,,,,,,1869,﻿StPaul,StPaul
﻿stp.mn.0042,﻿station,not recorded,English,,,,﻿Dodge County,﻿Dodge County,﻿Rice Lake,,﻿MN,,﻿#REF!,﻿#REF!,﻿stp.mn.0129,﻿Visited by Rev. Geo. Keller,,,,,,,,,,,,1869,﻿StPaul,StPaul
﻿stp.mn.0102,﻿church,﻿Church of St. Augustin,English,,,,﻿Mower County,﻿Mower County,﻿Austin,﻿Austin,﻿MN,,﻿#REF!,﻿#REF!,﻿stp.mn.0182,﻿Visited by Rev. J. McDermott,,,,,,,,,,,,1869,﻿StPaul,StPaul
﻿stp.mn.0103,﻿station,not recorded,English,,,,﻿Mower County,﻿Mower County,﻿Adamstown,﻿Adams,﻿MN,,﻿#REF!,﻿#REF!,﻿stp.mn.0182,﻿Visited by Rev. John McDermott,,,,,,,,,,,,1869,﻿StPaul,StPaul
﻿stp.mn.0057,﻿church,not recorded,English,,,,﻿Freeborn County,﻿Freeborn County,﻿Albert Lee,﻿Albert Lea,﻿MN,,﻿#REF!,﻿#REF!,﻿stp.mn.0182,﻿Visited by Rev. John McDermott,,,,,,,,,,,,1869,﻿StPaul,StPaul
﻿stp.mn.0059,﻿station,not recorded,English,,,,﻿Freeborn County,﻿Steele County,﻿Beaver Lake,﻿Berlin Township,﻿MN,,﻿#REF!,﻿#REF!,﻿stp.mn.0182,﻿Visited by Rev. John McDermott,,,,,,,,,,,,1869,﻿StPaul,StPaul
﻿stp.mn.0058,﻿church,not recorded,English,,,,﻿Freeborn County,﻿Freeborn County,﻿Geneva,﻿Geneva,﻿MN,,﻿#REF!,﻿#REF!,﻿stp.mn.0182,﻿Visited by Rev. John McDermott,,,,,,,,,,,,1869,﻿StPaul,StPaul
﻿stp.mn.0060,﻿station,not recorded,English,,,,﻿Freeborn County,﻿Freeborn County,﻿Kannavan Settlement,﻿Easton,﻿MN,,﻿#REF!,﻿#REF!,﻿stp.mn.0182,﻿Visited by Rev. John McDermott,,,,,,,,,,,,1869,﻿StPaul,StPaul
﻿stp.mn.0061,﻿station,not recorded,English,,,,﻿Freeborn County,﻿Freeborn County,﻿Twin Lakes,﻿Twin Lakes,﻿MN,,﻿#REF!,﻿#REF!,﻿stp.mn.0182,﻿Visited by Rev. John McDermott,,,,,,,,,,,,1869,﻿StPaul,StPaul
﻿stp.mn.0062,﻿church,﻿Church of St. Joseph,English,,,,﻿Goodhue County,﻿Goodhue County,﻿Redwing,﻿Red Wing,﻿MN,,﻿#REF!,﻿#REF!,,﻿,,,﻿j_knauff_001,﻿Rev.,﻿J. Knauff,,,,,,,1869,﻿StPaul,StPaul
﻿stp.mn.0063,﻿church,﻿Church of St. Columbkill,English,,,,﻿Goodhue County,﻿Goodhue County,﻿Belle Creek,﻿Belle Creek Township,﻿MN,,﻿#REF!,﻿#REF!,﻿stp.mn.0062,﻿Visited by Rev. J. Knauff,,,,,,,,,,,,1869,﻿StPaul,StPaul
﻿stp.mn.0064,﻿church,﻿Church of Blessed Virgin,English,,,,﻿Goodhue County,﻿Goodhue County,﻿Belvidere,﻿Belvidere Township,﻿MN,,﻿#REF!,﻿#REF!,﻿stp.mn.0062,﻿Visited by Rev. J.S. Knauff,,,,,,,,,,,,1869,﻿StPaul,StPaul
﻿stp.mn.0065,﻿station,not recorded,English,,,,﻿Goodhue County,﻿Goodhue County,﻿Chered Grove,﻿Cherry Grove Township,﻿MN,,﻿#REF!,﻿#REF!,﻿stp.mn.0062,﻿Visited by Rev. J. Knauff,,,,,,,,,,,,1869,﻿StPaul,StPaul
﻿stp.mn.0066,﻿station,not recorded,English,,,,﻿Goodhue County,﻿Goodhue County,﻿Frontenac,﻿Frontenac,﻿MN,,﻿#REF!,﻿#REF!,﻿stp.mn.0062,﻿Visited by Rev. J. Knauff,,,,,,,,,,,,1869,﻿StPaul,StPaul
﻿stp.mn.0067,﻿station,not recorded,English,,,,﻿Goodhue County,﻿Wabasha County,﻿Mazeppa,﻿Mazeppa,﻿MN,,﻿#REF!,﻿#REF!,﻿stp.mn.0062,﻿Visited by Rev. J. Knauff,,,,,,,,,,,,1869,﻿StPaul,StPaul
﻿stp.mn.0068,﻿station,not recorded,English,,,,﻿Goodhue County,﻿Goodhue County,﻿Hay Creek,﻿Hay Creek Township,﻿MN,,﻿#REF!,﻿#REF!,﻿stp.mn.0062,﻿Visited by Rev. J. Knauff,,,,,,,,,,,,1869,﻿StPaul,StPaul
﻿stp.mn.0069,﻿church,﻿Church of St. Pius V.,English,,,,﻿Goodhue County,﻿Goodhue County,﻿Cannon Falls,﻿Cannon Falls,﻿MN,,﻿#REF!,﻿#REF!,﻿stp.mn.0035,﻿Visited by Rev. P. Bayer,,,,,,,,,,,,1869,﻿StPaul,StPaul
﻿stp.mn.0186,﻿church,﻿Church of St. Felix,English,,,,﻿Wabasha County,﻿Wabasha County,﻿Wabasha,﻿Wabasha,﻿MN,,﻿#REF!,﻿#REF!,,﻿,,,﻿jas_trobec_001,﻿Rev.,﻿Jas. Trobec,,,,,,,1869,﻿StPaul,StPaul
﻿stp.mn.0187,﻿church,not recorded,English,,,,﻿Wabasha County,﻿Wabasha County,﻿Lake City,﻿Lake City,﻿MN,,﻿#REF!,﻿#REF!,﻿stp.mn.0188,﻿Visited by Rev. Francis Toplak,,,,,,,,,,,,1869,﻿StPaul,StPaul
﻿stp.mn.0188,﻿church,not recorded,English,,,,﻿Wabasha County,﻿Wabasha County,﻿West-Albany,﻿West Albany,﻿MN,,﻿#REF!,﻿#REF!,,,,,﻿fra_toplak_001,﻿Rev.,﻿Francis Toplak,,,,,,,1869,﻿StPaul,StPaul
﻿stp.mn.0189,﻿church,not recorded,English,,,,﻿Wabasha County,﻿Wabasha County,﻿Highland,﻿Highland Township,﻿MN,,﻿#REF!,﻿#REF!,﻿stp.mn.0186,﻿Visited by Rev. Jas. Trobec,,,,,,,,,,,,1869,﻿StPaul,StPaul
﻿stp.mn.0190,﻿church,not recorded,English,,,,﻿Wabasha County,﻿Wabasha County,﻿Pell,﻿Oakwood Township,﻿MN,,﻿#REF!,﻿#REF!,﻿stp.mn.0186,﻿Visited by Rev. Jas. Trobec,,,,,,,,,,,,1869,﻿StPaul,StPaul
﻿stp.mn.0191,﻿station,not recorded,English,,,,﻿Wabasha County,﻿Wabasha County,﻿Minneiska,﻿Minneiska,﻿MN,,﻿#REF!,﻿#REF!,﻿stp.mn.0188,﻿Visited by Rev. Francis Toplak,,,,,,,,,,,,1869,﻿StPaul,StPaul
﻿stp.mn.0192,﻿station,not recorded,English,,,,﻿Wabasha County,﻿Wabasha County,﻿Snake Creek,﻿Snake Creek,﻿MN,,﻿#REF!,﻿#REF!,﻿stp.mn.0186,﻿Visited by Rev. Jas. Trobec,,,,,,,,,,,,1869,﻿StPaul,StPaul
﻿stp.mn.0193,﻿station,not recorded,English,,,,﻿Wabasha County,﻿Wabasha County,﻿Sand Prairie,﻿Kellogg,,,﻿#REF!,﻿#REF!,﻿stp.mn.0186,﻿Visited by Rev. Jas. Trobec,,,,,,,,,,,,1869,﻿StPaul,StPaul
﻿stp.mn.0194,﻿station,not recorded,English,,,,﻿Wabasha County,﻿Wabasha County,﻿Plainview,﻿Plainview Township,﻿MN,,﻿#REF!,﻿#REF!,﻿stp.mn.0186,﻿Visited by Rev. Jas. Trobec,,,,,,,,,,,,1869,﻿StPaul,StPaul
﻿stp.mn.0195,﻿station,not recorded,English,,,,﻿Wabasha County,﻿Wabasha County,﻿Backer's Settlement,,,,﻿#REF!,﻿#REF!,﻿stp.mn.0186,﻿Visited by Rev. Jas. Trobec,,,,,,,,,,,,1869,﻿StPaul,StPaul
﻿stp.mn.0196,﻿church,﻿Church of St. Joseph,﻿German,,,,﻿Winona County,﻿Winona County,﻿Winona,﻿Winona,﻿MN,,﻿#REF!,﻿#REF!,,﻿,,,﻿a_plut_001,﻿Rev.,﻿A. Plut,,,,,,,1869,﻿StPaul,StPaul
﻿stp.mn.0197,﻿church,﻿Church of St. Thomas,﻿English,,,,﻿Winona County,﻿Winona County,﻿Winona,﻿Winona,﻿MN,,﻿#REF!,﻿#REF!,,﻿,,,﻿a_plut_001,﻿Rev.,﻿A. Plut,,,,,,,1869,﻿StPaul,StPaul
﻿stp.mn.0255,﻿station,not recorded,English,,,,﻿Winona County,,﻿Rollingstone,,,,﻿#REF!,﻿#REF!,﻿stp.mn.0196,﻿Visited by Rev. A. Plut,,﻿Went with first one,,,,,,,,,,1869,﻿StPaul,StPaul
﻿stp.mn.0199,﻿station,not recorded,English,,,,﻿Winona County,﻿Winona County,﻿Hart,﻿Hart Township,﻿MN,,﻿#REF!,﻿#REF!,﻿stp.mn.0196,﻿Visited by Rev. A. Plut,,﻿Went with first one.,,,,,,,,,,1869,﻿StPaul,StPaul
﻿stp.mn.0200,﻿church,not recorded,English,,,,﻿Winona County,﻿Winona County,﻿St. Charles,﻿St. Charles,﻿MN,,﻿#REF!,﻿#REF!,﻿stp.mn.0196,﻿Visited by Rev. A. Plut,,﻿Went with first one.,,,,,,,,,,1869,﻿StPaul,StPaul
﻿stp.mn.0201,﻿station,not recorded,English,,,,﻿Winona County,﻿Winona County,﻿Elba,﻿Elba,﻿MN,,﻿#REF!,﻿#REF!,﻿stp.mn.0196,﻿Visited by Rev. A. Plut,,﻿Went with first one.,,,,,,,,,,1869,﻿StPaul,StPaul
﻿stp.mn.0120,﻿church,not recorded,English,﻿church in course of erection,,,﻿Olmstead County,﻿Olmstead County,﻿Rochester,﻿Rochester,﻿MN,,﻿#REF!,﻿#REF!,,﻿,,,﻿tho_ogorman_001,﻿Rev.,﻿Thomas O'Gorman,,,,,,,1869,﻿StPaul,StPaul
﻿stp.mn.0121,﻿church,﻿Church of St. Bridget,English,,,,﻿Olmstead County,﻿Olmstead County,﻿Pleasant Grove,﻿Pleasant Grove,﻿MN,,﻿#REF!,﻿#REF!,﻿stp.mn.0120,﻿Visited by Rev. Thomas O'Gorman,,,,,,,,,,,,1869,﻿StPaul,StPaul
﻿stp.mn.0122,﻿station,not recorded,English,,,,﻿Olmstead County,﻿Olmstead County,﻿Marion,﻿Marion,﻿MN,,﻿#REF!,﻿#REF!,﻿stp.mn.0120,﻿Visited by Rev. Thomas O'Gorman,,,,,,,,,,,,1869,﻿StPaul,StPaul
﻿stp.mn.0123,﻿station,not recorded,English,,,,﻿Olmstead County,﻿Olmstead County,﻿Salem,﻿Salem Township,﻿MN,,﻿#REF!,﻿#REF!,﻿stp.mn.0120,﻿Visited by Rev. Thomas O'Gorman,,,,,,,,,,,,1869,﻿StPaul,StPaul
﻿stp.mn.0124,﻿station,not recorded,English,,,,﻿Olmstead County,﻿Olmstead County,﻿Haverhill,﻿Haverhill Township,﻿MN,,﻿#REF!,﻿#REF!,﻿stp.mn.0120,﻿Visited by Rev. Thomas O'Gorman,,,,,,,,,,,,1869,﻿StPaul,StPaul
﻿stp.mn.0125,﻿station,not recorded,English,,,,﻿Olmstead County,﻿Olmstead County,﻿New-Haven,﻿New Haven Township,﻿MN,,﻿#REF!,﻿#REF!,﻿stp.mn.0120,﻿Visited by Rev. Thomas O'Gorman,,,,,,,,,,,,1869,﻿StPaul,StPaul
﻿stp.mn.0049,﻿church,not recorded,English,﻿Church in course of erection,,,﻿Fillmore County,﻿Fillmore County,﻿Preston,﻿Preston,﻿MN,,﻿#REF!,﻿#REF!,,﻿,,,﻿jas_halton_001,﻿Rev.,﻿Jas. Halton,,,,,,,1869,﻿StPaul,StPaul
﻿stp.mn.0050,﻿church,not recorded,English,,,,﻿Fillmore County,﻿Fillmore County,﻿Chatfield,﻿Chatfield,﻿MN,,﻿#REF!,﻿#REF!,﻿stp.mn.0049,﻿Visited by Rev. Jas. Halton,,,,,,,,,,,,1869,﻿StPaul,StPaul
﻿stp.mn.0051,﻿church,not recorded,English,,,,﻿Fillmore County,﻿Fillmore County,﻿Forestville,﻿Forestville Township,﻿MN,,﻿#REF!,﻿#REF!,﻿stp.mn.0049,﻿Visited by Rev. Jas. Halton,,,,,,,,,,,,1869,﻿StPaul,StPaul
﻿stp.mn.0052,﻿church,not recorded,English,,,,﻿Fillmore County,﻿Fillmore County,﻿Rushford,﻿Rushford,﻿MN,,﻿#REF!,﻿#REF!,﻿stp.mn.0049,﻿Visited by Rev. Jas. Halton,,,,,,,,,,,,1869,﻿StPaul,StPaul
﻿stp.mn.0053,﻿church,not recorded,English,,,,﻿Fillmore County,﻿Fillmore County,﻿Beaver,﻿Beaver Township,﻿MN,,﻿#REF!,﻿#REF!,﻿stp.mn.0049,﻿Visited by Rev. Jas. Halton,,,,,,,,,,,,1869,﻿StPaul,StPaul
﻿stp.mn.0054,﻿church,not recorded,English,,,,﻿Fillmore County,﻿Carlton County,﻿Carlton,﻿Carlton,﻿MN,,﻿#REF!,﻿#REF!,﻿stp.mn.0049,﻿Visited by Rev. Jas. Halton,,,,,,,,,,,,1869,﻿StPaul,StPaul
﻿stp.mn.0055,﻿church,not recorded,English,,,,﻿Fillmore County,﻿Fillmore County,﻿Spring Valley,﻿Spring Valley,﻿MN,,﻿#REF!,﻿#REF!,﻿stp.mn.0049,﻿Visited by Rev. Jas. Halton,,,,,,,,,,,,1869,﻿StPaul,StPaul
﻿stp.mn.0056,﻿church,not recorded,English,,,,﻿Fillmore County,﻿Fillmore County,﻿Newburgh,﻿Newburg,﻿MN,,﻿#REF!,﻿#REF!,﻿stp.mn.0049,﻿Visited by Rev. Jas. Halton,,,,,,,,,,,,1869,﻿StPaul,StPaul
﻿stp.mn.0083,﻿church,﻿Church of St. John Baptist,English,,,,﻿Houston County,﻿Houston County,﻿Caledonia,﻿Caledonia,﻿MN,,﻿#REF!,﻿#REF!,,﻿,,,﻿m_sturenberg_001,﻿Rev.,﻿M. Sturenberg,,,,,,,1869,﻿StPaul,StPaul
﻿stp.mn.0085,﻿church,not recorded,English,,,,﻿Houston County,﻿Houston County,﻿Hokah,﻿Hokah,﻿MN,,﻿#REF!,﻿#REF!,﻿stp.mn.0084,﻿Visited by Rev. F.X. Newbrand,,,,,,,,,,,,1869,﻿StPaul,StPaul
﻿stp.mn.0086,﻿church,﻿Church of Crucifixion,English,,,,﻿Houston County,﻿Houston County,﻿La Crescent,﻿La Crescent,﻿MN,,﻿#REF!,﻿#REF!,﻿stp.mn.0084,﻿Visited by Rev. F.X. Newbrand,,,,,,,,,,,,1869,﻿StPaul,StPaul
﻿stp.mn.0084,﻿church,not recorded,English,,,,﻿Houston County,﻿Houston County,﻿Brownsville,﻿Brownsville,﻿MN,,﻿#REF!,﻿#REF!,,﻿,,,﻿fx_newbrand_001,﻿Rev.,﻿F.X. Newbrand,,,,,,,1869,﻿StPaul,StPaul
﻿stp.mn.0087,﻿station,not recorded,English,,,,﻿Houston County,﻿Houston County,﻿Riceford,﻿Riceford,﻿MN,,﻿#REF!,﻿#REF!,﻿stp.mn.0084,﻿Visited by Rev. F.X. Newbrand,,,,,,,,,,,,1869,﻿StPaul,StPaul
﻿stp.mn.0088,﻿station,not recorded,English,,,,﻿Houston County,﻿Houston County,﻿Jefferson,﻿Jefferson,﻿MN,,﻿#REF!,﻿#REF!,﻿stp.mn.0083,﻿Visited by Rev. M. Sturenberg,,,,,,,,,,,,1869,﻿StPaul,StPaul
﻿stp.mn.0089,﻿station,not recorded,English,,,,﻿Houston County,﻿Houston County,﻿Freeburgh,﻿Freeburg,﻿MN,,﻿#REF!,﻿#REF!,﻿stp.mn.0083,﻿Visited by Rev. M. Sturenberg,,,,,,,,,,,,1869,﻿StPaul,StPaul
﻿stp.mn.0090,﻿station,not recorded,English,,,,﻿Houston County,﻿Houston County,﻿Houston,﻿Houston,﻿MN,,﻿#REF!,﻿#REF!,﻿stp.mn.0083,﻿Visited by Rev. M. Sturenberg,,,,,,,,,,,,1869,﻿StPaul,StPaul
﻿stp.mn.0174,﻿church,not recorded,English,,,,﻿Wright County,﻿Wright County,﻿Frankfort,﻿Frankfort Township,﻿MN,,﻿#REF!,﻿#REF!,,﻿,,,﻿g_koering_001,﻿Rev.,﻿G. Koering,,,,,,,1869,﻿StPaul,StPaul
﻿stp.mn.0175,﻿church,not recorded,English,,,,﻿Wright County,﻿Wright County,﻿Pelican Lake,﻿Pelican Lake,﻿MN,,﻿#REF!,﻿#REF!,﻿stp.mn.0174,﻿Visited by Rev. G. Koering,,,,,,,,,,,,1869,﻿StPaul,StPaul
﻿stp.mn.0176,﻿church,not recorded,English,,,,﻿Wright County,﻿Wright County,﻿Franklin,﻿Franklin Township,﻿MN,,﻿#REF!,﻿#REF!,﻿stp.mn.0174,﻿Visited by Rev. G. Koering,,,,,,,,,,,,1869,﻿StPaul,StPaul
﻿stp.mn.0177,﻿church,not recorded,English,,,,﻿Wright County,﻿Wright County,﻿Waverly,﻿Waverly,﻿MN,,﻿#REF!,﻿#REF!,,﻿,,,﻿c_robert_001,﻿Rev.,﻿C. Robert,,,,,,,1869,﻿StPaul,StPaul
﻿stp.mn.0178,﻿station,not recorded,English,,,,﻿Wright County,﻿Wright County,﻿French Lake,﻿French Lake,﻿MN,,﻿#REF!,﻿#REF!,﻿stp.mn.0021,﻿Visited by Rev. C. Robert,,,,,,,,,,,,1869,﻿StPaul,StPaul
﻿stp.mn.0179,﻿church,not recorded,English,,,,﻿Wright County,﻿Wright County,﻿Maple Lake,﻿Maple Lake,﻿MN,,﻿#REF!,﻿#REF!,﻿stp.mn.0174,﻿Visited by Rev. G. Koering,,,,,,,,,,,,1869,﻿StPaul,StPaul
﻿stp.mn.0180,﻿station,not recorded,English,,,,﻿Wright County,﻿Wright County,﻿Monticello,﻿Monticello,﻿MN,,﻿#REF!,﻿#REF!,﻿stp.mn.0174,﻿Visited by Rev. G. Koering,,,,,,,,,,,,1869,﻿StPaul,StPaul
﻿stp.mn.0181,﻿station,not recorded,English,,,,﻿Wright County,﻿Wright County,﻿Rockford,﻿Rockford,﻿MN,,﻿#REF!,﻿#REF!,﻿stp.mn.0174,﻿Visited by Rev. G. Koering,,,,,,,,,,,,1869,﻿StPaul,StPaul
﻿stp.mn.0138,﻿church,﻿Church of Immaculate Conception,English,,,,﻿Stearns County,﻿Stearns County,﻿St. Cloud,﻿St. Cloud,﻿MN,,﻿#REF!,﻿#REF!,,﻿,,,﻿m_stuckinkemper_001,﻿Rev.,﻿M. Stuckinkemper,﻿O.S.B.,,,,,,1869,﻿StPaul,StPaul
﻿stp.mn.0138,﻿church,﻿Church of Immaculate Conception,English,,,,﻿Stearns County,﻿Stearns County,﻿St. Cloud,﻿St. Cloud,﻿MN,,﻿#REF!,﻿#REF!,,﻿,,,﻿jos_vill_001,﻿Rev.,﻿Joseph Vill,﻿O.S.B.,,,,,,1869,﻿StPaul,StPaul
﻿stp.mn.0139,﻿church,﻿Church of SS. Peter and Paul,English,,,,﻿Stearns County,﻿Stearns County,﻿Richmond,﻿Richmond,﻿MN,,﻿#REF!,﻿#REF!,,﻿,,,﻿a_casper_001,﻿Rev.,﻿A. Casper,﻿O.S.B.,,,,,,1869,﻿StPaul,StPaul
﻿stp.mn.0139,﻿church,﻿Church of SS. Peter and Paul,English,,,,﻿Stearns County,﻿Stearns County,﻿Richmond,﻿Richmond,﻿MN,,﻿#REF!,﻿#REF!,,﻿,,,﻿a_fraudendorfer_001,﻿Rev.,﻿A. Fraudendorfer,﻿O.S.B.,,﻿Clinton P.O.,,,,1869,﻿StPaul,StPaul
﻿stp.mn.0140,﻿church,﻿Church of St. Joseph,English,,,,﻿Stearns County,﻿Stearns County,﻿St. Joseph,﻿St. Joseph,﻿MN,,﻿#REF!,﻿#REF!,,﻿,,,﻿c_wittman_001,﻿Rev.,﻿C. Wittman,﻿O.S.P.,,﻿Clinton P.O.,,,,1869,﻿StPaul,StPaul
﻿stp.mn.0141,﻿church,﻿Church of SS. Peter and Paul,English,,,,﻿Stearns County,﻿Stearns County,﻿New-Munich,﻿New Munich,﻿MN,,﻿#REF!,﻿#REF!,﻿stp.mn.0139,﻿Visited from Richmond,,,,,,,,,,,,1869,﻿StPaul,StPaul
﻿stp.mn.0142,﻿church,﻿Church of St. James,English,,,,﻿Stearns County,﻿Stearns County,﻿Wakefield,﻿Wakefield,﻿MN,,﻿#REF!,﻿#REF!,﻿stp.mn.0139,﻿Visited from Richmond,,,,,,,,,,,,1869,﻿StPaul,StPaul
﻿stp.mn.0143,﻿church,not recorded,English,,,,﻿Stearns County,﻿Stearns County,﻿Sauk Centre,﻿Sauk Centre,﻿MN,,﻿#REF!,﻿#REF!,,﻿Visited by Rev. A. Burns,,,,,,,,,,,,1869,﻿StPaul,StPaul
﻿stp.mn.0144,﻿church,not recorded,English,,,,﻿Stearns County,﻿Stearns County,﻿St. Rupert,﻿St. Rupert,﻿MN,,﻿#REF!,﻿#REF!,,﻿Visited by Rev. A. Burns,,,,,,,,,,,,1869,﻿StPaul,StPaul
﻿stp.mn.0145,﻿church,not recorded,English,,,,﻿Stearns County,﻿Stearns County,﻿St. Benedict,﻿St. Benedict,﻿MN,,﻿#REF!,﻿#REF!,,﻿Visited by Rev. A. Burns,,,,,,,,,,,,1869,﻿StPaul,StPaul
﻿stp.mn.0105,﻿church,not recorded,English,,,,﻿Meeker County,﻿Meeker County,﻿Forest City,﻿Forest City,﻿MN,,﻿#REF!,﻿#REF!,,﻿Visited by Rev. Augustin Burns,,,,,,,,,,,,1869,﻿StPaul,StPaul
﻿stp.mn.0106,﻿station,not recorded,English,,,,﻿Meeker County,﻿Meeker County,﻿Greenleaf,﻿Greenleaf,﻿MN,,﻿#REF!,﻿#REF!,,﻿Visited by Rev. Augustin Burns,,,,,,,,,,,,1869,﻿StPaul,StPaul
﻿stp.mn.0256,﻿station,not recorded,English,"﻿new counties, scattering families",,,"﻿Kandiyohi, Monongalia, Pope, and Douglas",,,,,,﻿#REF!,﻿#REF!,,﻿Visited occasionally by Rev. Augustin Burns,,,,,,,,,,,,1869,﻿StPaul,StPaul
﻿stp.mn.0113,﻿church,not recorded,English,,,,﻿Morrison County,﻿Morrison County,﻿Belle Prairie,﻿Belle Prairie,﻿MN,,﻿#REF!,﻿#REF!,,﻿,,,﻿jos_buh_001,﻿Rev.,﻿Joseph Buh,,,,,,,1869,﻿StPaul,StPaul
﻿stp.mn.0114,﻿church,not recorded,English,,,,﻿Morrison County,﻿Morrison County,﻿Little Falls,﻿Little Falls,﻿MN,,﻿#REF!,﻿#REF!,﻿stp.mn.0113,﻿Visited by Rev. Joseph Buh,,,,,,,,,,,,1869,﻿StPaul,StPaul
﻿stp.mn.0115,﻿church,﻿Church of Holy Cross,English,,,,﻿Morrison County,﻿Morrison County,﻿Two Rivers,﻿Two Rivers,﻿MN,,﻿#REF!,﻿#REF!,﻿stp.mn.0113,﻿Visited by Rev. Joseph Buh,,,,,,,,,,,,1869,﻿StPaul,StPaul
﻿stp.mn.0031,﻿church,﻿Church of St. Francis Xavier,English,,,,﻿Crow Wing County,﻿Crow Wing County,﻿Crow Wing,﻿Crow Wing,﻿MN,,﻿#REF!,﻿#REF!,,﻿,,,﻿t_pierze_001,﻿Rev.,﻿T. Pierze,,,,,,,1869,﻿StPaul,StPaul
﻿stp.mn.0031,﻿church,﻿Church of St. Francis Xavier,English,,,,﻿Crow Wing County,﻿Crow Wing County,﻿Crow Wing,﻿Crow Wing,﻿MN,,﻿#REF!,﻿#REF!,,,,,﻿j_tomazin_001,﻿Rev.,﻿J. Tomazin,,,,,,,1869,﻿StPaul,StPaul
﻿stp.mn.0257,﻿church,not recorded,English,,﻿Fort Abercrombie,,﻿Johnson County,,,,,,﻿#REF!,﻿#REF!,,,,,﻿j_b_genin_001,﻿Rev.,﻿J. B. Genin,﻿O.M.S.,,,,,,1869,﻿StPaul,StPaul
﻿stp.mn.0208,﻿mission,not recorded,English,﻿Indian Mission,,,﻿Itasca County,﻿Itasca County,,,﻿MN,,﻿#REF!,﻿#REF!,﻿stp.mn.0031,﻿Attended to by Rev. Francis Pierz,,,,,,,,,,,,1869,﻿StPaul,StPaul
﻿stp.mn.0208,﻿mission,not recorded,English,﻿Indian Mission,,,﻿Itasca County,﻿Itasca County,,,﻿MN,,﻿#REF!,﻿#REF!,﻿stp.mn.0031,﻿Attended to by Rev. J. Tomazin,,,,,,,,,,,,1869,﻿StPaul,StPaul
﻿stp.mn.0208,﻿mission,not recorded,English,﻿Indian Mission,,,﻿Itasca County,﻿Itasca County,,,﻿MN,,﻿#REF!,﻿#REF!,﻿stp.mn.0113,﻿Attended to by Rev. J. Buh,,,,,,,,,,,,1869,﻿StPaul,StPaul
﻿stp.mn.0210,﻿mission,not recorded,English,﻿Indian Mission,,,﻿Mille Lacs County,﻿Mille Lacs County,,,﻿MN,,﻿#REF!,﻿#REF!,﻿stp.mn.0031,﻿Attended to by Rev. Francis Pierz,,,,,,,,,,,,1869,﻿StPaul,StPaul
﻿stp.mn.0210,﻿mission,not recorded,English,﻿Indian Mission,,,﻿Mille Lacs County,﻿Mille Lacs County,,,﻿MN,,﻿#REF!,﻿#REF!,﻿stp.mn.0031,﻿Attended to by Rev. J. Tomazin,,,,,,,,,,,,1869,﻿StPaul,StPaul
﻿stp.mn.0210,﻿mission,not recorded,English,﻿Indian Mission,,,﻿Mille Lacs County,﻿Mille Lacs County,,,﻿MN,,﻿#REF!,﻿#REF!,﻿stp.mn.0113,﻿Attended to by Rev. J. Buh,,,,,,,,,,,,1869,﻿StPaul,StPaul
﻿stp.mn.0211,﻿mission,not recorded,English,﻿Indian Mission,,,﻿Morrison County,﻿Morrison County,,,﻿MN,,﻿#REF!,﻿#REF!,﻿stp.mn.0031,﻿Attended to by Rev. Francis Pierz,,,,,,,,,,,,1869,﻿StPaul,StPaul
﻿stp.mn.0211,﻿mission,not recorded,English,﻿Indian Mission,,,﻿Morrison County,﻿Morrison County,,,﻿MN,,﻿#REF!,﻿#REF!,﻿stp.mn.0031,﻿Attended to by Rev. J. Tomazin,,,,,,,,,,,,1869,﻿StPaul,StPaul
﻿stp.mn.0211,﻿mission,not recorded,English,﻿Indian Mission,,,﻿Morrison County,﻿Morrison County,,,﻿MN,,﻿#REF!,﻿#REF!,﻿stp.mn.0113,﻿Attended to by Rev. J. Buh,,,,,,,,,,,,1869,﻿StPaul,StPaul
﻿stp.mn.0212,﻿mission,not recorded,English,﻿Indian Mission,,,﻿Todd County,﻿Todd County,,,﻿MN,,﻿#REF!,﻿#REF!,﻿stp.mn.0031,﻿Attended to by Rev. Francis Pierz,,,,,,,,,,,,1869,﻿StPaul,StPaul
﻿stp.mn.0212,﻿mission,not recorded,English,﻿Indian Mission,,,﻿Todd County,﻿Todd County,,,﻿MN,,﻿#REF!,﻿#REF!,﻿stp.mn.0031,﻿Attended to by Rev. J. Tomazin,,,,,,,,,,,,1869,﻿StPaul,StPaul
﻿stp.mn.0212,﻿mission,not recorded,English,﻿Indian Mission,,,﻿Todd County,﻿Todd County,,,﻿MN,,﻿#REF!,﻿#REF!,﻿stp.mn.0113,﻿Attended to by Rev. J. Buh,,,,,,,,,,,,1869,﻿StPaul,StPaul
﻿stp.mn.0213,﻿mission,not recorded,English,﻿Indian Mission,,,﻿Otter Tail County,﻿Otter Tail County,,,﻿MN,,﻿#REF!,﻿#REF!,﻿stp.mn.0031,﻿Attended to by Rev. Francis Pierz,,,,,,,,,,,,1869,﻿StPaul,StPaul
﻿stp.mn.0213,﻿mission,not recorded,English,﻿Indian Mission,,,﻿Otter Tail County,﻿Otter Tail County,,,﻿MN,,﻿#REF!,﻿#REF!,﻿stp.mn.0031,﻿Attended to by Rev. J. Tomazin,,,,,,,,,,,,1869,﻿StPaul,StPaul
﻿stp.mn.0213,﻿mission,not recorded,English,﻿Indian Mission,,,﻿Otter Tail County,﻿Otter Tail County,,,﻿MN,,﻿#REF!,﻿#REF!,﻿stp.mn.0113,﻿Attended to by Rev. J. Buh,,,,,,,,,,,,1869,﻿StPaul,StPaul
﻿stp.mn.0214,﻿mission,not recorded,English,﻿Indian Mission,,,﻿Cass County,﻿Cass County,,,﻿MN,,﻿#REF!,﻿#REF!,﻿stp.mn.0031,﻿Attended to by Rev. Francis Pierz,,,,,,,,,,,,1869,﻿StPaul,StPaul
﻿stp.mn.0214,﻿mission,not recorded,English,﻿Indian Mission,,,﻿Cass County,﻿Cass County,,,﻿MN,,﻿#REF!,﻿#REF!,﻿stp.mn.0031,﻿Attended to by Rev. J. Tomazin,,,,,,,,,,,,1869,﻿StPaul,StPaul
﻿stp.mn.0214,﻿mission,not recorded,English,﻿Indian Mission,,,﻿Cass County,﻿Cass County,,,﻿MN,,﻿#REF!,﻿#REF!,﻿stp.mn.0113,﻿Attended to by Rev. J. Buh,,,,,,,,,,,,1869,﻿StPaul,StPaul
﻿stp.mn.0215,﻿mission,not recorded,English,﻿Indian Mission,,,﻿Polk County,﻿Polk County,,,﻿MN,,﻿#REF!,﻿#REF!,﻿stp.mn.0031,﻿Attended to by Rev. Francis Pierz,,,,,,,,,,,,1869,﻿StPaul,StPaul
﻿stp.mn.0215,﻿mission,not recorded,English,﻿Indian Mission,,,﻿Polk County,﻿Polk County,,,﻿MN,,﻿#REF!,﻿#REF!,﻿stp.mn.0031,﻿Attended to by Rev. J. Tomazin,,,,,,,,,,,,1869,﻿StPaul,StPaul
﻿stp.mn.0215,﻿mission,not recorded,English,﻿Indian Mission,,,﻿Polk County,﻿Polk County,,,﻿MN,,﻿#REF!,﻿#REF!,﻿stp.mn.0113,﻿Attended to by Rev. J. Buh,,,,,,,,,,,,1869,﻿StPaul,StPaul
﻿stp.mn.0216,﻿mission,not recorded,English,﻿Indian Mission,,,﻿Aitken County,﻿Aitkin County,,,﻿MN,,﻿#REF!,﻿#REF!,﻿stp.mn.0031,﻿Attended to by Rev. Francis Pierz,,,,,,,,,,,,1869,﻿StPaul,StPaul
﻿stp.mn.0217,﻿mission,﻿Mission of Half-Breeds and Chippewas,English,﻿Indian Mission,"﻿at Pembina and St. Joseph, Red River of the North",,,﻿Pembina County,,﻿Walhalla,﻿ND,,﻿#REF!,﻿#REF!,,﻿,,,﻿f_richer_001,﻿Rev.,﻿F. Richer,﻿O.M.I.,,,,,,1869,﻿StPaul,StPaul
﻿stp.mn.0217,﻿mission,﻿Mission of Half-Breeds and Chippewas,English,﻿Indian Mission,"﻿at Pembina and St. Joseph, Red River of the North",,,﻿Pembina County,,﻿Walhalla,﻿ND,,﻿#REF!,﻿#REF!,,﻿,,,﻿f_ledue_001,﻿Rev.,﻿F. Ledue,﻿O.M.I.,,,,,,1869,﻿StPaul,StPaul
﻿stp.mn.0218,﻿mission,﻿Mission of Fond du Lac,English,﻿Indian Mission,﻿near Superior City,,,﻿Douglas County,,﻿Superior City,﻿WI,,46.71581695,-92.51326606,﻿lac.wi.0004,"﻿Visited by Rev. John Chebul  of Bayfield, Wisconsin",,,,,,,,,,,,1869,﻿StPaul,StPaul
﻿stp.mn.0219,﻿mission,not recorded,English,﻿Indian Mission,﻿north shore of Lake Superior,,,﻿Cook County,﻿Grand Portage,﻿Grand Portage,﻿MN,,﻿#REF!,﻿#REF!,,﻿Attended by the Jesuit Fathers at Fort William,,,,,,,,,,,,1869,﻿StPaul,StPaul
﻿stp.mn.0220,﻿seminary,not recorded,English,"﻿Preparatory Seminary. The Theological Students of the Diocese are distributed between All-Hallows', Lublin; St. John's College, Minnesota; and St. Vincent's Seminary, Cape Girardeau, Mo.",,,,,﻿St. Paul,﻿St. Paul,﻿MN,,﻿#REF!,﻿#REF!,,,,,,,,,,,,,,1869,﻿StPaul,StPaul
﻿stp.mn.0221,﻿abbey,﻿Abbey of St. Louis on the Lake,English,"﻿the Order of St. Benedict. There are also houses attached to the abbey, at St. Paul's, St. Cloud, Shakopee, St. Joseph, and Richmond.","﻿near St. Cloud, Clinton P.O.",,﻿Stearns County,,,,﻿MN,,﻿#REF!,﻿#REF!,,,,,﻿rup_seidenbush_001,﻿Rt. Rev.,﻿Rupert Seidenbush,﻿O.S.B.,﻿Abbot and Rector of the College,,,﻿15 scholastics,,1869,﻿StPaul,StPaul
﻿stp.mn.0221,﻿abbey,﻿Abbey of St. Louis on the Lake,English,"﻿the Order of St. Benedict. There are also houses attached to the abbey, at St. Paul's, St. Cloud, Shakopee, St. Joseph, and Richmond.","﻿near St. Cloud, Clinton P.O.",,﻿Stearns County,,,,﻿MN,,﻿#REF!,﻿#REF!,,,,,﻿ben_haindl_001,﻿Very Rev.,﻿Benedict Haindl,﻿O.S.B.,"﻿Prior, and Professor of Dogmatic Theology",,,﻿14 lay brothers,,1869,﻿StPaul,StPaul
﻿stp.mn.0221,﻿abbey,﻿Abbey of St. Louis on the Lake,English,"﻿the Order of St. Benedict. There are also houses attached to the abbey, at St. Paul's, St. Cloud, Shakopee, St. Joseph, and Richmond.","﻿near St. Cloud, Clinton P.O.",,﻿Stearns County,,,,﻿MN,,﻿#REF!,﻿#REF!,,,,,﻿wol_norttmann_001,﻿Rev.,﻿Wolfgang Norttmann,﻿O.S.B.,"﻿Vice-Rector, and Professor of Church History, Latin, Greek, Mathematics, Book-keeping, and Music",,,﻿12 lay brothers,,1869,﻿StPaul,StPaul
﻿stp.mn.0221,﻿abbey,﻿Abbey of St. Louis on the Lake,English,"﻿the Order of St. Benedict. There are also houses attached to the abbey, at St. Paul's, St. Cloud, Shakopee, St. Joseph, and Richmond.","﻿near St. Cloud, Clinton P.O.",,﻿Stearns County,,,,﻿MN,,﻿#REF!,﻿#REF!,,,,,﻿ale_edelbrock_001,﻿Rev.,﻿Alexius Edelbrock,﻿O.S.B.,"﻿Professor of Philosophy, Latin, Greek, History, English, and German",,,﻿12 lay brothers,,1869,﻿StPaul,StPaul
﻿stp.mn.0221,﻿abbey,﻿Abbey of St. Louis on the Lake,English,"﻿the Order of St. Benedict. There are also houses attached to the abbey, at St. Paul's, St. Cloud, Shakopee, St. Joseph, and Richmond.","﻿near St. Cloud, Clinton P.O.",,﻿Stearns County,,,,﻿MN,,﻿#REF!,﻿#REF!,,,,,﻿aug_burns_001,﻿Rev.,﻿Augustine Burns,﻿O.S.B.,"﻿Professor of Moral Theology, Christian Doctrine, Rhetoric, English Grammar, and Composition",,,﻿12 lay brothers,,1869,﻿StPaul,StPaul
﻿stp.mn.0221,﻿abbey,﻿Abbey of St. Louis on the Lake,English,"﻿the Order of St. Benedict. There are also houses attached to the abbey, at St. Paul's, St. Cloud, Shakopee, St. Joseph, and Richmond.","﻿near St. Cloud, Clinton P.O.",,﻿Stearns County,,,,﻿MN,,﻿#REF!,﻿#REF!,,,,,﻿val_stimmler_001,﻿Rev.,﻿Valentine Stimmler,﻿O.S.B.,"﻿Chief Disciplinarian, and Professor of Christian Doctrine, and Arithmetic",,,﻿12 lay brothers,,1869,﻿StPaul,StPaul
﻿stp.mn.0221,﻿abbey,﻿Abbey of St. Louis on the Lake,English,"﻿the Order of St. Benedict. There are also houses attached to the abbey, at St. Paul's, St. Cloud, Shakopee, St. Joseph, and Richmond.","﻿near St. Cloud, Clinton P.O.",,﻿Stearns County,,,,﻿MN,,﻿#REF!,﻿#REF!,,,,,﻿and_schifferer_001,﻿Mr.,﻿Andrew Schifferer,,﻿Professor of Drawing,,,﻿12 lay brothers,,1869,﻿StPaul,StPaul
﻿stp.mn.0221,﻿abbey,﻿Abbey of St. Louis on the Lake,English,"﻿the Order of St. Benedict. There are also houses attached to the abbey, at St. Paul's, St. Cloud, Shakopee, St. Joseph, and Richmond.","﻿near St. Cloud, Clinton P.O.",,﻿Stearns County,,,,﻿MN,,﻿#REF!,﻿#REF!,,,,,﻿nic_dreher_001,﻿Mr.,﻿Nicholas Dreher,,﻿Professor of German,,,﻿12 lay brothers,,1869,﻿StPaul,StPaul
﻿stp.mn.0225,"﻿novitiate, academy",not recorded,English,﻿under charge of Sisters of St. Joseph,,,,,﻿St. Paul,,﻿MN,,﻿#REF!,﻿#REF!,,,,,,﻿Sister,﻿Mary Antoinette,,﻿Superior,,,﻿30 sisters,,1869,﻿StPaul,StPaul
﻿stp.mn.0222,﻿convent,﻿St. Mary's Convent,English,,,,,,﻿St. Anthony,﻿St. Anthony,﻿MN,,﻿#REF!,﻿#REF!,,,,,,﻿Sister,﻿Mary Antoinette,,﻿Superior,﻿listed with the Order,,,,1869,﻿StPaul,StPaul
﻿stp.mn.0226,"﻿convent, academy",not recorded,English,﻿under charge of Nuns of St. Benedict,,,﻿Stearns County,,﻿St. Joseph,,﻿MN,,﻿#REF!,﻿#REF!,,,,,,﻿Sister,﻿Willebalda,,﻿Prioress,,﻿nun,﻿Twelve nuns,,1869,﻿StPaul,StPaul
﻿stp.mn.0227,﻿academy,﻿St. Gertrude's Academy,English,﻿under charge of Nuns of St. Benedict,,,,,﻿Shakopee,,,,﻿#REF!,﻿#REF!,,,,,,﻿Sister,﻿Clara,,﻿Prioress,,﻿nun,﻿Six nuns,,1869,﻿StPaul,StPaul
﻿stp.mn.0230,﻿academy,﻿Bethlehem Academy,English,﻿under charge of Sisters of the Third Order of St. Dominic,,,﻿Faribault County,,,,﻿MN,,﻿#REF!,﻿#REF!,,,,,,﻿Sister,﻿Gertrude,,﻿Superior,,,﻿5 sisters,,1869,﻿StPaul,StPaul
﻿stp.mn.0247,﻿academy,not recorded,English,﻿under charge of Sisters of Notre Dame,,,,,﻿Mankato,﻿Mankato,﻿MN,,﻿#REF!,﻿#REF!,,,,,,﻿Sister,﻿Ambrosia,,﻿Superior,,﻿sister,﻿Five sisters,,1869,﻿StPaul,StPaul
﻿stp.mn.0248,﻿academy,﻿Sisters of the Good Shepherd,English,,,,,,,﻿St. Paul,﻿MN,,﻿#REF!,﻿#REF!,,,,,,,,,,,﻿sister,﻿Five sisters,,1869,﻿StPaul,StPaul
﻿stp.mn.0228,﻿college,﻿St. John's College,English,﻿under the direction of the Benedictine Fathers,"﻿in connection with the Abbey of St. Louis on the Lake, Clinton P.O.",,﻿Stearns County,,,,﻿MN,,﻿#REF!,﻿#REF!,,,,,﻿r_seidenbusch_001,﻿Rt. Rev.,﻿R. Seidenbusch,,﻿Superior,,,,,1869,﻿StPaul,StPaul
﻿stp.mn.0229,﻿academy,﻿St. Joseph's Academy,English,﻿Sisters of St. Joseph,,,,,﻿St. Paul,,﻿MN,,﻿#REF!,﻿#REF!,,,,,,,,,,,,﻿80 boarders and day-scholars,,1869,﻿StPaul,StPaul
﻿stp.mn.0230,﻿academy,﻿Bethlehem Academy,English,﻿Sisters of St. Dominic,,,﻿Faribault County,,,,﻿MN,,44.2885979,-93.2723513,,,,,,,,,,,,﻿30 boarders and day-scholars,,1869,﻿StPaul,StPaul
﻿stp.mn.0231,﻿academy,﻿St. Benedict's Academy,English,﻿Sisters of St. Benedict,,,﻿Stearns County,,﻿St. Joseph,﻿St. Joseph,﻿MN,,﻿#REF!,﻿#REF!,,,,,,,,,,,,,,1869,﻿StPaul,StPaul
﻿stp.mn.0232,﻿academy,﻿Academy at Hokah,English,﻿Sisters of Notre Dame,,,﻿Houston County,,,,﻿MN,,﻿#REF!,﻿#REF!,,,,,,,,,,,,,,1869,﻿StPaul,StPaul
﻿stp.mn.0233,﻿school,﻿St. Paul Cathedral School,English,"﻿under direction of the Sisters of St. Joseph, and secular teachers",,,,,﻿St. Paul,﻿St. Paul,﻿MN,,﻿#REF!,﻿#REF!,,,,,,,,,,,,﻿655 scholars,,1869,﻿StPaul,StPaul
﻿stp.mn.0234,﻿school,not recorded,English,"﻿German school, under direction of the Sisters of St. Joseph, and secular teachers",,,,,﻿St. Paul,﻿St. Paul,﻿MN,,﻿#REF!,﻿#REF!,,,,,,,,,,,,﻿500 scholars,,1869,﻿StPaul,StPaul
﻿stp.mn.0237,﻿school,not recorded,English,﻿School under the direction of the Sisters of St. Joseph,,,,,﻿Minneapolis,﻿Minneapolis,﻿MN,,﻿#REF!,﻿#REF!,,,,,,,,,,,,﻿200 scholars,,1869,﻿StPaul,StPaul
﻿stp.mn.0238,﻿school,not recorded,English,﻿School under direction of the Sisters of St. Joseph,,,,,﻿St. Anthony,﻿St. Anthony,﻿MN,,﻿#REF!,﻿#REF!,,,,,,,,,,,,﻿140 scholars,,1869,﻿StPaul,StPaul
﻿stp.mn.0258,﻿school,not recorded,English,﻿German Catholic School,,,,,﻿St. Anthony,,,,﻿#REF!,﻿#REF!,,,,,,,,,,,,﻿60 scholars,,1869,﻿StPaul,StPaul
﻿stp.mn.0239,﻿school,not recorded,English,﻿School under direction of the Sisters of St. Benedict,,,,,﻿Shakopee,﻿Shakopee,﻿MN,,﻿#REF!,﻿#REF!,,,,,,,,,,,,,,1869,﻿StPaul,StPaul
﻿stp.mn.0240,﻿school,not recorded,English,﻿School under direction of the Sisters of Notre Dame,,,,,﻿Mankato,﻿Mankato,﻿MN,,﻿#REF!,﻿#REF!,,,,,,,,,,,,﻿250 scholars,,1869,﻿StPaul,StPaul
﻿stp.mn.0241,﻿school,not recorded,English,"﻿Parochial Schools, under direction of the Sisters of St. Dominic",,,﻿Faribault County,,,,﻿MN,,﻿#REF!,﻿#REF!,,,,,,,,,,,,﻿225 scholars,,1869,﻿StPaul,StPaul
﻿stp.mn.0242,﻿school,not recorded,English,﻿Catholic Schools,,,,,﻿St. Cloud,﻿St. Cloud,﻿MN,,﻿#REF!,﻿#REF!,,,,,,,,,,,,﻿200 scholars,,1869,﻿StPaul,StPaul
﻿stp.mn.0259,﻿school,not recorded,English,﻿School under charge of secular teachers,,,,,﻿Carver,,,,﻿#REF!,﻿#REF!,,,,,,,,,,,,,,1869,﻿StPaul,StPaul
﻿stp.mn.0260,﻿school,not recorded,English,﻿There are Catholic schools attached to nearly all the churches and chapels throughout the diocese.,,,,,,,,,﻿#REF!,﻿#REF!,,,,,,,,,,,,,,1869,﻿StPaul,StPaul
﻿stp.mn.0244,﻿hospital,﻿St. Joseph's Hospital,English,﻿under charge of the Sisters of St. Joseph,,,,,﻿St. Paul,﻿St. Paul,﻿MN,,﻿#REF!,﻿#REF!,,,,,,﻿Sister,﻿Alphonsus,,﻿Superior,,,,,1869,﻿StPaul,StPaul
﻿stp.mn.0244,﻿hospital,﻿St. Joseph's Hospital,English,﻿under charge of the Sisters of St. Joseph,,,,,﻿St. Paul,﻿St. Paul,﻿MN,,﻿#REF!,﻿#REF!,,,,,,﻿Sister,﻿Mary Antoinette,,﻿Superior,﻿listed with the Order,,,,1869,﻿StPaul,StPaul
﻿stp.mn.0245,﻿asylum,﻿St. Joseph's Orphan Asylum,English,﻿under charge of the Sisters of St. Joseph,,,,,﻿St. Paul,﻿St. Paul,﻿MN,,﻿#REF!,﻿#REF!,,,,,,﻿Sister,﻿Mary Antoinette,,﻿Superior,﻿listed with the Order,,﻿72 orphans,,1869,﻿StPaul,StPaul
﻿stp.mn.0261,﻿asylum,﻿House of the Good Shepherd,English,,,,,,﻿St. Paul,,,,﻿#REF!,﻿#REF!,,,,,,,,,,,,,,1869,﻿StPaul,StPaul
﻿stp.mn.0246,﻿asylum,﻿Orphan Asylum,English,﻿under charge of Sisters of St. Benedict,,,,,﻿Shakopee,﻿Shakopee,﻿MN,,﻿#REF!,﻿#REF!,,,,,,,,,,,,,,1869,﻿StPaul,StPaul
﻿stp.mn.0262,﻿asylum,﻿Orphan Asylum,English,﻿under direction of Rev. Geo. Keller,,,﻿Faribault County,,,,,,﻿#REF!,﻿#REF!,,,,,,,,,,,,,,1869,﻿StPaul,StPaul
﻿stp.mn.0263,﻿asylum,﻿Society of St. Vincent,English,﻿two conferences,,,,,﻿St. Paul,,,,﻿#REF!,﻿#REF!,,,,,,,,,,,,,,1869,﻿StPaul,StPaul
﻿stp.mn.0264,﻿asylum,﻿Society of St. Vincent,English,﻿one conference,,,,,﻿St. Anthony,,,,﻿#REF!,﻿#REF!,,,,,,,,,,,,,,1869,﻿StPaul,StPaul
﻿stp.mn.0265,﻿asylum,﻿St. Joseph's Mutual Benevolent Society,English,"﻿attached to German Church, St. Paul.",,,,,,,,,﻿#REF!,﻿#REF!,,,,,,,,,,,,,,1869,﻿StPaul,StPaul
﻿stp.mn.0266,﻿asylum,﻿Young Men's Catholic Literary Association,English,,,,,,﻿St. Paul,,,,﻿#REF!,﻿#REF!,,,,,,,,,,,,,,1869,﻿StPaul,StPaul
﻿stp.mn.0266,﻿asylum,﻿Young Men's Catholic Literary Association,English,,,,,,﻿St. Paul,,,,﻿#REF!,﻿#REF!,,,,,,,,,,,,,,1869,﻿StPaul,StPaul
﻿stp.mn.0266,﻿asylum,﻿Young Men's Catholic Literary Association,English,,,,,,﻿St. Paul,,,,﻿#REF!,﻿#REF!,,,,,,,,,,,,,,1869,﻿StPaul,StPaul
﻿stp.mn.0266,﻿asylum,﻿Young Men's Catholic Literary Association,English,,,,,,﻿St. Paul,,,,﻿#REF!,﻿#REF!,,,,,,,,,,,,,,1869,﻿StPaul,StPaul
﻿stp.mn.0266,﻿asylum,﻿Young Men's Catholic Literary Association,English,,,,,,﻿St. Paul,,,,﻿#REF!,﻿#REF!,,,,,,,,,,,,,,1869,﻿StPaul,StPaul
﻿stp.mn.0266,﻿asylum,﻿Young Men's Catholic Literary Association,English,,,,,,﻿St. Paul,,,,﻿#REF!,﻿#REF!,,,,,,,,,,,,,,1869,﻿StPaul,StPaul
﻿stp.mn.0266,﻿asylum,﻿Young Men's Catholic Literary Association,English,,,,,,﻿St. Paul,,,,﻿#REF!,﻿#REF!,,,,,,,,,,,,,,1869,﻿StPaul,StPaul
﻿stp.mn.0266,﻿asylum,﻿Young Men's Catholic Literary Association,English,,,,,,﻿St. Paul,,,,﻿#REF!,﻿#REF!,,,,,,,,,,,,,,1869,﻿StPaul,StPaul
﻿stp.mn.0266,﻿asylum,﻿Young Men's Catholic Literary Association,English,,,,,,﻿St. Paul,,,,﻿#REF!,﻿#REF!,,,,,,,,,,,,,,1869,﻿StPaul,StPaul
﻿stp.mn.0266,﻿asylum,﻿Young Men's Catholic Literary Association,English,,,,,,﻿St. Paul,,,,﻿#REF!,﻿#REF!,,,,,,,,,,,,,,1869,﻿StPaul,StPaul
﻿stp.mn.0266,﻿asylum,﻿Young Men's Catholic Literary Association,English,,,,,,﻿St. Paul,,,,﻿#REF!,﻿#REF!,,,,,,,,,,,,,,1869,﻿StPaul,StPaul
﻿stp.mn.0266,﻿asylum,﻿Young Men's Catholic Literary Association,English,,,,,,﻿St. Paul,,,,﻿#REF!,﻿#REF!,,,,,,,,,,,,,,1869,﻿StPaul,StPaul
﻿stp.mn.0266,﻿asylum,﻿Young Men's Catholic Literary Association,English,,,,,,﻿St. Paul,,,,﻿#REF!,﻿#REF!,,,,,,,,,,,,,,1869,﻿StPaul,StPaul
﻿stp.mn.0266,﻿asylum,﻿Young Men's Catholic Literary Association,English,,,,,,﻿St. Paul,,,,﻿#REF!,﻿#REF!,,,,,,,,,,,,,,1869,﻿StPaul,StPaul
﻿stp.mn.0266,﻿asylum,﻿Young Men's Catholic Literary Association,English,,,,,,﻿St. Paul,,,,﻿#REF!,﻿#REF!,,,,,,,,,,,,,,1869,﻿StPaul,StPaul
﻿stp.mn.0266,﻿asylum,﻿Young Men's Catholic Literary Association,English,,,,,,﻿St. Paul,,,,﻿#REF!,﻿#REF!,,,,,,,,,,,,,,1869,﻿StPaul,StPaul
﻿stp.mn.0266,﻿asylum,﻿Young Men's Catholic Literary Association,English,,,,,,﻿St. Paul,,,,﻿#REF!,﻿#REF!,,,,,,,,,,,,,,1869,﻿StPaul,StPaul
﻿stp.mn.0266,﻿asylum,﻿Young Men's Catholic Literary Association,English,,,,,,﻿St. Paul,,,,﻿#REF!,﻿#REF!,,,,,,,,,,,,,,1869,﻿StPaul,StPaul
﻿stp.mn.0266,﻿asylum,﻿Young Men's Catholic Literary Association,English,,,,,,﻿St. Paul,,,,﻿#REF!,﻿#REF!,,,,,,,,,,,,,,1869,﻿StPaul,StPaul
﻿stp.mn.0266,﻿asylum,﻿Young Men's Catholic Literary Association,English,,,,,,﻿St. Paul,,,,﻿#REF!,﻿#REF!,,,,,,,,,,,,,,1869,﻿StPaul,StPaul
﻿stp.mn.0266,﻿asylum,﻿Young Men's Catholic Literary Association,English,,,,,,﻿St. Paul,,,,﻿#REF!,﻿#REF!,,,,,,,,,,,,,,1869,﻿StPaul,StPaul
﻿stp.mn.0266,﻿asylum,﻿Young Men's Catholic Literary Association,English,,,,,,﻿St. Paul,,,,﻿#REF!,﻿#REF!,,,,,,,,,,,,,,1869,﻿StPaul,StPaul
﻿stp.mn.0266,﻿asylum,﻿Young Men's Catholic Literary Association,English,,,,,,﻿St. Paul,,,,﻿#REF!,﻿#REF!,,,,,,,,,,,,,,1869,﻿StPaul,StPaul
﻿stp.mn.0266,﻿asylum,﻿Young Men's Catholic Literary Association,English,,,,,,﻿St. Paul,,,,﻿#REF!,﻿#REF!,,,,,,,,,,,,,,1869,﻿StPaul,StPaul
﻿stp.mn.0266,﻿asylum,﻿Young Men's Catholic Literary Association,English,,,,,,﻿St. Paul,,,,﻿#REF!,﻿#REF!,,,,,,,,,,,,,,1869,﻿StPaul,StPaul
﻿stp.mn.0266,﻿asylum,﻿Young Men's Catholic Literary Association,English,,,,,,﻿St. Paul,,,,﻿#REF!,﻿#REF!,,,,,,,,,,,,,,1869,﻿StPaul,StPaul
﻿stp.mn.0266,﻿asylum,﻿Young Men's Catholic Literary Association,English,,,,,,﻿St. Paul,,,,﻿#REF!,﻿#REF!,,,,,,,,,,,,,,1869,﻿StPaul,StPaul
﻿stp.mn.0266,﻿asylum,﻿Young Men's Catholic Literary Association,English,,,,,,﻿St. Paul,,,,﻿#REF!,﻿#REF!,,,,,,,,,,,,,,1869,﻿StPaul,StPaul
﻿stp.mn.0266,﻿asylum,﻿Young Men's Catholic Literary Association,English,,,,,,﻿St. Paul,,,,﻿#REF!,﻿#REF!,,,,,,,,,,,,,,1869,﻿StPaul,StPaul
﻿stp.mn.0266,﻿asylum,﻿Young Men's Catholic Literary Association,English,,,,,,﻿St. Paul,,,,﻿#REF!,﻿#REF!,,,,,,,,,,,,,,1869,﻿StPaul,StPaul
﻿stp.mn.0266,﻿asylum,﻿Young Men's Catholic Literary Association,English,,,,,,﻿St. Paul,,,,﻿#REF!,﻿#REF!,,,,,,,,,,,,,,1869,﻿StPaul,StPaul
﻿stp.mn.0266,﻿asylum,﻿Young Men's Catholic Literary Association,English,,,,,,﻿St. Paul,,,,﻿#REF!,﻿#REF!,,,,,,,,,,,,,,1869,﻿StPaul,StPaul
﻿stp.mn.0266,﻿asylum,﻿Young Men's Catholic Literary Association,English,,,,,,﻿St. Paul,,,,﻿#REF!,﻿#REF!,,,,,,,,,,,,,,1869,﻿StPaul,StPaul
﻿stp.mn.0266,﻿asylum,﻿Young Men's Catholic Literary Association,English,,,,,,﻿St. Paul,,,,﻿#REF!,﻿#REF!,,,,,,,,,,,,,,1869,﻿StPaul,StPaul
﻿stp.mn.0266,﻿asylum,﻿Young Men's Catholic Literary Association,English,,,,,,﻿St. Paul,,,,﻿#REF!,﻿#REF!,,,,,,,,,,,,,,1869,﻿StPaul,StPaul
﻿stp.mn.0266,﻿asylum,﻿Young Men's Catholic Literary Association,English,,,,,,﻿St. Paul,,,,﻿#REF!,﻿#REF!,,,,,,,,,,,,,,1869,﻿StPaul,StPaul
﻿stp.mn.0266,﻿asylum,﻿Young Men's Catholic Literary Association,English,,,,,,﻿St. Paul,,,,﻿#REF!,﻿#REF!,,,,,,,,,,,,,,1869,﻿StPaul,StPaul
﻿stp.mn.0266,﻿asylum,﻿Young Men's Catholic Literary Association,English,,,,,,﻿St. Paul,,,,﻿#REF!,﻿#REF!,,,,,,,,,,,,,,1869,﻿StPaul,StPaul
﻿stp.mn.0266,﻿asylum,﻿Young Men's Catholic Literary Association,English,,,,,,﻿St. Paul,,,,﻿#REF!,﻿#REF!,,,,,,,,,,,,,,1869,﻿StPaul,StPaul
﻿stp.mn.0266,﻿asylum,﻿Young Men's Catholic Literary Association,English,,,,,,﻿St. Paul,,,,﻿#REF!,﻿#REF!,,,,,,,,,,,,,,1869,﻿StPaul,StPaul
﻿stp.mn.0266,﻿asylum,﻿Young Men's Catholic Literary Association,English,,,,,,﻿St. Paul,,,,﻿#REF!,﻿#REF!,,,,,,,,,,,,,,1869,﻿StPaul,StPaul
﻿stp.mn.0266,﻿asylum,﻿Young Men's Catholic Literary Association,English,,,,,,﻿St. Paul,,,,﻿#REF!,﻿#REF!,,,,,,,,,,,,,,1869,﻿StPaul,StPaul
﻿stp.mn.0266,﻿asylum,﻿Young Men's Catholic Literary Association,English,,,,,,﻿St. Paul,,,,﻿#REF!,﻿#REF!,,,,,,,,,,,,,,1869,﻿StPaul,StPaul
﻿stp.mn.0266,﻿asylum,﻿Young Men's Catholic Literary Association,English,,,,,,﻿St. Paul,,,,﻿#REF!,﻿#REF!,,,,,,,,,,,,,,1869,﻿StPaul,StPaul
﻿stp.mn.0266,﻿asylum,﻿Young Men's Catholic Literary Association,English,,,,,,﻿St. Paul,,,,﻿#REF!,﻿#REF!,,,,,,,,,,,,,,1869,﻿StPaul,StPaul
﻿stp.mn.0266,﻿asylum,﻿Young Men's Catholic Literary Association,English,,,,,,﻿St. Paul,,,,﻿#REF!,﻿#REF!,,,,,,,,,,,,,,1869,﻿StPaul,StPaul
﻿stp.mn.0266,﻿asylum,﻿Young Men's Catholic Literary Association,English,,,,,,﻿St. Paul,,,,﻿#REF!,﻿#REF!,,,,,,,,,,,,,,1869,﻿StPaul,StPaul
