instID,church_type,instName,language,instNote,placeName,region,county_orig,county_reg,city_orig,city_reg,state_orig,state_reg,latitude,longitude,attendingInstID,attendingChurch,attendingChurchFrequency,attendingChurchNote,persID,persTitle,persName,persSuffix,persRole,persNote,memberType,member,affiliated,year,diocese
﻿kc.ks.0001,﻿church,﻿Church of the Immaculate Conception,English,,,,,﻿Leavenworth County,﻿Leavenworth City,﻿Leavenworth,﻿KS,﻿KS,,,,,,,,﻿Rt. Rev.,﻿J.B. Miege,"﻿S.J., D.D.",,,,,,,VAKansas
﻿kc.ks.0001,﻿church,﻿Church of the Immaculate Conception,English,,,,,﻿Leavenworth County,﻿Leavenworth City,﻿Leavenworth,﻿KS,,,,,,,,,﻿Rev.,﻿John I. Coghlan,﻿S.J.,,,,,,,VAKansas
﻿kc.ks.0001,﻿church,﻿Church of the Immaculate Conception,English,,,,,﻿Leavenworth County,﻿Leavenworth City,﻿Leavenworth,﻿KS,,,,,,,,,﻿Rev.,﻿Aloysius Laigneil,﻿S.J.,,,,,,,VAKansas
﻿kc.ks.0002,﻿church,﻿St. Joseph's Church,﻿German,,,,,﻿Leavenworth County,﻿Leavenworth City,﻿Leavenworth,﻿KS,﻿KS,,,,,,,,﻿Rev.,﻿Albertus Heinman,﻿O. Car. Calc.,,,,,,,VAKansas
﻿kc.ks.0005,﻿church,﻿SS. Peter and Paul,English,,,,﻿Atchison County,﻿Atchison County,﻿Atchison,﻿Atchison,﻿KS,,,,,,,,,﻿Very Rev.,﻿Augustine Wirth,﻿O.S.B.,﻿Prior,,,,,,VAKansas
﻿kc.ks.0005,﻿church,﻿SS. Peter and Paul,English,,,,﻿Atchison County,﻿Atchison County,﻿Atchison,﻿Atchison,﻿KS,,,,,,,,,﻿Rev.,﻿Pirmin Koumly,﻿O.S.B.,,,,,,,VAKansas
﻿kc.ks.0006,﻿church,not recorded,English,,,,,﻿Atchison County,﻿Monrovia,﻿Monrovia,﻿KS,,,,﻿kc.ks.0005,﻿Attended from Atchison,,,,,,,,,,,,,VAKansas
﻿kc.ks.0007,﻿church,not recorded,English,,,,﻿Atchison County,,﻿Mooney Creek,,﻿KS,,,,﻿kc.ks.0005,﻿Attended from Atchison,,,,,,,,,,,,,VAKansas
﻿kc.ks.0017,﻿church,not recorded,English,,,,,﻿Doniphan County,﻿Belmont,,﻿KS,,,,﻿kc.ks.0005,﻿Attended from Atchison,,,,,,,,,,,,,VAKansas
﻿kc.ks.0018,﻿church,not recorded,English,,,,,﻿Doniphan County,﻿Wathena,﻿Wathena,﻿KS,,,,﻿kc.ks.0005,﻿Attended from Atchison,,,,,,,,,,,,,VAKansas
﻿kc.ks.0019,﻿church,not recorded,English,,,,,﻿Doniphan County,﻿Wolf River,﻿Wolf River Township,﻿KS,,,,﻿kc.ks.0005,﻿Attended from Atchison,,,,,,,,,,,,,VAKansas
﻿kc.ks.0022,﻿church,not recorded,English,,,,﻿Doniphan County,﻿Doniphan County,﻿Iowa Point,﻿Iowa Point,﻿KS,,,,﻿kc.ks.0005,﻿Attended from Atchison,,,,,,,,,,,,,VAKansas
﻿kc.ks.0097,﻿church,not recorded,English,,,,﻿Jackson County,,﻿Holton,,﻿KS,,,,﻿kc.ks.0005,﻿Attended from Atchison,,,,,,,,,,,,,VAKansas
﻿kc.ks.0106,﻿church,not recorded,English,,,,﻿Marshall County,,﻿Marysville,﻿Marysville,﻿KS,,,,﻿kc.ks.0005,﻿Attended from Atchison,,,,,,,,,,,,,VAKansas
﻿kc.ks.0107,﻿church,﻿St. Patrick's,English,,,,﻿Marshall County,,,,﻿KS,,,,﻿kc.ks.0005,﻿Attended from Atchison,,,,,,,,,,,,,VAKansas
﻿kc.ks.0091,﻿church,﻿St. Peter's,English,,,,﻿Douglas County,,﻿Big Springs,,﻿KS,,,,﻿kc.ks.0071,﻿Attended from Topeka,,,,,,,,,,,,,VAKansas
﻿kc.ks.0047,﻿church,﻿St. Columbkille,English,,,,﻿Johnson County,﻿Johnson County,﻿Bull Creek,﻿Edgerton,﻿KS,,,,﻿kc.ks.0046,﻿Attended from Paola,,,,,,,,,,,,,VAKansas
﻿kc.ks.0092,﻿church,not recorded,English,,,,﻿Coffey County,,﻿Burlington,,﻿KS,,,,﻿kc.ks.0103,﻿Attended from St. Boniface's,,,,,,,,,,,,,VAKansas
﻿kc.ks.0036,﻿church,not recorded,English,,,,﻿Dickinson County,﻿Dickinson County,﻿Chapman's Creek,﻿Chapman,﻿KS,,,,﻿kc.ks.0050,﻿Attended from St. Mary's Mission,,,,,,,,,,,,,VAKansas
﻿kc.ks.0014,﻿church,﻿St. John's,English,"﻿church burned, new stone church building",,,﻿Doniphan County,﻿Doniphan County,﻿Doniphan,﻿Doniphan,﻿KS,,,,﻿kc.ks.0005,﻿Attended from Atchison,,,,,,,,,,,,,VAKansas
﻿kc.ks.0023,﻿church,﻿Holy Family,English,,,,﻿Douglas County,﻿Douglas County,﻿Eudora,﻿Eudora,﻿KS,,,,,,,,,﻿Rev.,﻿Aloysius Mayer,,,,,,,,VAKansas
﻿kc.ks.0003,﻿church,not recorded,English,,,,,﻿Leavenworth County,﻿Fort Leavenworth,﻿Leavenworth,﻿KS,,,,﻿kc.ks.0001,﻿Attended from Leavenworth City,,,,,,,,,,,,,VAKansas
﻿kc.ks.0037,﻿church,not recorded,English,,,,﻿Riley County,﻿Riley County,﻿Fort Riley,﻿Fort Riley,﻿KS,,,,﻿kc.ks.0050,﻿Attended from St. Mary's Mission,,,,,,,,,,,,,VAKansas
﻿kc.ks.0026,﻿church,﻿Church of Mary Queen of Angels,English,,,,﻿Bourbon County,﻿Bourbon County,﻿Fort Scott,﻿Fort Scott,﻿KS,,,,,,,,,﻿Rev.,﻿J.F. Cunningham,,,,,,,,VAKansas
﻿kc.ks.0027,﻿church,not recorded,English,,,,﻿Bourbon County,,﻿Fort Lincoln,,﻿KS,,,,﻿kc.ks.0026,﻿Attended from Fort Scott,,,,,,,,,,,,,VAKansas
﻿kc.ks.0096,﻿church,﻿St. John the Baptist's,English,,,,﻿Jefferson County,﻿Jefferson County,﻿Grasshopper Falls,﻿Valley Falls,﻿KS,,,,﻿kc.ks.0071,﻿Attended from Topeka,,,,,,,,,,,,,VAKansas
﻿kc.ks.0033,﻿church,not recorded,English,﻿brick church,,,﻿Allen County,﻿Allen County,﻿Humboldt,﻿Humboldt,﻿KS,,,,﻿kc.ks.0039,﻿Attended from Osage Mission,,,,,,,,,,,,,VAKansas
﻿kc.ks.0098,﻿church,not recorded,English,,,,﻿Shawnee County,﻿Shawnee County,﻿Indianola,﻿Indianola,﻿KS,,,,﻿kc.ks.0071,﻿Attended from Topeka,,,,,,,,,,,,,VAKansas
﻿kc.ks.0072,﻿church,not recorded,English,,,,﻿Jefferson County,﻿Jefferson County,﻿Indian Mill,﻿Thompsonville,﻿KS,,,,﻿kc.ks.0071,﻿Attended from Topeka,,,,,,,,,,,,,VAKansas
﻿kc.ks.0035,﻿church,not recorded,English,,,,﻿Riley County,﻿Geary County,﻿Junction City,﻿Junction City,﻿KS,,,,﻿kc.ks.0050,﻿Attended from St. Mary's Mission,,,,,,,,,,,,,VAKansas
﻿kc.ks.0038,﻿church,﻿St. John the Evangelist's,English,,,,﻿Douglas County,﻿Douglas County,﻿Lawrence,﻿Lawrence,﻿KS,,,,,,,,,﻿Rev.,﻿Sebastian Favre,,,,,,,,VAKansas
﻿kc.ks.0038,﻿church,﻿St. John the Evangelist's,English,,,,﻿Douglas County,﻿Douglas County,﻿Lawrence,﻿Lawrence,﻿KS,,,,,,,,,﻿Rev.,﻿J. Perrier,,,,,,,,VAKansas
﻿kc.ks.0099,﻿church,not recorded,English,,,,﻿Coffey County,,﻿Le Roy,﻿Leroy,﻿KS,,,,﻿kc.ks.0039,﻿Attended from Osage Mission,,,,,,,,,,,,,VAKansas
﻿kc.ks.0100,﻿church,not recorded,English,,,,﻿Miami County,,﻿Middle Creek,﻿Middle Creek Township,﻿KS,,,,﻿kc.ks.0038,﻿Attended from Lawrence,,,,,,,,,,,,,VAKansas
﻿kc.ks.0051,﻿church,﻿Church of the Seven Dolors,English,,﻿Potowotomie Reserve,,,,﻿Mission Creek,,﻿KS,,,,﻿kc.ks.0050,﻿Attended from St. Mary's Mission,,,,,,,,,,,,,VAKansas
﻿kc.ks.0052,﻿church,not recorded,English,,,,﻿Riley County,﻿Riley County,﻿Ogden,﻿Ogden,﻿KS,,,,﻿kc.ks.0050,﻿Attended from St. Mary's Mission,,,,,,,,,,,,,VAKansas
﻿kc.ks.0064,﻿church,not recorded,English,,,,﻿Johnson County,﻿Johnson County,﻿Olathe,﻿Olathe,﻿KS,,,,﻿kc.ks.0046,﻿Attended from Paola,,,,,,,,,,,,,VAKansas
﻿kc.ks.0039,﻿church,﻿St. Francis de Hieronymo,﻿Indian,,,,﻿Neosho County,,﻿Osage Mission,,﻿KS,,,,,,﻿The Indian villages are visited monthly,,,﻿Rev.,﻿John Schoenmakers,﻿S.J.,﻿Superior,,,,,,VAKansas
﻿kc.ks.0039,﻿church,﻿St. Francis de Hieronymo,﻿Indian,,,,﻿Neosho County,,﻿Osage Mission,,﻿KS,,,,,,,,,﻿Rev.,﻿P.M. Ponziglione,﻿S.J.,,,,,,,VAKansas
﻿kc.ks.0039,﻿church,﻿St. Francis de Hieronymo,﻿Indian,,,,﻿Neosho County,,﻿Osage Mission,,﻿KS,,,,,,,,,﻿Rev.,﻿John Setters,﻿S.J.,,,,,,,VAKansas
﻿kc.ks.0073,﻿church,﻿St. Mary Magdalen,English,,,,﻿Jefferson County,﻿Jefferson County,﻿Osaukee,﻿Ozawkie,﻿KS,,,,﻿kc.ks.0071,﻿Attended from Topeka,,,,,,,,,,,,,VAKansas
﻿kc.ks.0048,﻿church,not recorded,English,,,,﻿Miami County,﻿Miami County,﻿Osawatomie City,﻿Osawatomie,﻿KS,,,,﻿kc.ks.0046,﻿Attended from Paola,,,,,,,,,,,,,VAKansas
﻿kc.ks.0034,﻿church,not recorded,English,,,,﻿Allen County,﻿Allen County,﻿Owl Creek,﻿Humboldt,﻿KS,,,,﻿kc.ks.0039,﻿Attended from Osage Mission,,,,,,,,,,,,,VAKansas
﻿kc.ks.0046,﻿church,﻿Trinity,English,,,,﻿Miami County,﻿Miami County,﻿Paola,﻿Paola,﻿KS,,,,,,,,,﻿Rev.,﻿F.J. Wattron,,,,,,,,VAKansas
﻿kc.ks.0050,﻿church,﻿St. Mary's,English,,,,﻿Potowotomie County,,﻿Potowotomie Mission,,﻿KS,,,,,,,,,﻿Rev.,﻿J.F. Diels,﻿S.J.,﻿Superior,,,,,,VAKansas
﻿kc.ks.0050,﻿church,﻿St. Mary's,English,,,,﻿Potowotomie County,,﻿Potowotomie Mission,,﻿KS,,,,,,,,,﻿Rev.,﻿M. Gailland,﻿S.J.,,,,,,,VAKansas
﻿kc.ks.0050,﻿church,﻿St. Mary's,English,,,,﻿Potowotomie County,,﻿Potowotomie Mission,,﻿KS,,,,,,,,,﻿Rev.,﻿Aug. Du Mortier,﻿S.J.,,,,,,,VAKansas
﻿kc.ks.0050,﻿church,﻿St. Mary's,English,,,,﻿Potowotomie County,,﻿Potowotomie Mission,,﻿KS,,,,,,,,,﻿Rev.,﻿Phillip Colleton,﻿S.J.,,,,,,,VAKansas
﻿kc.ks.0055,﻿church,﻿Church of the Annunciation,English,,,,﻿Douglas County,﻿Douglas County,﻿Prairie City,﻿Baldwin City,﻿KS,,,,﻿kc.ks.0038,﻿Attended from Lawrence,,,,,,,,,,,,,VAKansas
﻿kc.ks.0053,﻿church,not recorded,English,,,,﻿Potawatamie County,﻿Potawatamie County,﻿Rock Creek,﻿Rock Creek Township,﻿KS,,,,﻿kc.ks.0050,﻿Attended from St. Mary's Mission,,,,,,,,,,,,,VAKansas
﻿kc.ks.0103,﻿church,﻿St. Boniface's,﻿German,,,,﻿Anderson County,﻿Anderson County,﻿Scipio,﻿Putnam Township,﻿KS,,,,,,,,,﻿Rev.,﻿Angelus Kemper,﻿O.C.I.,,,,,,,VAKansas
﻿kc.ks.0010,﻿church,﻿St. Mary's,English,,,,﻿Nemaha County,﻿Nemaha County,﻿Seneca,﻿Seneca,﻿KS,,,,,,,,,﻿Rev.,﻿John Fogarty,,,,,,,,VAKansas
﻿kc.ks.0012,﻿church,﻿St. Augustine's,English,﻿frame church,,,﻿Nemaha County,﻿Nemaha County,,﻿Capioma Township,,,,,,,,,,﻿Rev.,﻿John Fogarty,,,,,,,,VAKansas
﻿kc.ks.0015,﻿church,﻿St. Benedict's,English,﻿fine stone church,,,﻿Doniphan County,﻿Doniphan County,﻿St. Benedict's Settlement,﻿Bendenna,﻿KS,,,,﻿kc.ks.0005,﻿Attended from Atchison,,,,,,,,,,,,,VAKansas
﻿kc.ks.0058,﻿church,﻿St. Bridget's,English,,﻿Ashpoint P.O.,,﻿Marshall County,﻿Marshall County,﻿St. Bridget's Settlement,﻿Axtell,﻿KS,,,,,,,,,﻿Rev.,﻿William Fitzgerald,,,,,,,,VAKansas
﻿kc.ks.0058,﻿church,﻿St. Bridget's,English,,﻿Ashpoint P.O.,,﻿Marshall County,﻿Marshall County,﻿St. Bridget's Settlement,﻿Axtell,﻿KS,,,,,,,,,﻿Rev.,﻿John Fogarty,,,,,,,,VAKansas
﻿kc.ks.0062,﻿church,not recorded,English,,,,﻿Leavenworth County,,﻿St. Joseph's Settlement,,﻿KS,,,,﻿kc.ks.0001,﻿Attended from Leavenworth,,,,,,,,,,,,,VAKansas
﻿kc.ks.0102,﻿church,﻿St. Patrick's,English,,,,﻿Anderson County,,,,﻿KS,,,,﻿kc.ks.0103,﻿Attended from St. Boniface's,,,,,,,,,,,,,VAKansas
﻿kc.ks.0009,﻿church,﻿St. Patrick's,English,﻿fine stone church building,,,﻿Atchison County,,,,﻿KS,,,,﻿kc.ks.0005,﻿Attended from Atchison,,,,,,,,,,,,,VAKansas
﻿kc.ks.0016,﻿church,﻿St. Thomas',English,﻿frame church,,,﻿Doniphan County,,,,﻿KS,,,,﻿kc.ks.0005,﻿Attended from Atchison,,,,,,,,,,,,,VAKansas
﻿kc.ks.0054,﻿church,not recorded,English,,,,,,﻿Settlement on the Republican,,﻿KS,,,,,,,,,﻿Rev.,﻿William Fitzgerald,,,,,,,,VAKansas
﻿kc.ks.0045,﻿church,not recorded,English,,,,,,﻿Settlement on the Verdigris,,﻿KS,,,,﻿kc.ks.0039,﻿Attended from the Osage Mission,,,,,,,,,,,,,VAKansas
﻿kc.ks.0063,﻿church,not recorded,English,,,,﻿Johnson County,,﻿Shawnee Town,,﻿KS,,,,﻿kc.ks.0079,﻿Attended from Wyandott,,,,,,,,,,,,,VAKansas
﻿kc.ks.0108,﻿church,﻿St. Joseph's,English,,,,,,﻿Shungamon Creek,,﻿KS,,,,﻿kc.ks.0050,﻿Attended from St. Mary's Mission,,,,,,,,,,,,,VAKansas
﻿kc.ks.0031,﻿church,not recorded,English,,,,,,﻿Settlement on the Stranger,,﻿KS,,,,﻿kc.ks.0001,﻿Attended from Leavenworth,,,,,,,,,,,,,VAKansas
﻿kc.ks.0075,﻿church,not recorded,English,,,,﻿Shawnee County,﻿Shawnee County,﻿Tecumseh,﻿Tecumseh,﻿KS,,,,﻿kc.ks.0071,﻿Attended from Topeka,,,,,,,,,,,,,VAKansas
﻿kc.ks.0071,﻿church,﻿Church of the Assumption,English,,,,﻿Shawnee County,﻿Shawnee County,﻿Topeka,﻿Topeka,﻿KS,,,,,,,,,﻿Rev.,﻿James H. Defouri,,,,,,,,VAKansas
﻿kc.ks.0071,﻿church,﻿Church of the Assumption,English,,,,﻿Shawnee County,﻿Shawnee County,﻿Topeka,﻿Topeka,﻿KS,,,,,,,,,﻿Rev.,﻿-- Bononcini,,,,,,,,VAKansas
﻿kc.ks.0076,﻿church,﻿St. Henry's,English,,,,﻿Douglas County,﻿Douglas County,﻿Twin Mounds,﻿Twin Mounds,﻿KS,,,,﻿kc.ks.0071,﻿Attended from Topeka,,,,,,,,,,,,,VAKansas
﻿kc.ks.0054,﻿church,not recorded,English,,,,﻿Chase County,﻿Chase County,﻿Wabaunsee,﻿Wabaunsee,﻿KS,,,,﻿kc.ks.0050,﻿Attended from St. Mary's Mission,,,,,,,,,,,,,VAKansas
﻿kc.ks.0049,﻿church,not recorded,English,,,,﻿Miami County,,﻿Wea Creek,,﻿KS,,,,﻿kc.ks.0046,﻿Attended from Paola,,,,,,,,,,,,,VAKansas
﻿kc.ks.0079,﻿church,﻿Church of the Mother of God,English,,,,﻿Wyandott County,﻿Wyandotte County,﻿Wyandott,﻿Kansas City,﻿KS,,,,,,,,,﻿Rev.,﻿A. Kuhls,,,,,,,,VAKansas
﻿kc.ks.0077,﻿church,not recorded,English,,,,﻿Osage County,﻿Osage County,110,,﻿KS,,,,﻿kc.ks.0071,﻿Attended from Topeka,,,,,,,,,,,,,VAKansas
﻿kc.ks.0104,﻿priory,﻿Benedictine Priory,English,,,,,,﻿Atchison City,,﻿KS,,,,,,,,,﻿Very Rev.,﻿A. Wirth,﻿O.S.B.,﻿Prior,,﻿novice,﻿7 novices,,,VAKansas
﻿kc.ks.0104,﻿priory,﻿Benedictine Priory,English,,,,,,﻿Atchison City,,﻿KS,,,,,,,,,﻿Rev.,﻿Thomas Bartl,﻿O.S.B.,,,﻿lay brother,﻿4 lay brothers,,,VAKansas
﻿kc.ks.0104,﻿priory,﻿Benedictine Priory,English,,,,,,﻿Atchison City,,﻿KS,,,,,,,,,﻿Rev.,﻿Timothy Luber,﻿O.S.B.,,,﻿lay brother,﻿4 lay brothers,,,VAKansas
﻿kc.ks.0104,﻿priory,﻿Benedictine Priory,English,,,,,,﻿Atchison City,,﻿KS,,,,,,,,,﻿Rev.,﻿Pirmin Koumly,﻿O.S.B.,,,﻿lay brother,﻿4 lay brothers,,,VAKansas
﻿kc.ks.0050_01,﻿priory,﻿Residence of the Society of Jesus,English,,﻿St. Mary's Mission,,,,,,,,,,,,,,,﻿Rev.,﻿J.F. Diels,﻿S.J.,﻿Superior,,,,,,VAKansas
﻿kc.ks.0039_01,﻿priory,﻿Residence of the Society of Jesus,English,,﻿St. Francis de Hieronymo,,,,,,,,,,,,,,,﻿Rev.,﻿John Schoenmakers,﻿S.J.,﻿Superior,,,,,,VAKansas
﻿kc.ks.0080,﻿college,﻿St. Benedict's College,English,,,,,,﻿Atchison City,,﻿KS,,,,,,,,,﻿Very Rev.,﻿A. Wirth,﻿O.S.B.,﻿President,,,,﻿under charge of the Fathers of Order of St. Benedict,,VAKansas
﻿kc.ks.0082,﻿academy,﻿Academy for Young Ladies,English,,,,,,﻿Leavenworth City,,﻿KS,,,,,,,,,﻿Mother,﻿Xavier Ross,,﻿Superior,,﻿boarder,﻿60 boarders,,,VAKansas
﻿kc.ks.0082,﻿academy,﻿Academy for Young Ladies,English,,,,,,﻿Leavenworth City,,﻿KS,,,,,,,,,,,,,,﻿sister,﻿29 professed sisters,,,VAKansas
﻿kc.ks.0082,﻿academy,﻿Academy for Young Ladies,English,,,,,,﻿Leavenworth City,,﻿KS,,,,,,,,,,,,,,﻿novices,﻿3 novices,,,VAKansas
﻿kc.ks.0082,﻿academy,﻿Academy for Young Ladies,English,,,,,,﻿Leavenworth City,,﻿KS,,,,,,,,,,,,,,﻿postulants,﻿6 postulants,﻿Conducted by the Sisters of Charity,,VAKansas
﻿kc.ks.0083,﻿day school,not recorded,English,,,,,,,,,,,,,,,,,,,,,,﻿pupil,﻿268 pupils,﻿Conducted by the Sisters of Charity,,VAKansas
﻿kc.ks.0084,﻿hospital,not recorded,English,,,,,,,,,,,,,,,,,,,,,,,,﻿Conducted by the Sisters of Charity,,VAKansas
﻿kc.ks.0085,﻿asylum,not recorded,English,,,,,,,,,,,,,,,,,,,,,,,,﻿Conducted by the Sisters of Charity,,VAKansas
﻿kc.ks.0105,﻿academy,﻿Academy for Young Ladies,English,,,,,,﻿Lawrence,,﻿KS,,,,,,,,,﻿Sister-Servant,﻿Mary Vincent Kearney,,,,﻿sister,﻿4 professed sisters,﻿Conducted by the Sisters of Charity,,VAKansas
﻿kc.ks.0105,﻿academy,﻿Academy for Young Ladies,English,,,,,,﻿Lawrence,,﻿KS,,,,,,,,,,,,,,﻿pupils,﻿75 pupils,﻿Conducted by the Sisters of Charity,,VAKansas
﻿kc.ks.0050_03,﻿convent,﻿Convent of the Ladies of the Sacred Heart,English,,﻿St. Mary's Mission,,,,,,,,,,,,,,,,﻿Lucille Mathevon,,﻿Superior,,,,,,VAKansas
﻿kc.ks.0039_02,﻿convent,﻿Convent of the Sisters of Loretto,English,,﻿St. Francis de Hieronymo,,,,,,,,,,,,,,,﻿Mother,﻿Mary,,﻿Superior,,,,,,VAKansas
﻿kc.ks.0090,"﻿convent, academy",﻿St. Scholastica's Convent and Academy,English,,,,,,﻿Atchison,,﻿KS,,,,,,,,,﻿Mother,﻿Mary Evangelista Kremmeter,﻿O.S.B.,﻿Prioress,,﻿sister,﻿10 sisters,﻿Under the Sisters of the Order of St. Benedict,,VAKansas
﻿kc.ks.0090,"﻿convent, academy",﻿St. Scholastica's Convent and Academy,English,,,,,,﻿Atchison,,﻿KS,,,,,,,,,﻿Sister,﻿Ehrentrude Walter,﻿O.S.B.,﻿Directress of the Academy,,﻿novices,﻿3 novices,﻿Under the Sisters of the Order of St. Benedict,,VAKansas
﻿kc.ks.0090,"﻿convent, academy",﻿St. Scholastica's Convent and Academy,English,,,,,,﻿Atchison,,﻿KS,,,,,,,,,,,,,,﻿boarders,﻿20 pupils boarding,﻿Under the Sisters of the Order of St. Benedict,,VAKansas
﻿kc.ks.0090,"﻿convent, academy",﻿St. Scholastica's Convent and Academy,English,,,,,,﻿Atchison,,﻿KS,,,,,,,,,,,,,,﻿day-scholar,﻿65 day-scholars,﻿Under the Sisters of the Order of St. Benedict,,VAKansas
﻿kc.ks.0050_02,﻿school,﻿Potowotomie Indian Manual Labor School,English,﻿The male department is under the charge of the Fathers of the Society of Jesus. The female department is conducted by the Ladies of the Sacred Heart,﻿St. Mary's Mission,,,,,,,,,,,,,,,,,,,,﻿lay brother,﻿8 lay brothers,﻿under the charge of the Fathers of the Society of Jesus and the Ladies of the Sacred Heart,,VAKansas
﻿kc.ks.0050_02,﻿school,﻿Potowotomie Indian Manual Labor School,English,﻿The male department is under the charge of the Fathers of the Society of Jesus. The female department is conducted by the Ladies of the Sacred Heart,﻿St. Mary's Mission,,,,,,,,,,,,,,,,,,,,﻿Indian boy,﻿125 Indian boys,﻿under the charge of the Fathers of the Society of Jesus and the Ladies of the Sacred Heart,,VAKansas
﻿kc.ks.0050_02,﻿school,﻿Potowotomie Indian Manual Labor School,English,﻿The male department is under the charge of the Fathers of the Society of Jesus. The female department is conducted by the Ladies of the Sacred Heart,﻿St. Mary's Mission,,,,,,,,,,,,,,,,,,,,﻿Indian girl,﻿100 Indian girls,﻿under the charge of the Fathers of the Society of Jesus and the Ladies of the Sacred Heart,,VAKansas
﻿kc.ks.0039_03,﻿school,﻿Osage Indian Manual Labor School,English,﻿The male department is under the charge of the Fathers of the Society of Jesus. The female department is under charge of the Sisters of Loretto,﻿St. Francis de Hieronymo,,,,,,,,,,,,,,,,,,,,﻿lay brother,﻿9 laybrothers,﻿under the charge of the Fathers of the Society of Jesus and the Sisters of Loretto,,VAKansas
﻿kc.ks.0039_03,﻿school,﻿Osage Indian Manual Labor School,English,﻿The male department is under the charge of the Fathers of the Society of Jesus. The female department is under charge of the Sisters of Loretto,﻿St. Francis de Hieronymo,,,,,,,,,,,,,,,,,,,,﻿Indian boy,﻿100 Indian boys,﻿under the charge of the Fathers of the Society of Jesus and the Sisters of Loretto,,VAKansas
﻿kc.ks.0039_03,﻿school,﻿Osage Indian Manual Labor School,English,﻿The male department is under the charge of the Fathers of the Society of Jesus. The female department is under charge of the Sisters of Loretto,﻿St. Francis de Hieronymo,,,,,,,,,,,,,,,,,,,,﻿Indian girl,﻿75 Indian girls,﻿under the charge of the Fathers of the Society of Jesus and the Sisters of Loretto,,VAKansas
