instID,church_type,instName,language,instNote,placeName,region,county_orig,county_reg,city_orig,city_reg,state_orig,state_reg,latitude,longitude,attendingInstID,attendingPersID,attendingChurch,attendingChurchFrequency,attendingChurchNote,persID,persTitle,persName,persSuffix,persRole,persNote,memberType,member,affiliated,year,diocese,diocese_reg
﻿gra.ca.0001,﻿church,not recorded,English,,,,,﻿Yuba County,﻿Marysville,﻿Marysville,﻿CA,﻿CA,39.1429134,-121.58828179999999,,,,,,﻿eug_oconnell_001,﻿Rt. Rev.,﻿Eugene O'Connell,﻿D.D.,,,,,,1865,﻿VAMarysvilleCalifornia,VAMarysvilleCalifornia
﻿gra.ca.0001,﻿church,not recorded,English,,,,,﻿Yuba County,﻿Marysville,﻿Marysville,﻿CA,,39.1429134,-121.58828179999999,,,,,,﻿den_nugent_001,﻿Rev.,﻿Nugent,,,,,,,1865,﻿VAMarysvilleCalifornia,VAMarysvilleCalifornia
﻿gra.ca.0003,﻿church,not recorded,English,,,,﻿Sierra County,﻿Sierra County,﻿Alleghany Town,﻿Alleghany,﻿CA,﻿CA,39.4692306,-120.8429926,﻿gra.ca.0021,,﻿church attended from Downiville,﻿once a month,,,,,,,,,,,1865,﻿VAMarysvilleCalifornia,VAMarysvilleCalifornia
﻿gra.ca.0057,﻿church,not recorded,English,,,,﻿Butte County,﻿Butte County,﻿Oroville,﻿Oroville,﻿CA,﻿CA,39.5133153,-121.55770859999998,﻿gra.ca.0001,,﻿attended from Marysville,,,,,,,,,,,,1865,﻿VAMarysvilleCalifornia,VAMarysvilleCalifornia
﻿gra.ca.0067,﻿church,not recorded,English,,,,﻿Yuba County,﻿Yuba County,﻿Smartsville,﻿Smartsville,﻿CA,﻿CA,39.2077473,-121.2988335,﻿gra.ca.0001,,﻿attended from Marysville,,,,,,,,,,,,1865,﻿VAMarysvilleCalifornia,VAMarysvilleCalifornia
﻿gra.ca.0018,﻿church,not recorded,English,,,,﻿Colusi County,﻿Colusa County,﻿Colusi,﻿Colusa,﻿CA,﻿CA,39.2143343,-122.0094175,﻿gra.ca.0001,,﻿visited from Marysville,,,,,,,,,,,,1865,﻿VAMarysvilleCalifornia,VAMarysvilleCalifornia
﻿gra.ca.0029,﻿church,not recorded,English,,,,﻿Yuba County,﻿Yuba County,﻿Foster's Bar,,﻿CA,﻿CA,39.2547027,-121.39989950000002,﻿gra.ca.0001,,﻿attended from Marysville,,,,,,,,,,,,1865,﻿VAMarysvilleCalifornia,VAMarysvilleCalifornia
﻿gra.ca.0043,﻿church,not recorded,English,,,,﻿Yuba County,,﻿Johnston's Crossing of Bear River,,﻿CA,﻿CA,38.99292202,-121.45697620000001,﻿gra.ca.0001,,﻿attended from Marysville,,,,,,,,,,,,1865,﻿VAMarysvilleCalifornia,VAMarysvilleCalifornia
﻿gra.ca.0119,﻿church,not recorded,English,,,,,,﻿Long Bar,﻿Long Bar,﻿CA,﻿CA,38.99292202,-121.45697620000001,,,﻿attended from Marysville,,,,,,,,,,,,1865,﻿VAMarysvilleCalifornia,VAMarysvilleCalifornia
﻿gra.ca.0007,﻿church,not recorded,English,,,,﻿Yuba County,﻿Yuba County,﻿Brown's Valley,﻿Browns Valley,﻿CA,﻿CA,39.2421139,-121.40912970000001,﻿gra.ca.0001,,﻿attended from Marysville,,,,,,,,,,,,1865,﻿VAMarysvilleCalifornia,VAMarysvilleCalifornia
﻿gra.ca.0101,﻿church,﻿St. Mary of the Mountain,English,,,,﻿Storey County,﻿Storey County,﻿Virginia City,﻿Virginia City,﻿NV,﻿NV,39.3095135,-119.64997930000001,,,,,,﻿pat_manogue_001,﻿Rev.,﻿P. Manogue,,﻿pastor,,,,,1865,﻿VAMarysvilleCalifornia,VAMarysvilleCalifornia
﻿gra.ca.0120,﻿church,﻿Immaculate Conception,English,,,,,,﻿Virginia City,﻿Virginia City,﻿NV,﻿NV,39.3095135,-119.64997930000001,,,,,,﻿pet_magagnotto_001,﻿Very. Rev.,﻿Peter Magagnotto,,﻿pastor,,,,,1865,﻿VAMarysvilleCalifornia,VAMarysvilleCalifornia
﻿gra.ca.0072,﻿church,not recorded,English,,,,﻿Humboldt County,﻿Humboldt County,﻿Table Bluff,﻿Table Bluff,﻿NV,﻿CA,40.658183799999996,-124.21644640000001,,,﻿attended by Rev. P. O'Reilly,,,,,,,,,,,,1865,﻿VAMarysvilleCalifornia,VAMarysvilleCalifornia
﻿gra.ca.0074,﻿church,not recorded,English,,,,﻿Trinity County,﻿Trinity County,﻿Trinity Centre,﻿Trinity Center,﻿NV,﻿CA,40.9850816,-122.7059008,,,﻿attended by Rev. P. O'Reilly,,,,,,,,,,,,1865,﻿VAMarysvilleCalifornia,VAMarysvilleCalifornia
﻿gra.ca.0061,﻿church,not recorded,English,,,,﻿Shasta County,﻿Tehama County,﻿Red Bluff,﻿Red Bluff,﻿NV,﻿CA,40.1784886,-122.23583020000001,,,﻿attended by Rev. P. O'Reilly,,,,,,,﻿pastor,,,,,1865,﻿VAMarysvilleCalifornia,VAMarysvilleCalifornia
﻿gra.ca.0121,﻿church,not recorded,English,,,,﻿Tehama County,,,,﻿NV,﻿CA,40.1784886,-122.23583020000001,,,﻿attended by Rev. P. O'Reilly,,,,,,,,,,,,1865,﻿VAMarysvilleCalifornia,VAMarysvilleCalifornia
﻿gra.ca.0003,﻿church,not recorded,English,,,,﻿Sierra County,﻿Sierra County,﻿Alleghany Town,﻿Alleghany,﻿NV,﻿CA,39.4692306,-120.8429926,,,,,,﻿b_p_morris_001,﻿Rev.,﻿B. P. Morris,,﻿pastor,,,,,1865,﻿VAMarysvilleCalifornia,VAMarysvilleCalifornia
﻿gra.ca.0021,﻿church,﻿Immaculate Conception,English,,,,﻿Sierra County,﻿Sierra County,,﻿Downieville,﻿NV,﻿CA,39.5595198,-120.8276966,,,,,,﻿b_p_morris_001,﻿Rev.,﻿B. P. Morris,,﻿pastor,,,,,1865,﻿VAMarysvilleCalifornia,VAMarysvilleCalifornia
﻿gra.ca.0026,﻿church,not recorded,English,,,,﻿Sierra County,﻿Sierra County,,﻿Forest,﻿NV,﻿CA,39.490349,-120.849228,,,,,,﻿b_p_morris_001,﻿Rev.,﻿B. P. Morris,,﻿pastor,,,,,1865,﻿VAMarysvilleCalifornia,VAMarysvilleCalifornia
﻿gra.ca.0033,﻿church,not recorded,English,,,,﻿Sierra County,﻿Sierra County,,﻿Goodyear's Bar,﻿NV,﻿CA,39.5421637,-120.88566850000001,,,,,,﻿b_p_morris_001,﻿Rev.,﻿B. P. Morris,,﻿pastor,,,,,1865,﻿VAMarysvilleCalifornia,VAMarysvilleCalifornia
﻿gra.ca.0040,﻿church,not recorded,English,,,,﻿Sierra County,﻿Sierra County,,,﻿NV,﻿CA,39.714894,-120.8866165,,,,,,﻿b_p_morris_001,﻿Rev.,﻿B. P. Morris,,﻿pastor,,,,,1865,﻿VAMarysvilleCalifornia,VAMarysvilleCalifornia
﻿gra.ca.0051,﻿church,not recorded,English,,,,﻿Sierra County,,,,﻿NV,﻿CA,39.5532845,-120.2512728,,,,,,﻿b_p_morris_001,﻿Rev.,﻿B. P. Morris,,﻿pastor,,,,,1865,﻿VAMarysvilleCalifornia,VAMarysvilleCalifornia
﻿gra.ca.0058,﻿church,not recorded,English,,,,﻿Sierra County,﻿Sierra County,,﻿Poker Flat,﻿NV,﻿CA,39.6932282,-120.8455034,,,,,,﻿b_p_morris_001,﻿Rev.,﻿B. P. Morris,,﻿pastor,,,,,1865,﻿VAMarysvilleCalifornia,VAMarysvilleCalifornia
﻿gra.ca.0059,﻿church,not recorded,English,,,,﻿Sierra County,﻿Sierra County,,,﻿NV,﻿CA,39.5532845,-120.2512728,,,,,,﻿b_p_morris_001,﻿Rev.,﻿B. P. Morris,,﻿pastor,,,,,1865,﻿VAMarysvilleCalifornia,VAMarysvilleCalifornia
﻿gra.ca.0117,﻿church,not recorded,English,,,,﻿Sierra County,﻿Sierra County,,﻿Rabbit Creek,﻿NV,﻿CA,39.5532845,-120.2512728,,,,,,﻿b_p_morris_001,﻿Rev.,﻿B. P. Morris,,﻿pastor,,,,,1865,﻿VAMarysvilleCalifornia,VAMarysvilleCalifornia
﻿gra.ca.0069,﻿church,not recorded,English,,,,﻿Sierra County,﻿Sierra County,,,﻿NV,﻿CA,39.6985046,-120.9249514,,,,,,﻿b_p_morris_001,﻿Rev.,﻿B. P. Morris,,﻿pastor,,,,,1865,﻿VAMarysvilleCalifornia,VAMarysvilleCalifornia
﻿gra.ca.0077,﻿church,not recorded,English,,,,﻿Sierra County,﻿Sierra County,,﻿Whiskey Diggings,﻿NV,﻿CA,39.7529495,-120.8816166,,,,,,﻿b_p_morris_001,﻿Rev.,﻿B. P. Morris,,﻿pastor,,,,,1865,﻿VAMarysvilleCalifornia,VAMarysvilleCalifornia
﻿gra.ca.0021,﻿church,not recorded,English,,,,﻿Sierra County,﻿Sierra County,﻿Downieville,﻿Downieville,﻿NV,﻿CA,39.7529495,-120.8816166,,,,,,﻿b_p_morris_001,﻿Rev.,﻿B. P. Morris,,﻿pastor,,,,,1865,﻿VAMarysvilleCalifornia,VAMarysvilleCalifornia
﻿gra.ca.0027,﻿church,not recorded,English,,,,﻿Placer County,﻿Placer County,﻿Forest Hill,﻿Foresthill,﻿NV,﻿CA,39.0201768,-120.81798909999998,,,﻿attended by Rev. B. P. Morris,,,,,,,,,,,,1865,﻿VAMarysvilleCalifornia,VAMarysvilleCalifornia
﻿gra.ca.0003,﻿church,not recorded,English,,,,﻿Sierra County,﻿Sierra County,﻿Alleghany Town,﻿Alleghany Town,﻿NV,﻿CA,39.0201768,-120.81798909999998,,,﻿attended by Rev. B. P. Morris,,,,,,,,,,,,1865,﻿VAMarysvilleCalifornia,VAMarysvilleCalifornia
﻿gra.ca.0122,﻿church,not recorded,English,,,,,,﻿La Porte,﻿La Porte,﻿NV,﻿CA,39.0201768,-120.81798909999998,,,﻿attended by Rev. B. P. Morris,,,,,,,,,,,,1865,﻿VAMarysvilleCalifornia,VAMarysvilleCalifornia
﻿gra.ca.0035,﻿church,not recorded,English,,,,﻿Nevada County,﻿Nevada County,﻿Grass Valley,﻿Grass Valley,﻿NV,﻿CA,39.2136657,-121.0733512,,,,,,﻿joh_griffin_001,﻿Rev.,﻿John Griffin,,﻿pastor,,,,,1865,﻿VAMarysvilleCalifornia,VAMarysvilleCalifornia
﻿gra.ca.0006,﻿church,not recorded,English,,,,﻿Nevada County,﻿Nevada County,,﻿Birchville,﻿NV,﻿CA,39.326896999999995,-121.142769,,,,,,﻿joh_griffin_001,﻿Rev.,﻿John Griffin,,,,,,,1865,﻿VAMarysvilleCalifornia,VAMarysvilleCalifornia
﻿gra.ca.0013,﻿church,not recorded,English,,,,﻿Nevada County,﻿Nevada County,,﻿Cherokee,﻿NV,﻿CA,39.37028,-121.04194,,,,,,﻿joh_griffin_001,﻿Rev.,﻿John Griffin,,,,,,,1865,﻿VAMarysvilleCalifornia,VAMarysvilleCalifornia
﻿gra.ca.0016,﻿church,not recorded,English,,,,﻿Nevada County,﻿Washoe County,,,﻿NV,﻿NV,40.560838700000005,-119.60354950000001,,,,,,﻿joh_griffin_001,﻿Rev.,﻿John Griffin,,,,,,,1865,﻿VAMarysvilleCalifornia,VAMarysvilleCalifornia
﻿gra.ca.0024,﻿church,not recorded,English,,,,﻿Nevada County,,,,﻿NV,﻿CA,39.382019899999996,-120.658588,,,,,,﻿joh_griffin_001,﻿Rev.,﻿John Griffin,,,,,,,1865,﻿VAMarysvilleCalifornia,VAMarysvilleCalifornia
﻿gra.ca.0030,﻿church,not recorded,English,,,,﻿Nevada County,﻿Nevada County,,﻿French Corral,﻿NV,﻿CA,39.306003499999996,-121.16134450000001,,,,,,﻿joh_griffin_001,﻿Rev.,﻿John Griffin,,,,,,,1865,﻿VAMarysvilleCalifornia,VAMarysvilleCalifornia
﻿gra.ca.0032,﻿church,not recorded,English,,,,﻿Nevada County,,,,﻿NV,﻿CA,39.1346666,-121.1710389,,,,,,﻿joh_griffin_001,﻿Rev.,﻿John Griffin,,,,,,,1865,﻿VAMarysvilleCalifornia,VAMarysvilleCalifornia
﻿gra.ca.0035,﻿church,not recorded,English,,,,﻿Nevada County,﻿Nevada County,﻿Grass Valley,﻿Grass Valley,﻿NV,﻿CA,39.2136657,-121.0733512,,,,,,﻿joh_griffin_001,﻿Rev.,﻿John Griffin,,﻿pastor,,,,,1865,﻿VAMarysvilleCalifornia,VAMarysvilleCalifornia
﻿gra.ca.0047,﻿church,not recorded,English,,,,﻿Nevada County,,,﻿found on map,﻿NV,﻿CA,39.1346666,-121.1710389,,,,,,﻿joh_griffin_001,﻿Rev.,﻿John Griffin,,,,,,,1865,﻿VAMarysvilleCalifornia,VAMarysvilleCalifornia
﻿gra.ca.0050,﻿church,not recorded,English,,,,﻿Nevada County,﻿Nevada County,,﻿Moores Flat,﻿NV,﻿CA,39.4191667,-120.85083329999999,,,,,,﻿joh_griffin_001,﻿Rev.,﻿John Griffin,,,,,,,1865,﻿VAMarysvilleCalifornia,VAMarysvilleCalifornia
﻿gra.ca.0053,﻿church,not recorded,English,,,,﻿Nevada County,﻿Nevada County,,﻿Nevada City,﻿NV,﻿CA,39.2615606,-121.0160594,,,,,,﻿joh_griffin_001,﻿Rev.,﻿John Griffin,,,,,,,1865,﻿VAMarysvilleCalifornia,VAMarysvilleCalifornia
﻿gra.ca.0054,﻿church,not recorded,English,,,,﻿Nevada County,﻿Nevada County,,﻿North San Juan,﻿NV,﻿CA,39.3700973,-121.1038655,,,,,,﻿joh_griffin_001,﻿Rev.,﻿John Griffin,,,,,,,1865,﻿VAMarysvilleCalifornia,VAMarysvilleCalifornia
﻿gra.ca.0055,﻿church,not recorded,English,,,,﻿Nevada County,﻿Nevada County,,﻿Omega,﻿NV,﻿CA,39.3333299,-120.74833000000001,,,,,,﻿joh_griffin_001,﻿Rev.,﻿John Griffin,,,,,,,1865,﻿VAMarysvilleCalifornia,VAMarysvilleCalifornia
﻿gra.ca.0060,﻿church,not recorded,English,,,,﻿Nevada County,﻿Nevada County,,﻿Red Dog,﻿NV,﻿CA,39.2165633,-120.89938659999999,,,,,,﻿joh_griffin_001,﻿Rev.,﻿John Griffin,,,,,,,1865,﻿VAMarysvilleCalifornia,VAMarysvilleCalifornia
﻿gra.ca.0064,﻿church,not recorded,English,,,,﻿Nevada County,﻿Nevada County,,﻿Rough and Ready,﻿NV,﻿CA,39.2301507,-121.136075,,,,,,﻿joh_griffin_001,﻿Rev.,﻿John Griffin,,,,,,,1865,﻿VAMarysvilleCalifornia,VAMarysvilleCalifornia
﻿gra.ca.0075,﻿church,not recorded,English,,,,﻿Nevada County,﻿Nevada County,,﻿Washington,﻿NV,﻿CA,39.3590873,-120.7999351,,,,,,﻿joh_griffin_001,﻿Rev.,﻿John Griffin,,,,,,,1865,﻿VAMarysvilleCalifornia,VAMarysvilleCalifornia
﻿gra.ca.0019,﻿station,not recorded,English,,,,﻿Del Norte County,﻿Del Norte County,,﻿Crescent City,﻿NV,﻿CA,41.7557501,-124.2025913,,,,,,,,,,,,,,,1865,﻿VAMarysvilleCalifornia,VAMarysvilleCalifornia
﻿gra.ca.0123,﻿church,not recorded,English,,,,﻿Tlamath County,﻿Tlamath County,﻿Paradise,﻿Paradise,﻿NV,﻿CA,34.0577215,-118.24499479999999,,,,,,﻿flo_schweninger_001,﻿Rev.,﻿Florian Schweninger,﻿O.S.B.,﻿pastor,,,,,1865,﻿VAMarysvilleCalifornia,VAMarysvilleCalifornia
﻿gra.ca.0019,﻿station,not recorded,English,,,,﻿Del Norte County,﻿Del Norte County,,﻿Crescent City,﻿CA,﻿CA,41.7557501,-124.2025913,,,﻿visited by Rev. Florian Schweninger O.S.B.,,,,,,,,,,,,1865,﻿VAMarysvilleCalifornia,VAMarysvilleCalifornia
﻿gra.ca.0124,﻿station,not recorded,English,,,,﻿Siskiyou County,﻿Siskiyou County,,,﻿NV,,41.7557501,-124.2025913,,,﻿visited by Rev. Florian Schweninger O.S.B.,,,,,,,,,,,,1865,﻿VAMarysvilleCalifornia,VAMarysvilleCalifornia
﻿gra.ca.0009,﻿station,not recorded,English,,,,﻿Siskiyou County,﻿Siskiyou County,,﻿Callahan,﻿NV,﻿CA,41.309588399999996,-122.80141770000002,,,﻿visited by Rev. Florian Schweninger O.S.B.,,,,,,,,,,,,1865,﻿VAMarysvilleCalifornia,VAMarysvilleCalifornia
﻿gra.ca.0028,﻿station,not recorded,English,,,,﻿Siskiyou County,﻿Siskiyou County,,﻿Fort Jones,﻿NV,﻿CA,41.6076387,-122.84030990000002,,,﻿visited by Rev. Florian Schweninger O.S.B.,,,,,,,,,,,,1865,﻿VAMarysvilleCalifornia,VAMarysvilleCalifornia
﻿gra.ca.0079,﻿station,not recorded,English,,,,﻿Siskiyou County,﻿Siskiyou County,,﻿Yreka,﻿NV,﻿CA,41.7296227,-122.64351940000002,,,﻿visited by Rev. Florian Schweninger O.S.B.,,,﻿pat_farrelly_001,﻿Rev.,﻿Patrick Farrelly,,﻿pastor,,,,,1865,﻿VAMarysvilleCalifornia,VAMarysvilleCalifornia
﻿gra.ca.0105,﻿convent,﻿Convent of the Sisters of Notre Dame,English,,,,,,﻿Marysville,﻿Marysville,,﻿CA,39.145725299999995,-121.5913547,,,,,,,﻿Sister,﻿Mary Bernard Weber,,﻿Superior,,﻿sister,﻿15 Sisters,,1865,﻿VAMarysvilleCalifornia,VAMarysvilleCalifornia
﻿gra.ca.0106,﻿convent,﻿Convent of the Sisters of Mercy,English,,,,,,﻿Grass Valley,﻿Grass Valley,,﻿CA,39.219060799999994,-121.06106059999999,,,,,,,﻿Sister,﻿Mary Baptist,,﻿Superior,,﻿sister,﻿8 Sisters,,1865,﻿VAMarysvilleCalifornia,VAMarysvilleCalifornia
﻿gra.ca.0107,﻿convent,﻿Convent of the Sisters of Charity,English,,,,,,﻿Virginia City,﻿Virginia City,,﻿NV,39.3095135,-119.64997930000001,,,,,,,﻿Sister,﻿Frederica,,﻿Superior,,﻿sister,﻿5 Sisters,,1865,﻿VAMarysvilleCalifornia,VAMarysvilleCalifornia
﻿gra.ca.0108,﻿academy,﻿Academy of Notre Dame,English,﻿For young ladies.,,,,,﻿Marysville,﻿Marysville,,﻿CA,39.1428377,-121.58762890000001,,,,,,,,,,,,﻿student,﻿35 pupils,﻿Directed by the Sisters of Notre Dame.,1865,﻿VAMarysvilleCalifornia,VAMarysvilleCalifornia
﻿gra.ca.0109,﻿school,﻿School for girls,English,﻿For girls.,,,,,﻿Marysville,﻿Marysville,,﻿CA,39.145725299999995,-121.5913547,,,,,,,,,,,,﻿student,﻿81 day scholars,﻿Conducted by the Sisters of Notre Dame.,1865,﻿VAMarysvilleCalifornia,VAMarysvilleCalifornia
﻿gra.ca.0109,﻿school,﻿School for girls,English,﻿For girls.,,,,,﻿Marysville,﻿Marysville,,,39.145725299999995,-121.5913547,,,,,,,,,,,,﻿student,﻿69 free scholars,﻿Conducted by the Sisters of Notre Dame.,1865,﻿VAMarysvilleCalifornia,VAMarysvilleCalifornia
﻿gra.ca.0110,﻿school,"﻿School for boys, at the St. Joseph's Church",English,﻿For boys,﻿the St. Joseph's Church,,,,﻿Marysville,﻿Marysville,,﻿CA,39.1429134,-121.58828179999999,,,,,,,,,,,,﻿student,﻿About 90 scholars,,1865,﻿VAMarysvilleCalifornia,VAMarysvilleCalifornia
﻿gra.ca.0111,﻿school,﻿School for girls and small boys,English,﻿For girls and small boys.,,,,,﻿Grass Valley,﻿Grass Valley,,﻿CA,39.219060799999994,-121.06106059999999,,,,,,,,,,,,﻿student,﻿150 scholars,﻿Conducted by the Sisters of Mercy.,1865,﻿VAMarysvilleCalifornia,VAMarysvilleCalifornia
﻿gra.ca.0112,﻿school,﻿Catholic school,English,﻿Conducted by,,,,,﻿Forest Hill,﻿Foresthill,,﻿CA,39.0201768,-120.81798909999998,,,,,,﻿nealan_001,﻿Mr.,﻿Nealan,﻿M.A.,,,,,,1865,﻿VAMarysvilleCalifornia,VAMarysvilleCalifornia
﻿gra.ca.0113,﻿school,﻿School for girls,English,﻿For girls.,,,,,﻿Virginia City,﻿Virginia City,,﻿NV,39.3095135,-119.64997930000001,,,,,,,,,,,,﻿student,﻿150 scholars,﻿Conducted by the Sisters of Charity.,1865,﻿VAMarysvilleCalifornia,VAMarysvilleCalifornia
﻿gra.ca.0114,﻿school,﻿St. Mary's School for Boys,English,﻿For boys,,,,,﻿Virginia City,﻿Virginia City,,﻿NV,39.3095135,-119.64997930000001,,,,,,,,,,,,﻿student,﻿50 scholars,,1865,﻿VAMarysvilleCalifornia,VAMarysvilleCalifornia
﻿gra.ca.0115,﻿asylum,﻿Orphan asylum,English,"﻿This Institution, just commenced, consists of a substanial and fine building, erected at a cost of $30,000",,,,,﻿Grass Valley,﻿Grass Valley,,﻿CA,39.219060799999994,-121.06106059999999,,,,,,,,,,,,,,﻿Under the care of the Sisters of Mercy,1865,﻿VAMarysvilleCalifornia,VAMarysvilleCalifornia
﻿gra.ca.0118,﻿asylum,﻿Orphan asylum,English,,,,,,﻿Virginia City,﻿Virginia City,,﻿NV,39.3095135,-119.64997930000001,,,,,,,,,,,,,,﻿Under the care of the Sister of Charity,1865,﻿VAMarysvilleCalifornia,VAMarysvilleCalifornia
